{"type":"FeatureCollection","features":[{"type":"Feature","properties":{"classification":"outside-supported-us-boundary"},"geometry":{"type":"MultiPolygon","coordinates":[[[[-179.999,-85],[179.999,-85],[179.999,85],[-179.999,85],[-179.999,-85]],[[-179.1473,51.2768],[-179.1372,51.286],[-179.1135,51.3008],[-179.0947,51.3012],[-179.0755,51.2846],[-179.0692,51.2629],[-179.0723,51.251],[-179.0976,51.2261],[-179.1269,51.2199],[-179.1362,51.2292],[-179.1473,51.2768]],[[-178.9921,51.3813],[-178.9778,51.3989],[-178.9643,51.4025],[-178.9269,51.3836],[-178.9142,51.364],[-178.9089,51.3406],[-178.9543,51.3392],[-178.9545,51.3327],[-178.9652,51.3227],[-178.9792,51.3144],[-178.9872,51.311],[-178.9907,51.3116],[-178.9921,51.3813]],[[-178.873,51.7826],[-178.8701,51.7953],[-178.8582,51.821],[-178.8286,51.8361],[-178.8195,51.8396],[-178.8112,51.839],[-178.7885,51.8326],[-178.7677,51.8232],[-178.7483,51.8099],[-178.7334,51.7839],[-178.7504,51.7578],[-178.7767,51.7486],[-178.7924,51.7461],[-178.8082,51.7471],[-178.8158,51.7492],[-178.873,51.7826]],[[-178.8574,51.5728],[-178.8574,51.5766],[-178.8288,51.5756],[-178.7612,51.5623],[-178.7355,51.5509],[-178.7346,51.5423],[-178.7965,51.5414],[-178.826,51.5471],[-178.8574,51.5728]],[[-178.6841,51.6023],[-178.6813,51.609],[-178.6385,51.6118],[-178.6185,51.6099],[-178.5975,51.6032],[-178.5766,51.6061],[-178.5671,51.5985],[-178.5766,51.5833],[-178.5918,51.5833],[-178.6213,51.589],[-178.6423,51.5861],[-178.6737,51.589],[-178.6841,51.6023]],[[-178.2278,51.8735],[-178.2246,51.8807],[-178.2207,51.8848],[-178.1971,51.9055],[-178.175,51.9116],[-178.1453,51.9172],[-178.1248,51.9201],[-178.0906,51.9194],[-178.0705,51.9174],[-178.0611,51.9125],[-178.0023,51.91],[-177.9637,51.9179],[-177.9521,51.9153],[-177.9133,51.8797],[-177.9243,51.8575],[-177.9216,51.8539],[-177.875,51.8498],[-177.8598,51.8269],[-177.8523,51.826],[-177.7965,51.8406],[-177.7596,51.8312],[-177.7349,51.8259],[-177.6917,51.844],[-177.6153,51.8551],[-177.6145,51.853],[-177.625,51.8375],[-177.6492,51.8207],[-177.6856,51.8127],[-177.6921,51.8139],[-177.7359,51.808],[-177.7977,51.7933],[-177.8006,51.7783],[-177.7963,51.7708],[-177.8139,51.7543],[-177.8423,51.7325],[-177.8424,51.7226],[-177.8381,51.7172],[-177.8275,51.7121],[-177.827,51.706],[-177.8414,51.6896],[-177.8563,51.681],[-177.868,51.6794],[-177.8768,51.6814],[-177.8878,51.6895],[-177.8994,51.6926],[-177.9027,51.6916],[-177.9188,51.6744],[-177.9289,51.6554],[-177.929,51.6505],[-177.9256,51.6425],[-177.9154,51.6307],[-177.9031,51.6065],[-177.9061,51.5977],[-177.9092,51.5967],[-177.9301,51.6015],[-177.945,51.6115],[-177.9507,51.62],[-177.953,51.6382],[-177.9574,51.6471],[-177.9639,51.6502],[-178.013,51.6292],[-178.0698,51.6707],[-178.0863,51.6636],[-178.1094,51.6705],[-178.1179,51.6778],[-178.1043,51.7015],[-178.0218,51.7069],[-177.9624,51.7198],[-177.9564,51.7229],[-177.9478,51.7404],[-177.9466,51.7527],[-177.9503,51.7657],[-177.957,51.7725],[-177.965,51.7782],[-177.9953,51.7815],[-178.0393,51.7789],[-178.0593,51.7868],[-178.0806,51.7987],[-178.0861,51.808],[-178.1727,51.84],[-178.2151,51.8578],[-178.2241,51.8649],[-178.2278,51.8735]],[[-177.7078,51.7033],[-177.7053,51.7072],[-177.6977,51.7131],[-177.64,51.7361],[-177.5975,51.7265],[-177.5552,51.7211],[-177.537,51.7215],[-177.5156,51.725],[-177.498,51.7386],[-177.4612,51.7507],[-177.2815,51.7841],[-177.2382,51.7985],[-177.2119,51.8123],[-177.2057,51.8206],[-177.2008,51.8446],[-177.1991,51.8831],[-177.1998,51.9248],[-177.1975,51.9313],[-177.1914,51.938],[-177.1813,51.9432],[-177.1548,51.9444],[-177.0993,51.9361],[-177.0548,51.9089],[-177.0451,51.8986],[-177.081,51.8555],[-177.1204,51.8397],[-177.1286,51.8338],[-177.137,51.8145],[-177.131,51.7628],[-177.1206,51.7398],[-177.1228,51.7294],[-177.1457,51.7073],[-177.2616,51.6808],[-177.2751,51.6805],[-177.2964,51.6842],[-177.3165,51.6904],[-177.3179,51.6934],[-177.3179,51.6969],[-177.3164,51.7008],[-177.323,51.7114],[-177.3428,51.7214],[-177.3604,51.7275],[-177.3908,51.7335],[-177.4177,51.7309],[-177.4447,51.7254],[-177.4636,51.7139],[-177.49,51.7051],[-177.5404,51.6988],[-177.571,51.6982],[-177.6081,51.7052],[-177.6168,51.704],[-177.6315,51.6968],[-177.6405,51.6721],[-177.6359,51.6595],[-177.6514,51.6536],[-177.671,51.664],[-177.7078,51.7033]],[[-177.4792,51.898],[-177.4649,51.9135],[-177.4468,51.9274],[-177.4181,51.9213],[-177.4101,51.8991],[-177.429,51.8883],[-177.459,51.8842],[-177.4792,51.898]],[[-176.9913,51.6291],[-176.9845,51.6574],[-176.9762,51.6664],[-176.9501,51.6867],[-176.9309,51.6972],[-176.9069,51.6966],[-176.897,51.7004],[-176.8739,51.7241],[-176.871,51.7294],[-176.8707,51.732],[-176.882,51.7666],[-176.905,51.7715],[-176.9181,51.788],[-176.9171,51.797],[-176.911,51.8076],[-176.9043,51.8118],[-176.8562,51.8184],[-176.7902,51.8172],[-176.7625,51.8679],[-176.7978,51.9085],[-176.8104,51.9271],[-176.7896,51.9572],[-176.774,51.9659],[-176.7365,51.9698],[-176.7208,51.9695],[-176.6988,51.9645],[-176.6565,51.9523],[-176.6305,51.9704],[-176.6272,51.9783],[-176.6036,51.9971],[-176.59,52.0027],[-176.58,52.0032],[-176.5606,51.9967],[-176.5544,51.9907],[-176.5449,51.9272],[-176.5547,51.9098],[-176.5584,51.9087],[-176.5663,51.9147],[-176.6161,51.903],[-176.62,51.8956],[-176.6235,51.8832],[-176.6255,51.8598],[-176.5764,51.8423],[-176.5433,51.8386],[-176.5176,51.8396],[-176.508,51.846],[-176.3981,51.8678],[-176.3116,51.8725],[-176.2907,51.8721],[-176.2872,51.8703],[-176.2817,51.8639],[-176.2665,51.8177],[-176.2682,51.7855],[-176.2738,51.772],[-176.2899,51.7417],[-176.3438,51.7315],[-176.4255,51.7398],[-176.4671,51.7267],[-176.4741,51.7472],[-176.5082,51.7297],[-176.5208,51.7028],[-176.5829,51.6918],[-176.6316,51.6572],[-176.656,51.6583],[-176.6672,51.6758],[-176.7027,51.6854],[-176.7131,51.6833],[-176.7359,51.6622],[-176.7223,51.6458],[-176.7154,51.6204],[-176.7518,51.635],[-176.8017,51.6135],[-176.809,51.6162],[-176.8237,51.634],[-176.8263,51.6409],[-176.8144,51.6603],[-176.8375,51.6827],[-176.8631,51.6849],[-176.9032,51.6356],[-176.931,51.5925],[-176.9389,51.591],[-176.9541,51.5926],[-176.9843,51.6021],[-176.9874,51.6069],[-176.9913,51.6291]],[[-176.2362,51.826],[-176.2175,51.8746],[-176.2061,51.8831],[-176.1739,51.8824],[-176.1698,51.8801],[-176.1688,51.8773],[-176.1611,51.8697],[-176.1409,51.8596],[-176.0991,51.8555],[-176.0804,51.8586],[-176.0722,51.8679],[-176.0734,51.8703],[-176.0789,51.8748],[-176.1155,51.887],[-176.1115,51.8897],[-176.0653,51.903],[-176.0202,51.9114],[-175.9927,51.9127],[-175.985,51.9084],[-175.9716,51.8886],[-175.9575,51.8935],[-175.9533,51.8814],[-175.9543,51.8684],[-175.963,51.8463],[-175.9837,51.8524],[-176.0479,51.8463],[-176.0165,51.8305],[-175.9985,51.8015],[-176.0237,51.8046],[-176.0537,51.8168],[-176.1021,51.8259],[-176.095,51.7916],[-176.124,51.8027],[-176.1396,51.8024],[-176.1406,51.7836],[-176.1582,51.7689],[-176.1865,51.7885],[-176.1831,51.8071],[-176.217,51.8127],[-176.2355,51.8232],[-176.2362,51.826]],[[-176.2112,52.0647],[-176.2003,52.0787],[-176.1825,52.1007],[-176.1495,52.1176],[-176.0919,52.1105],[-176.056,52.1095],[-176.0365,52.0865],[-176.0069,52.0744],[-176.0087,52.0532],[-175.9749,52.041],[-175.9815,52.0283],[-176.0016,52.0266],[-176.0203,52.0177],[-176.0447,52.0083],[-176.0358,51.9949],[-176.0229,51.9824],[-175.9939,51.9601],[-176.0029,51.9452],[-176.0266,51.9347],[-176.0383,51.9305],[-176.1036,51.9291],[-176.1686,51.948],[-176.1566,51.9968],[-176.183,51.9989],[-176.1896,52.0254],[-176.2112,52.0647]],[[-175.9544,51.983],[-175.9125,51.9954],[-175.8145,51.9944],[-175.8078,51.9897],[-175.7945,51.9583],[-175.785,51.9392],[-175.7603,51.9249],[-175.7603,51.9173],[-175.8155,51.9211],[-175.864,51.944],[-175.8783,51.964],[-175.9487,51.9754],[-175.9544,51.983]],[[-175.7453,51.9468],[-175.7424,51.9666],[-175.7242,51.975],[-175.6705,51.9728],[-175.6181,51.9715],[-175.581,51.9725],[-175.5784,51.9638],[-175.5776,51.9496],[-175.5985,51.9475],[-175.644,51.9526],[-175.6923,51.945],[-175.7228,51.9318],[-175.7453,51.9468]],[[-175.5399,52.1834],[-175.5157,52.1922],[-175.4973,52.1808],[-175.4838,52.1676],[-175.4987,52.1554],[-175.523,52.1565],[-175.5389,52.1713],[-175.5399,52.1834]],[[-175.5099,51.9824],[-175.4811,51.9894],[-175.4504,51.9967],[-175.4281,51.9903],[-175.4249,51.9723],[-175.4634,51.97],[-175.5043,51.9685],[-175.5099,51.9824]],[[-175.3416,52.0216],[-175.3271,52.027],[-175.1959,52.0514],[-175.1567,52.0576],[-175.1326,52.0592],[-175.1171,52.0545],[-175.1177,52.0532],[-175.1137,52.0463],[-175.0929,52.0348],[-175.0443,52.0575],[-175.0332,52.0762],[-175.0002,52.0779],[-174.9923,52.0586],[-174.9805,52.0615],[-174.9622,52.082],[-174.9223,52.0916],[-174.9275,52.1014],[-174.92,52.1093],[-174.9054,52.1165],[-174.8785,52.1026],[-174.8431,52.1028],[-174.8397,52.0913],[-174.7868,52.0913],[-174.7442,52.0984],[-174.7511,52.1174],[-174.7152,52.1274],[-174.6917,52.1067],[-174.6563,52.108],[-174.6049,52.1221],[-174.5978,52.1414],[-174.5684,52.1384],[-174.5571,52.1536],[-174.5547,52.1604],[-174.5648,52.175],[-174.5535,52.1801],[-174.5271,52.1747],[-174.4969,52.1792],[-174.4652,52.1807],[-174.4557,52.1768],[-174.4241,52.1691],[-174.4153,52.1694],[-174.4046,52.1813],[-174.4055,52.1836],[-174.4578,52.2028],[-174.463,52.213],[-174.4537,52.2188],[-174.4001,52.2191],[-174.3606,52.213],[-174.3286,52.2116],[-174.299,52.2147],[-174.2498,52.2437],[-174.2558,52.2742],[-174.3018,52.2789],[-174.3235,52.284],[-174.3461,52.285],[-174.3494,52.2813],[-174.3688,52.2804],[-174.4083,52.2899],[-174.4516,52.3056],[-174.456,52.3137],[-174.4537,52.3194],[-174.4431,52.3257],[-174.4328,52.328],[-174.3842,52.3211],[-174.367,52.3141],[-174.3586,52.3142],[-174.3407,52.3223],[-174.3311,52.3285],[-174.3177,52.3449],[-174.3208,52.3557],[-174.3305,52.3664],[-174.3298,52.3735],[-174.3249,52.3781],[-174.1853,52.4178],[-174.1558,52.416],[-174.0682,52.3903],[-174.0168,52.3485],[-173.9894,52.3253],[-173.9852,52.3176],[-173.9864,52.2986],[-173.9879,52.2953],[-174.0362,52.245],[-174.0605,52.2253],[-174.084,52.2237],[-174.1065,52.2284],[-174.1777,52.2336],[-174.1829,52.2328],[-174.1986,52.2192],[-174.2004,52.2119],[-174.1968,52.1959],[-174.1901,52.1903],[-174.175,52.1818],[-174.1352,52.1685],[-174.0902,52.1391],[-174.0828,52.1321],[-174.0807,52.128],[-174.0891,52.1073],[-174.0945,52.1043],[-174.1022,52.1045],[-174.1091,52.1131],[-174.1144,52.1171],[-174.1423,52.1255],[-174.1686,52.1107],[-174.2064,52.1166],[-174.2185,52.1049],[-174.2181,52.0934],[-174.2783,52.0895],[-174.3029,52.1113],[-174.3344,52.1152],[-174.3485,52.1092],[-174.3657,52.0972],[-174.3827,52.0817],[-174.415,52.0284],[-174.4537,52.0492],[-174.5078,52.055],[-174.5088,52.0486],[-174.5563,52.0367],[-174.5807,52.0405],[-174.5936,52.0452],[-174.6159,52.0327],[-174.7146,52.0099],[-174.7366,52.0073],[-174.7832,52.0323],[-174.8856,52.043],[-174.9679,52.0372],[-175.0008,52.0284],[-175.0147,52.0206],[-175.0148,52.007],[-175.0955,52.0008],[-175.1049,52.0035],[-175.1557,52.0115],[-175.2117,52.006],[-175.2749,52.0186],[-175.2928,52.0188],[-175.3006,52.015],[-175.3027,52.0115],[-175.3233,52.0075],[-175.3416,52.0216]],[[-174.0523,52.1304],[-174.0485,52.1329],[-174.0369,52.1359],[-173.9842,52.1279],[-173.9216,52.133],[-173.8746,52.1481],[-173.8907,52.1255],[-173.8309,52.1105],[-173.8241,52.1059],[-173.8183,52.1054],[-173.8023,52.1064],[-173.7716,52.1317],[-173.7213,52.1302],[-173.6544,52.1462],[-173.6248,52.1522],[-173.6024,52.1538],[-173.5906,52.1454],[-173.5573,52.1429],[-173.5299,52.1594],[-173.5138,52.1525],[-173.5349,52.1286],[-173.5142,52.1083],[-173.497,52.1036],[-173.4679,52.1164],[-173.3752,52.1082],[-173.3756,52.1063],[-173.3726,52.1028],[-173.3575,52.0961],[-173.2735,52.1093],[-173.2383,52.1004],[-173.1732,52.1091],[-173.1245,52.1094],[-173.1193,52.1076],[-173.1074,52.0993],[-173.0664,52.0963],[-173.0196,52.0979],[-172.9585,52.0936],[-172.9608,52.087],[-173.0332,52.0746],[-173.0475,52.0733],[-173.1079,52.0788],[-173.1556,52.0597],[-173.2068,52.0635],[-173.3137,52.0587],[-173.394,52.0287],[-173.4234,52.0423],[-173.4795,52.0262],[-173.513,52.0253],[-173.5484,52.0293],[-173.612,52.0511],[-173.7122,52.0562],[-173.7996,52.0536],[-173.817,52.0485],[-173.8207,52.0433],[-173.8316,52.0408],[-173.9011,52.0494],[-173.9372,52.0575],[-173.9356,52.0647],[-173.9713,52.0994],[-173.9923,52.1006],[-174.0019,52.0976],[-174.0113,52.0989],[-174.0351,52.113],[-174.0467,52.1224],[-174.0523,52.1304]],[[-173.1156,60.659],[-173.0908,60.6989],[-173.0746,60.7047],[-173.0632,60.6951],[-173.0594,60.6552],[-173.0413,60.6304],[-173.0451,60.6228],[-173.1156,60.659]],[[-173.0638,60.5026],[-173.045,60.5141],[-173.0488,60.5249],[-173.0479,60.5413],[-173.0407,60.5619],[-172.9939,60.5775],[-172.9511,60.6062],[-172.9126,60.6041],[-172.915,60.5834],[-172.9271,60.5692],[-172.9269,60.5545],[-172.9034,60.5317],[-172.8848,60.508],[-172.8428,60.484],[-172.8173,60.4766],[-172.7648,60.4474],[-172.7092,60.4296],[-172.6365,60.4079],[-172.5918,60.3935],[-172.5136,60.3811],[-172.4473,60.383],[-172.4244,60.3926],[-172.3809,60.3828],[-172.376,60.3743],[-172.3396,60.3562],[-172.2849,60.3343],[-172.2459,60.3204],[-172.2188,60.3117],[-172.2341,60.3076],[-172.2543,60.2974],[-172.294,60.2954],[-172.3089,60.312],[-172.326,60.3276],[-172.3859,60.3353],[-172.4458,60.3354],[-172.5095,60.3345],[-172.5775,60.3201],[-172.6056,60.3195],[-172.6303,60.3349],[-172.7032,60.3561],[-172.723,60.359],[-172.7596,60.3846],[-172.8202,60.4148],[-172.896,60.4506],[-172.9079,60.4542],[-172.9269,60.4689],[-172.9324,60.4764],[-172.9637,60.4796],[-172.9996,60.486],[-173.0365,60.4943],[-173.0557,60.4962],[-173.0638,60.5026]],[[-172.6332,52.2662],[-172.6203,52.2988],[-172.5742,52.3453],[-172.5681,52.3494],[-172.4746,52.3838],[-172.4482,52.3914],[-172.4052,52.3894],[-172.3264,52.3665],[-172.3114,52.3565],[-172.3024,52.3424],[-172.3014,52.33],[-172.3131,52.3207],[-172.4144,52.2767],[-172.5281,52.2543],[-172.6089,52.253],[-172.6168,52.2553],[-172.6332,52.2662]],[[-171.85,63.485],[-171.8404,63.5477],[-171.8337,63.5801],[-171.7919,63.6206],[-171.7571,63.6403],[-171.744,63.6549],[-171.7423,63.6655],[-171.7556,63.7012],[-171.7543,63.719],[-171.7399,63.7171],[-171.7332,63.7203],[-171.728,63.7268],[-171.7257,63.7347],[-171.728,63.7449],[-171.7374,63.7603],[-171.7434,63.783],[-171.7382,63.7847],[-171.6996,63.7817],[-171.6927,63.7826],[-171.6825,63.7876],[-171.6733,63.7881],[-171.6673,63.7856],[-171.6599,63.7758],[-171.644,63.7708],[-171.639,63.7592],[-171.6382,63.7495],[-171.6415,63.7456],[-171.6529,63.7392],[-171.6527,63.7366],[-171.6489,63.7349],[-171.6467,63.7294],[-171.6526,63.7085],[-171.6499,63.7025],[-171.64,63.6934],[-171.6322,63.6886],[-171.6094,63.6798],[-171.5219,63.6588],[-171.3817,63.6306],[-171.2026,63.6069],[-171.1036,63.5893],[-171.0445,63.5804],[-170.9508,63.5701],[-170.9072,63.5721],[-170.8976,63.5747],[-170.859,63.5875],[-170.8166,63.6063],[-170.6982,63.6468],[-170.6063,63.6727],[-170.4882,63.6967],[-170.4722,63.6987],[-170.4629,63.698],[-170.4411,63.692],[-170.3739,63.6873],[-170.3594,63.6873],[-170.3545,63.6919],[-170.3449,63.6942],[-170.3158,63.6919],[-170.282,63.685],[-170.2675,63.6758],[-170.2578,63.6666],[-170.1764,63.6255],[-170.1548,63.6191],[-170.14,63.6167],[-170.1131,63.6162],[-170.0958,63.6127],[-170.0767,63.588],[-170.0409,63.5234],[-170.0471,63.4901],[-170.027,63.4807],[-170.0079,63.4754],[-169.9749,63.4706],[-169.9063,63.4575],[-169.8571,63.442],[-169.7476,63.4328],[-169.6565,63.4299],[-169.6432,63.4278],[-169.5799,63.4029],[-169.5666,63.3887],[-169.5654,63.3856],[-169.5544,63.3772],[-169.5469,63.3728],[-169.5205,63.3659],[-169.4153,63.3559],[-169.3841,63.3567],[-169.313,63.3533],[-169.2814,63.3484],[-169.2676,63.344],[-169.102,63.338],[-169.0879,63.3409],[-169.0519,63.3431],[-168.9992,63.3412],[-168.9374,63.3338],[-168.9363,63.3306],[-168.9326,63.3291],[-168.7961,63.3088],[-168.6929,63.3023],[-168.6851,63.2964],[-168.6867,63.293],[-168.7169,63.2563],[-168.7515,63.218],[-168.7832,63.1841],[-168.7893,63.1796],[-168.8183,63.1632],[-168.8588,63.147],[-168.8715,63.146],[-168.8897,63.1477],[-168.9501,63.1609],[-168.9636,63.1671],[-168.983,63.1697],[-169.0427,63.1765],[-169.1058,63.1788],[-169.1984,63.176],[-169.262,63.1699],[-169.3035,63.1644],[-169.3757,63.1513],[-169.3963,63.1366],[-169.4367,63.1136],[-169.4719,63.0986],[-169.5136,63.0847],[-169.535,63.0744],[-169.5611,63.0552],[-169.5759,63.0365],[-169.577,63.027],[-169.5728,63.0221],[-169.568,62.9769],[-169.6383,62.9375],[-169.7467,62.956],[-169.7572,62.9601],[-169.7575,62.9637],[-169.7349,62.9745],[-169.7349,62.9766],[-169.7885,63.043],[-169.8299,63.0786],[-169.8385,63.0843],[-169.8812,63.1058],[-169.9441,63.1324],[-169.9879,63.143],[-170.0062,63.1445],[-170.0212,63.1495],[-170.0496,63.1634],[-170.0511,63.1675],[-170.0534,63.1689],[-170.1013,63.1793],[-170.1244,63.1837],[-170.1541,63.1864],[-170.1744,63.1855],[-170.1865,63.1816],[-170.182,63.1788],[-170.1937,63.1774],[-170.263,63.1791],[-170.2814,63.1868],[-170.2856,63.1946],[-170.2799,63.1971],[-170.2779,63.2002],[-170.2777,63.2088],[-170.3036,63.2387],[-170.3373,63.2663],[-170.3648,63.2856],[-170.4307,63.3143],[-170.5121,63.3419],[-170.5589,63.355],[-170.7126,63.386],[-170.8654,63.4142],[-170.9234,63.4209],[-170.9675,63.4237],[-171.0677,63.4246],[-171.1009,63.4234],[-171.2692,63.3854],[-171.2802,63.3815],[-171.2872,63.3766],[-171.2883,63.3748],[-171.2854,63.3665],[-171.2903,63.3554],[-171.3331,63.3354],[-171.4333,63.3076],[-171.4645,63.3069],[-171.5623,63.3346],[-171.6671,63.3562],[-171.7393,63.3661],[-171.7953,63.4079],[-171.8183,63.4295],[-171.8249,63.4371],[-171.85,63.485]],[[-171.3131,52.4729],[-171.3127,52.4935],[-171.3075,52.5015],[-171.2914,52.5148],[-171.2772,52.5226],[-171.2521,52.53],[-171.196,52.5001],[-171.1946,52.498],[-171.2089,52.469],[-171.2146,52.4633],[-171.2368,52.4505],[-171.2523,52.4495],[-171.2946,52.4511],[-171.2993,52.4487],[-171.3042,52.45],[-171.3131,52.4729]],[[-171.1768,52.5587],[-171.1516,52.5845],[-171.1311,52.5844],[-171.1181,52.5762],[-171.1171,52.5575],[-171.1493,52.5502],[-171.1768,52.5587]],[[-171.0898,-11.0539],[-171.0896,-11.0513],[-171.0876,-11.0496],[-171.0844,-11.0485],[-171.0736,-11.0469],[-171.0689,-11.0486],[-171.0664,-11.0515],[-171.0661,-11.0557],[-171.0706,-11.0593],[-171.0767,-11.0637],[-171.0809,-11.0646],[-171.0872,-11.0597],[-171.0898,-11.0539]],[[-170.847,-14.3201],[-170.8332,-14.311],[-170.825,-14.3036],[-170.8208,-14.3001],[-170.8112,-14.295],[-170.7984,-14.2894],[-170.7945,-14.2889],[-170.785,-14.2876],[-170.7625,-14.2877],[-170.7485,-14.2912],[-170.7436,-14.289],[-170.7403,-14.2876],[-170.7221,-14.2728],[-170.7217,-14.2725],[-170.7124,-14.2619],[-170.7017,-14.254],[-170.6915,-14.2488],[-170.6903,-14.2482],[-170.6716,-14.2296],[-170.6601,-14.2464],[-170.6407,-14.2474],[-170.6233,-14.2488],[-170.6126,-14.2518],[-170.5901,-14.2511],[-170.5845,-14.251],[-170.5777,-14.2463],[-170.5623,-14.2453],[-170.5619,-14.2588],[-170.5532,-14.2762],[-170.5521,-14.2786],[-170.5461,-14.2826],[-170.5496,-14.2888],[-170.5579,-14.2884],[-170.5617,-14.2857],[-170.5723,-14.2714],[-170.5781,-14.2746],[-170.6023,-14.2841],[-170.6094,-14.2829],[-170.6283,-14.2797],[-170.6402,-14.2865],[-170.6633,-14.2911],[-170.6686,-14.2935],[-170.6776,-14.2977],[-170.6784,-14.2982],[-170.6952,-14.3099],[-170.7001,-14.3273],[-170.7048,-14.331],[-170.72,-14.3432],[-170.7214,-14.3444],[-170.7404,-14.3648],[-170.7514,-14.3699],[-170.7598,-14.3737],[-170.7855,-14.3573],[-170.791,-14.3475],[-170.7989,-14.3335],[-170.8183,-14.3324],[-170.8293,-14.3304],[-170.8469,-14.3229],[-170.847,-14.3201]],[[-170.8419,52.5582],[-170.8334,52.6],[-170.8206,52.6331],[-170.8179,52.6363],[-170.7277,52.68],[-170.6715,52.6981],[-170.6338,52.6975],[-170.5799,52.682],[-170.5627,52.6748],[-170.5595,52.6679],[-170.5573,52.6521],[-170.5636,52.6407],[-170.6039,52.6017],[-170.6354,52.5957],[-170.659,52.5938],[-170.6653,52.5953],[-170.6681,52.6007],[-170.6745,52.6034],[-170.6839,52.6025],[-170.6965,52.5984],[-170.7358,52.5808],[-170.7674,52.5583],[-170.7771,52.5467],[-170.7885,52.5402],[-170.8419,52.5582]],[[-170.4235,57.1693],[-170.4204,57.1918],[-170.4189,57.1928],[-170.4028,57.2019],[-170.3901,57.2062],[-170.3319,57.2175],[-170.3117,57.2191],[-170.2919,57.2121],[-170.2677,57.2106],[-170.2396,57.2147],[-170.1616,57.2297],[-170.1508,57.2232],[-170.1708,57.1811],[-170.2863,57.1282],[-170.2908,57.1451],[-170.304,57.1549],[-170.3248,57.1568],[-170.3598,57.1561],[-170.4219,57.1612],[-170.4235,57.1693]],[[-170.1857,52.723],[-170.1707,52.7849],[-170.1287,52.7874],[-170.0619,52.7735],[-170.0534,52.7691],[-170.0529,52.7587],[-170.0554,52.7459],[-170.0703,52.7243],[-170.0777,52.7204],[-170.1141,52.7162],[-170.1706,52.7174],[-170.1846,52.7219],[-170.1857,52.723]],[[-170.1132,52.8911],[-170.1129,52.902],[-170.0922,52.9194],[-170.084,52.9236],[-170.0466,52.9239],[-170.0205,52.9172],[-170.0021,52.91],[-169.996,52.9024],[-169.9967,52.8915],[-169.9991,52.884],[-170.0024,52.8802],[-170.0155,52.8703],[-170.0503,52.8574],[-170.0953,52.8709],[-170.1132,52.8911]],[[-170.0125,52.8312],[-170.0042,52.8467],[-169.9901,52.8563],[-169.9753,52.8589],[-169.9435,52.8611],[-169.9056,52.8532],[-169.8602,52.8584],[-169.87,52.8748],[-169.8522,52.8818],[-169.8181,52.8784],[-169.7735,52.8944],[-169.7492,52.8933],[-169.7047,52.8863],[-169.6665,52.8643],[-169.6835,52.8266],[-169.7041,52.7939],[-169.7039,52.7771],[-169.7298,52.7744],[-169.7501,52.7906],[-169.8382,52.8173],[-169.8799,52.8161],[-169.8867,52.8086],[-169.8971,52.8021],[-169.9274,52.7927],[-169.9515,52.7886],[-169.9629,52.7899],[-169.9954,52.8047],[-170.0125,52.8312]],[[-169.7993,53.0571],[-169.7755,53.0792],[-169.7626,53.0805],[-169.7407,53.0636],[-169.7481,53.0463],[-169.7689,53.0462],[-169.7993,53.0571]],[[-169.7897,56.6182],[-169.7635,56.6207],[-169.6793,56.6116],[-169.6115,56.6069],[-169.5539,56.6087],[-169.5287,56.6122],[-169.5074,56.6107],[-169.4731,56.6017],[-169.4715,56.5989],[-169.4901,56.5835],[-169.569,56.5409],[-169.5826,56.5369],[-169.6407,56.5422],[-169.6501,56.5442],[-169.6577,56.5473],[-169.6677,56.5545],[-169.6728,56.5609],[-169.6713,56.5673],[-169.6753,56.5784],[-169.6836,56.5833],[-169.7557,56.5919],[-169.7857,56.6132],[-169.7897,56.6182]],[[-169.7627,52.978],[-169.7457,53.0215],[-169.7425,53.0241],[-169.6981,53.0338],[-169.68,53.0351],[-169.6649,53.024],[-169.6636,53.0213],[-169.6661,52.9971],[-169.6983,52.9583],[-169.7217,52.9471],[-169.7411,52.9515],[-169.758,52.9672],[-169.7607,52.9716],[-169.7627,52.978]],[[-169.6873,-14.1643],[-169.6803,-14.1589],[-169.6702,-14.161],[-169.6477,-14.1642],[-169.6337,-14.1644],[-169.6206,-14.1624],[-169.6164,-14.1568],[-169.6139,-14.1547],[-169.6091,-14.1574],[-169.6099,-14.1699],[-169.6062,-14.18],[-169.6127,-14.1933],[-169.6211,-14.1827],[-169.6259,-14.1757],[-169.6377,-14.1739],[-169.6506,-14.1745],[-169.6606,-14.1828],[-169.6699,-14.1856],[-169.6844,-14.1723],[-169.6873,-14.1643]],[[-169.5196,-14.2213],[-169.508,-14.2128],[-169.4811,-14.2152],[-169.454,-14.2117],[-169.4273,-14.2116],[-169.4188,-14.2184],[-169.4211,-14.236],[-169.4232,-14.2556],[-169.4278,-14.2573],[-169.4385,-14.2551],[-169.4545,-14.2487],[-169.465,-14.2518],[-169.476,-14.2613],[-169.4848,-14.2722],[-169.4912,-14.2715],[-169.4977,-14.2633],[-169.5119,-14.2403],[-169.5196,-14.2213]],[[-169.2681,52.7724],[-169.2132,52.798],[-169.164,52.8146],[-169.153,52.8013],[-169.1704,52.7767],[-169.197,52.7645],[-169.2618,52.7549],[-169.2681,52.7724]],[[-169.1025,52.8243],[-169.0542,52.8633],[-169.0388,52.8697],[-168.9924,52.8734],[-168.9717,52.878],[-168.959,52.886],[-168.9731,52.9161],[-168.9595,52.9367],[-168.898,52.9371],[-168.8611,52.968],[-168.8707,52.9964],[-168.8611,53.0164],[-168.7852,53.045],[-168.7637,53.071],[-168.7597,53.0815],[-168.7685,53.0937],[-168.7762,53.0978],[-168.7894,53.101],[-168.802,53.1082],[-168.8049,53.12],[-168.7995,53.1438],[-168.7923,53.1557],[-168.7888,53.1607],[-168.7633,53.1828],[-168.6171,53.261],[-168.5997,53.2736],[-168.5394,53.2517],[-168.525,53.2523],[-168.5014,53.2573],[-168.491,53.264],[-168.4451,53.2653],[-168.4129,53.2579],[-168.3665,53.252],[-168.3618,53.2523],[-168.344,53.2621],[-168.3654,53.3091],[-168.3712,53.3166],[-168.3757,53.3183],[-168.4205,53.3227],[-168.435,53.3355],[-168.4065,53.3464],[-168.3851,53.3885],[-168.4096,53.4107],[-168.3869,53.4315],[-168.3421,53.476],[-168.3158,53.4817],[-168.2958,53.4891],[-168.2396,53.5185],[-168.2383,53.5219],[-168.2004,53.5341],[-168.1446,53.5453],[-168.0046,53.5661],[-167.981,53.5617],[-167.9627,53.5541],[-167.9609,53.5525],[-167.9657,53.5434],[-167.965,53.5389],[-167.939,53.5269],[-167.9019,53.5205],[-167.8889,53.5197],[-167.817,53.5179],[-167.7969,53.5211],[-167.791,53.5211],[-167.7892,53.5193],[-167.7864,53.5139],[-167.7841,53.501],[-167.7881,53.4924],[-167.8081,53.4739],[-167.8436,53.4539],[-167.8532,53.4455],[-167.8583,53.4379],[-167.8568,53.4286],[-167.8517,53.4212],[-167.8448,53.4175],[-167.8395,53.4103],[-167.8399,53.3944],[-167.8423,53.3865],[-167.8522,53.3783],[-167.8729,53.3674],[-167.8781,53.3669],[-167.9591,53.3418],[-167.9885,53.3296],[-168.0093,53.3173],[-168.0398,53.3043],[-168.1589,53.2677],[-168.2117,53.2562],[-168.2269,53.2548],[-168.2707,53.2428],[-168.2962,53.2272],[-168.3124,53.2152],[-168.3417,53.1859],[-168.3445,53.1552],[-168.3732,53.1289],[-168.3924,53.1236],[-168.4125,53.1107],[-168.4337,53.0939],[-168.4429,53.0856],[-168.4512,53.0751],[-168.4571,53.0558],[-168.4975,53.0354],[-168.5274,53.0286],[-168.5461,53.0296],[-168.5532,53.0333],[-168.5789,53.0299],[-168.5878,53.0272],[-168.614,53.0088],[-168.6253,52.9982],[-168.6885,52.9664],[-168.7419,52.9514],[-168.7555,52.9075],[-168.786,52.9046],[-168.8089,52.9261],[-168.907,52.884],[-169.0413,52.8393],[-169.1025,52.8243]],[[-168.9545,65.7571],[-168.9528,65.7589],[-168.9473,65.7638],[-168.9372,65.7671],[-168.9155,65.7705],[-168.9022,65.7697],[-168.8932,65.7447],[-168.8988,65.7397],[-168.9034,65.7385],[-168.9312,65.7389],[-168.9408,65.7427],[-168.9514,65.7493],[-168.9545,65.7571]],[[-168.1635,-14.5364],[-168.1594,-14.5309],[-168.1495,-14.5313],[-168.1432,-14.5376],[-168.1397,-14.5495],[-168.1436,-14.5524],[-168.1516,-14.5525],[-168.161,-14.5494],[-168.1635,-14.5364]],[[-168.1347,65.6408],[-168.1289,65.6557],[-168.1037,65.6856],[-167.9799,65.728],[-167.8572,65.7543],[-167.7357,65.7761],[-167.5396,65.8208],[-167.3149,65.885],[-167.2461,65.9114],[-167.1395,65.9481],[-166.9779,65.9962],[-166.9561,66.0077],[-166.8277,66.0513],[-166.5972,66.1189],[-166.5262,66.1418],[-166.331,66.1895],[-165.8825,66.3116],[-165.8692,66.3161],[-165.805,66.3333],[-165.6686,66.362],[-165.4072,66.4204],[-165.1871,66.4652],[-165.124,66.4732],[-164.711,66.5425],[-164.4007,66.5811],[-164.3959,66.5811],[-164.345,66.5808],[-164.0946,66.5923],[-163.9796,66.594],[-163.9781,66.5926],[-163.9785,66.591],[-163.9149,66.5939],[-163.8242,66.5917],[-163.7268,66.5844],[-163.669,66.5759],[-163.604,66.5581],[-163.6356,66.554],[-163.753,66.5486],[-163.7512,66.5288],[-163.7272,66.5164],[-163.7283,66.4986],[-163.7302,66.4914],[-163.762,66.4549],[-163.7987,66.4369],[-163.8442,66.419],[-163.8564,66.4093],[-163.8731,66.389],[-163.8731,66.3285],[-163.8492,66.3076],[-163.8398,66.3041],[-163.83,66.2804],[-163.8301,66.272],[-163.8431,66.2599],[-163.9048,66.2303],[-163.9559,66.2172],[-164.0469,66.2094],[-164.0788,66.2018],[-164.0927,66.1845],[-164.0892,66.1823],[-164.0787,66.181],[-164.0075,66.1794],[-163.9166,66.1905],[-163.8783,66.1603],[-163.8614,66.1367],[-163.8474,66.1221],[-163.8036,66.1001],[-163.7725,66.0819],[-163.7684,66.0737],[-163.7675,66.0608],[-163.6239,66.0583],[-163.5401,66.0699],[-163.5027,66.0812],[-163.4958,66.0854],[-163.3448,66.0849],[-163.3138,66.0753],[-163.2878,66.0692],[-163.1686,66.0593],[-163.1467,66.0595],[-163.093,66.063],[-163.0471,66.0683],[-162.9975,66.0768],[-162.876,66.0828],[-162.7912,66.0891],[-162.7507,66.0902],[-162.6813,66.0616],[-162.6802,66.0581],[-162.6736,66.0537],[-162.636,66.0404],[-162.6223,66.0395],[-162.5308,66.0451],[-162.4577,66.0586],[-162.4237,66.049],[-162.4135,66.0351],[-162.3919,66.0287],[-162.3721,66.028],[-162.3313,66.0314],[-162.2697,66.0421],[-162.2059,66.0568],[-162.1395,66.0788],[-162.1374,66.0785],[-162.1297,66.0695],[-162.1218,66.0674],[-162.0257,66.0628],[-161.95,66.0403],[-161.838,66.0226],[-161.8171,66.0331],[-161.8123,66.0417],[-161.7986,66.0553],[-161.7755,66.0737],[-161.6806,66.1116],[-161.6653,66.1222],[-161.627,66.1532],[-161.624,66.1621],[-161.6139,66.1767],[-161.5484,66.2399],[-161.4845,66.2624],[-161.3679,66.2587],[-161.3412,66.2551],[-161.3373,66.2432],[-161.3321,66.2364],[-161.3208,66.2236],[-161.313,66.2211],[-161.2637,66.2142],[-161.199,66.2109],[-161.1454,66.2202],[-161.0873,66.2342],[-161.0679,66.2352],[-161.0527,66.231],[-161.0359,66.2294],[-161,66.2331],[-160.994,66.2344],[-160.9911,66.2368],[-160.9903,66.2397],[-160.9959,66.252],[-160.9985,66.2549],[-161.061,66.2838],[-161.0793,66.3071],[-161.0892,66.3151],[-161.108,66.3284],[-161.1295,66.3362],[-161.1631,66.3423],[-161.2198,66.3489],[-161.3607,66.3759],[-161.5256,66.397],[-161.5774,66.3968],[-161.6198,66.3966],[-161.6944,66.3962],[-161.8175,66.3608],[-161.9129,66.3444],[-161.9163,66.3495],[-161.8809,66.3988],[-161.8724,66.4141],[-161.8634,66.4408],[-161.8642,66.4882],[-161.8749,66.5114],[-162.029,66.5865],[-162.0915,66.606],[-162.0979,66.6099],[-162.1056,66.6226],[-162.1133,66.6396],[-162.1243,66.6513],[-162.1404,66.6647],[-162.1754,66.6878],[-162.2286,66.7098],[-162.2688,66.7179],[-162.3498,66.7267],[-162.4224,66.7316],[-162.4824,66.7303],[-162.5014,66.7425],[-162.5005,66.7498],[-162.5025,66.7589],[-162.5126,66.7777],[-162.5444,66.8049],[-162.5722,66.8254],[-162.5942,66.8376],[-162.6147,66.8465],[-162.6216,66.8509],[-162.6249,66.855],[-162.6267,66.8596],[-162.6231,66.8743],[-162.6146,66.8859],[-162.6011,66.8985],[-162.5829,66.9043],[-162.5342,66.9053],[-162.5037,66.9135],[-162.4998,66.9337],[-162.4667,66.951],[-162.4449,66.9251],[-162.409,66.9189],[-162.3464,66.9348],[-162.323,66.9432],[-162.2901,66.9313],[-162.2811,66.9157],[-162.2718,66.9041],[-162.2287,66.8666],[-162.1576,66.8312],[-162.1173,66.7985],[-162.0969,66.7885],[-162.0737,66.7833],[-162.0491,66.7806],[-162.0136,66.7794],[-162.0115,66.7591],[-162.0296,66.7346],[-162.0413,66.7238],[-162.0588,66.7163],[-162.0683,66.7099],[-162.0746,66.7037],[-162.0815,66.6931],[-162.066,66.6793],[-162.078,66.664],[-162.0736,66.6512],[-162.0691,66.6457],[-162.0332,66.6316],[-161.9689,66.6026],[-161.9534,66.5924],[-161.8851,66.554],[-161.7654,66.4969],[-161.6243,66.4501],[-161.5741,66.4386],[-161.5374,66.4407],[-161.5164,66.4418],[-161.4353,66.4542],[-161.3263,66.4784],[-161.2798,66.5052],[-161.2932,66.5206],[-161.3145,66.5212],[-161.399,66.5235],[-161.4541,66.5222],[-161.4692,66.5228],[-161.4814,66.5252],[-161.4836,66.5256],[-161.4935,66.531],[-161.495,66.5344],[-161.4863,66.538],[-161.4829,66.5437],[-161.4904,66.5608],[-161.5418,66.5814],[-161.599,66.5932],[-161.6654,66.6104],[-161.6931,66.6206],[-161.707,66.6273],[-161.8261,66.6854],[-161.8662,66.705],[-161.8817,66.7168],[-161.8461,66.7616],[-161.8664,66.7777],[-161.8615,66.7971],[-161.8463,66.8136],[-161.8242,66.8179],[-161.7963,66.8331],[-161.7855,66.8465],[-161.7822,66.86],[-161.7944,66.8819],[-161.7705,66.8966],[-161.7196,66.9169],[-161.6921,66.945],[-161.6858,66.9558],[-161.6885,66.9598],[-161.6863,66.9614],[-161.6744,66.962],[-161.5667,66.9348],[-161.4892,66.937],[-161.4851,66.9456],[-161.4854,66.9608],[-161.5057,66.9743],[-161.5305,66.985],[-161.6222,67.0081],[-161.6974,67.0108],[-161.7117,67.001],[-161.7596,67.0306],[-161.7992,67.0475],[-161.8103,67.0503],[-161.8363,67.0518],[-161.8502,67.0522],[-161.8937,67.0491],[-162.1232,67.0258],[-162.2116,67.0067],[-162.234,66.9996],[-162.2343,66.9946],[-162.2392,66.9938],[-162.3611,66.994],[-162.4068,66.9847],[-162.4384,66.9826],[-162.4684,66.9806],[-162.5017,66.9772],[-162.5237,66.9799],[-162.6227,66.9922],[-162.6557,67.0083],[-162.693,67.0286],[-162.7551,67.0152],[-162.7755,67.0184],[-162.8314,67.0349],[-162.8337,67.0093],[-162.8168,66.9995],[-162.8192,66.9947],[-162.843,66.9912],[-162.9753,67.0246],[-163.0979,67.0412],[-163.2993,67.0607],[-163.399,67.0742],[-163.4412,67.0815],[-163.4952,67.0875],[-163.5912,67.0924],[-163.666,67.1001],[-163.702,67.1094],[-163.7447,67.1264],[-163.7459,67.1371],[-163.7369,67.1632],[-163.7375,67.1848],[-163.7408,67.21],[-163.7586,67.2564],[-163.8222,67.3498],[-163.8536,67.3881],[-163.8788,67.4161],[-164.007,67.5357],[-164.0795,67.5859],[-164.1087,67.602],[-164.1444,67.6172],[-164.2098,67.6391],[-164.5339,67.7256],[-164.7783,67.8209],[-164.9073,67.8678],[-165.0575,67.9217],[-165.1296,67.9418],[-165.1909,67.9661],[-165.2272,67.9853],[-165.3132,68.0169],[-165.3866,68.0347],[-165.4304,68.0454],[-165.4936,68.0593],[-165.6881,68.0904],[-165.7833,68.0982],[-165.8721,68.11],[-165.8982,68.1183],[-165.975,68.1409],[-165.9943,68.1612],[-166.0442,68.2007],[-166.1355,68.2422],[-166.237,68.2731],[-166.398,68.307],[-166.528,68.3263],[-166.6893,68.3425],[-166.839,68.3372],[-166.7961,68.3541],[-166.7061,68.3718],[-166.3776,68.4224],[-166.3621,68.4262],[-166.3424,68.434],[-166.3285,68.4423],[-166.306,68.4615],[-166.3035,68.4647],[-166.302,68.4704],[-166.2953,68.5109],[-166.2445,68.5539],[-166.2338,68.5643],[-166.2261,68.5762],[-166.2256,68.579],[-166.2314,68.5873],[-166.2298,68.6138],[-166.2136,68.6643],[-166.1998,68.6786],[-166.1974,68.69],[-166.1878,68.7787],[-166.1902,68.7904],[-166.1954,68.804],[-166.2037,68.8182],[-166.2225,68.8604],[-166.2242,68.8732],[-166.2144,68.8795],[-165.8149,68.8642],[-165.6666,68.8554],[-165.5725,68.8529],[-165.5224,68.8558],[-165.327,68.8581],[-164.9675,68.883],[-164.8837,68.8916],[-164.8127,68.8935],[-164.6553,68.9094],[-164.5269,68.9179],[-164.2991,68.9276],[-164.2532,68.9309],[-164.1612,68.9448],[-164.1307,68.951],[-164.0694,68.9697],[-163.9737,68.985],[-163.8939,69.012],[-163.8581,69.0289],[-163.8274,69.0406],[-163.7242,69.0667],[-163.6559,69.0906],[-163.574,69.1241],[-163.5353,69.1417],[-163.4527,69.1946],[-163.298,69.2747],[-163.2669,69.2909],[-163.2447,69.3061],[-163.2024,69.3438],[-163.1694,69.3852],[-163.1562,69.4134],[-163.1514,69.4303],[-163.1426,69.4529],[-163.1488,69.4586],[-163.1454,69.5213],[-163.1459,69.5413],[-163.1513,69.6126],[-163.1429,69.6376],[-163.1183,69.6682],[-163.1075,69.6759],[-163.0719,69.7376],[-163.0632,69.7478],[-163.0425,69.7787],[-163.0097,69.8127],[-162.9891,69.8253],[-162.9155,69.8633],[-162.8528,69.8946],[-162.8262,69.9027],[-162.7881,69.9291],[-162.7075,69.9705],[-162.6531,70.0047],[-162.6053,70.0368],[-162.5868,70.0531],[-162.5587,70.0726],[-162.5232,70.0874],[-162.5036,70.1004],[-162.4753,70.124],[-162.4458,70.14],[-162.3884,70.1661],[-162.3424,70.1902],[-162.3023,70.2042],[-162.215,70.2304],[-162.0744,70.2708],[-162.049,70.2763],[-162.0463,70.2807],[-161.9935,70.2948],[-161.9392,70.3075],[-161.9287,70.3138],[-161.8793,70.3293],[-161.8441,70.3256],[-161.7702,70.3199],[-161.6512,70.3084],[-161.5341,70.299],[-161.4453,70.2948],[-161.4036,70.2948],[-161.3525,70.2959],[-161.3001,70.2934],[-161.2882,70.2968],[-161.2361,70.3047],[-161.089,70.3258],[-161.0412,70.3308],[-161.0037,70.3385],[-160.8128,70.3767],[-160.6089,70.4275],[-160.4801,70.466],[-160.2148,70.5591],[-160.0567,70.6328],[-159.9138,70.6907],[-159.7985,70.7312],[-159.6484,70.7944],[-159.5857,70.8095],[-159.5287,70.8208],[-159.3959,70.8408],[-159.1718,70.8751],[-159.1493,70.8342],[-159.115,70.8174],[-159.0661,70.8175],[-158.9496,70.7968],[-158.7635,70.7882],[-158.6579,70.7861],[-158.5739,70.795],[-158.5226,70.7925],[-158.4624,70.8029],[-158.4105,70.7992],[-158.3757,70.8069],[-158.3663,70.8197],[-158.2503,70.8177],[-158.1577,70.8208],[-158.0324,70.8323],[-157.8841,70.8535],[-157.841,70.861],[-157.7685,70.8758],[-157.7088,70.8914],[-157.5025,70.9487],[-157.421,70.9768],[-157.3928,70.9879],[-157.2491,71.0525],[-157.1196,71.1287],[-157.0731,71.1542],[-157.0725,71.1545],[-156.9626,71.2119],[-156.8097,71.2869],[-156.7739,71.2995],[-156.6456,71.338],[-156.6201,71.3442],[-156.5687,71.3526],[-156.5664,71.334],[-156.5615,71.3168],[-156.5565,71.3118],[-156.5311,71.2963],[-156.5245,71.2945],[-156.4083,71.2692],[-156.4027,71.2679],[-156.3567,71.2613],[-156.3207,71.259],[-156.3019,71.2606],[-156.2142,71.2594],[-156.0744,71.2425],[-156.0292,71.2032],[-156.0381,71.1965],[-156.0448,71.1868],[-156.0446,71.1847],[-156.0186,71.172],[-155.958,71.1862],[-155.9202,71.2072],[-155.8951,71.1939],[-155.8842,71.1901],[-155.829,71.1921],[-155.8039,71.1964],[-155.7608,71.1947],[-155.6572,71.1825],[-155.5877,71.1726],[-155.5669,71.1651],[-155.5678,71.1411],[-155.5618,71.1285],[-155.5207,71.1025],[-155.514,71.0968],[-155.5111,71.0903],[-155.5106,71.0812],[-155.5333,71.0677],[-155.5483,71.0607],[-155.639,71.0424],[-155.7055,71.0202],[-155.7119,71.0125],[-155.7621,70.9856],[-155.8309,70.9656],[-155.8789,70.9677],[-155.9521,70.9648],[-155.9784,70.9622],[-155.9957,70.9478],[-155.9793,70.9185],[-156.0148,70.9031],[-156.0144,70.8986],[-156.0135,70.896],[-155.9541,70.893],[-155.925,70.8527],[-155.9354,70.8374],[-155.8687,70.8294],[-155.7318,70.8312],[-155.6435,70.8242],[-155.543,70.8472],[-155.5042,70.8603],[-155.4898,70.8717],[-155.488,70.8753],[-155.4859,70.8859],[-155.4876,70.9027],[-155.493,70.9174],[-155.5133,70.9406],[-155.4759,70.9435],[-155.455,70.9475],[-155.4042,70.9675],[-155.3826,70.979],[-155.3642,70.9942],[-155.3439,71.0044],[-155.26,71.0152],[-155.2601,71.0113],[-155.2562,71.0048],[-155.2114,70.978],[-155.2015,70.9743],[-155.1922,70.9741],[-155.1828,70.9782],[-155.1689,70.9879],[-155.1617,70.9957],[-155.1599,71.0028],[-155.1639,71.0138],[-155.177,71.0275],[-155.2738,71.0647],[-155.2758,71.067],[-155.276,71.0705],[-155.2626,71.0791],[-155.2569,71.0811],[-155.1505,71.1121],[-155.1469,71.111],[-155.1469,71.1035],[-155.1429,71.0973],[-155.126,71.0775],[-155.1203,71.0734],[-155.1085,71.0705],[-155.0754,71.072],[-155.064,71.0839],[-155.0614,71.092],[-155.0646,71.108],[-155.0858,71.1276],[-155.0608,71.1454],[-155.0317,71.1465],[-154.9429,71.1263],[-154.7773,71.0832],[-154.6161,71.0262],[-154.6044,71.0215],[-154.5811,71.0073],[-154.5676,70.9899],[-154.594,70.977],[-154.6083,70.9617],[-154.6083,70.9089],[-154.6027,70.8679],[-154.5725,70.8259],[-154.519,70.8228],[-154.5019,70.8218],[-154.4857,70.8253],[-154.4302,70.8313],[-154.3526,70.8348],[-154.2608,70.8152],[-154.2286,70.8024],[-154.2233,70.7952],[-154.2392,70.7769],[-154.1819,70.7683],[-154.1696,70.7686],[-154.1275,70.7781],[-154.07,70.7937],[-153.9956,70.8219],[-153.976,70.8339],[-153.9514,70.854],[-153.9354,70.8697],[-153.9329,70.8742],[-153.9344,70.8766],[-153.9329,70.8787],[-153.8905,70.8857],[-153.805,70.886],[-153.7494,70.8887],[-153.7122,70.8889],[-153.6664,70.8834],[-153.6156,70.8848],[-153.526,70.8855],[-153.486,70.8859],[-153.4263,70.8901],[-153.3591,70.8983],[-153.3262,70.9041],[-153.2534,70.9208],[-153.2385,70.9225],[-153.1476,70.9186],[-153.0492,70.9131],[-153.0331,70.9008],[-152.9993,70.8947],[-152.9311,70.8909],[-152.9042,70.8839],[-152.8433,70.8984],[-152.781,70.8814],[-152.6969,70.8821],[-152.6031,70.8818],[-152.5027,70.8678],[-152.3844,70.8542],[-152.3537,70.844],[-152.2951,70.8368],[-152.2231,70.8246],[-152.1872,70.8015],[-152.1886,70.7981],[-152.1925,70.7953],[-152.2393,70.7934],[-152.2633,70.7908],[-152.2838,70.7856],[-152.3708,70.7301],[-152.3773,70.7147],[-152.4715,70.6888],[-152.4733,70.6837],[-152.4605,70.6461],[-152.4338,70.6169],[-152.4208,70.609],[-152.3657,70.6012],[-152.3557,70.6038],[-152.3416,70.6122],[-152.3326,70.6129],[-152.264,70.5927],[-152.2006,70.5861],[-152.1699,70.5852],[-152.1462,70.5868],[-152.1009,70.5873],[-152.0787,70.5845],[-152.0607,70.5749],[-152.0645,70.5685],[-152.0657,70.5631],[-152.0261,70.5593],[-151.9758,70.5632],[-151.8801,70.5549],[-151.8167,70.5457],[-151.7747,70.5479],[-151.745,70.554],[-151.7182,70.5553],[-151.7015,70.5532],[-151.6952,70.5497],[-151.6973,70.5477],[-151.7095,70.5465],[-151.7227,70.5416],[-151.7516,70.5241],[-151.7602,70.5167],[-151.7343,70.5035],[-151.7286,70.4954],[-151.7755,70.4854],[-151.8241,70.484],[-151.9192,70.4727],[-151.9368,70.4636],[-151.9464,70.4525],[-151.9,70.4341],[-151.8761,70.4308],[-151.8444,70.435],[-151.7857,70.4369],[-151.6532,70.4348],[-151.6056,70.4373],[-151.5546,70.4359],[-151.4449,70.4254],[-151.3432,70.4089],[-151.2976,70.4007],[-151.2462,70.3725],[-151.1471,70.3768],[-151.1333,70.3916],[-151.0858,70.4024],[-151.0853,70.4027],[-151.0467,70.4279],[-151.0204,70.4338],[-150.9879,70.4501],[-150.9507,70.4596],[-150.9038,70.4609],[-150.8553,70.4517],[-150.8244,70.4537],[-150.7863,70.4633],[-150.7424,70.4613],[-150.6984,70.4478],[-150.6651,70.4633],[-150.6615,70.4776],[-150.5189,70.4831],[-150.4964,70.4712],[-150.4144,70.4597],[-150.3754,70.4385],[-150.387,70.4283],[-150.3609,70.4092],[-150.2118,70.4323],[-150.1129,70.4314],[-150.1044,70.4321],[-150.0745,70.4393],[-149.8667,70.5108],[-149.8197,70.4914],[-149.8109,70.4905],[-149.7904,70.4912],[-149.7402,70.4982],[-149.7282,70.5028],[-149.7161,70.505],[-149.6612,70.5092],[-149.6568,70.5087],[-149.6496,70.5048],[-149.5813,70.4959],[-149.5653,70.4964],[-149.5369,70.4994],[-149.5242,70.5021],[-149.5099,70.5087],[-149.4618,70.5183],[-149.4321,70.5038],[-149.4187,70.4923],[-149.4006,70.4899],[-149.3145,70.4953],[-149.1791,70.4857],[-149.0821,70.4649],[-148.9594,70.4239],[-148.929,70.4268],[-148.8581,70.4229],[-148.7896,70.4027],[-148.7281,70.413],[-148.6988,70.4259],[-148.6968,70.4292],[-148.667,70.4301],[-148.6106,70.4226],[-148.59,70.417],[-148.5804,70.4125],[-148.477,70.3591],[-148.4645,70.3402],[-148.477,70.3209],[-148.4661,70.3136],[-148.4506,70.3084],[-148.4113,70.3026],[-148.3632,70.3026],[-148.3514,70.3045],[-148.2698,70.3296],[-148.2582,70.337],[-148.2035,70.3482],[-148.2308,70.3237],[-148.2279,70.3029],[-148.2015,70.2941],[-148.1666,70.3049],[-148.1397,70.3221],[-148.1382,70.3378],[-148.1072,70.3428],[-148.0906,70.3374],[-148.0896,70.3354],[-148.0897,70.3328],[-148.0892,70.331],[-148.0769,70.3275],[-147.9615,70.3142],[-147.8637,70.2933],[-147.8176,70.2769],[-147.7894,70.248],[-147.7806,70.2378],[-147.7651,70.2198],[-147.6817,70.2],[-147.648,70.2033],[-147.5857,70.2034],[-147.5053,70.2004],[-147.4315,70.1888],[-147.4023,70.1853],[-147.3853,70.1853],[-147.3501,70.1877],[-147.2441,70.219],[-147.2333,70.2076],[-147.231,70.1954],[-147.2192,70.1788],[-147.1821,70.1604],[-147.1616,70.1556],[-146.9911,70.1476],[-146.9732,70.1519],[-146.9095,70.1733],[-146.8858,70.1859],[-146.734,70.1755],[-146.7131,70.1754],[-146.6248,70.1824],[-146.5081,70.186],[-146.4489,70.1834],[-146.4132,70.1782],[-146.3351,70.1762],[-146.3096,70.1789],[-146.273,70.1769],[-146.1727,70.1659],[-146.1296,70.1589],[-146.1141,70.155],[-146.0968,70.1452],[-146.0064,70.1404],[-145.9552,70.1402],[-145.9177,70.1425],[-145.8729,70.1488],[-145.8583,70.166],[-145.8427,70.1641],[-145.7904,70.1486],[-145.7833,70.1395],[-145.7671,70.1287],[-145.7604,70.1261],[-145.6233,70.0844],[-145.58,70.0768],[-145.5224,70.0775],[-145.5057,70.0745],[-145.4695,70.0591],[-145.4689,70.0483],[-145.4348,70.037],[-145.4082,70.0316],[-145.3316,70.0226],[-145.2472,70.0179],[-145.2186,70.0073],[-145.1973,69.995],[-145.1751,69.9917],[-145.0117,69.9811],[-144.9901,69.9777],[-144.9668,69.9644],[-144.9536,69.9593],[-144.9023,69.9645],[-144.8676,69.9723],[-144.8631,69.9735],[-144.857,69.986],[-144.8545,69.9864],[-144.7926,69.9798],[-144.739,69.9701],[-144.6723,69.9669],[-144.6187,69.9693],[-144.5892,69.9776],[-144.5123,70.0045],[-144.4886,70.0239],[-144.4554,70.0352],[-144.3867,70.041],[-144.2854,70.0407],[-144.2749,70.0487],[-144.2518,70.058],[-144.1722,70.0631],[-144.1292,70.0795],[-144.0903,70.0851],[-144.0227,70.0879],[-143.9506,70.1],[-143.9142,70.1157],[-143.8875,70.1206],[-143.8262,70.1075],[-143.7738,70.1142],[-143.7705,70.1257],[-143.7125,70.1318],[-143.6612,70.1343],[-143.62,70.1346],[-143.5777,70.1463],[-143.5173,70.1384],[-143.4252,70.1249],[-143.3582,70.1324],[-143.2819,70.1511],[-143.2531,70.1523],[-143.2213,70.1368],[-143.1917,70.132],[-143.1513,70.1234],[-143.0348,70.0964],[-142.9396,70.0744],[-142.7468,70.0425],[-142.498,69.9736],[-142.4529,69.9581],[-142.41,69.9336],[-142.4044,69.9165],[-142.2722,69.907],[-142.2399,69.8966],[-142.1127,69.8622],[-142.0817,69.8555],[-142.0756,69.8533],[-141.9587,69.8234],[-141.8428,69.8119],[-141.7134,69.7895],[-141.6062,69.7617],[-141.5282,69.736],[-141.4308,69.6951],[-141.3037,69.685],[-141.2105,69.6842],[-141.1192,69.6735],[-141.0027,69.6456],[-141.0027,67.286],[-141.0026,66.6429],[-141.0025,65.8401],[-141.0025,65.8394],[-141.0023,64.8299],[-141.0023,63.8527],[-141.0022,62.9167],[-141.0021,62.1247],[-141.0025,62.11],[-141.0023,61.904],[-141.0021,61.7556],[-141.0024,61.7287],[-141.0021,61.6787],[-141.002,61.4364],[-140.9978,61.0693],[-141.0019,60.4804],[-141.0019,60.3917],[-141.002,60.3064],[-140.7666,60.2598],[-140.5204,60.2198],[-140.4582,60.3081],[-139.9811,60.182],[-139.8007,60.2779],[-139.693,60.3352],[-139.0748,60.3525],[-139.0721,60.3194],[-139.1988,60.0883],[-139.1277,60.0425],[-139.0537,59.9948],[-139.0325,59.989],[-138.9217,59.9585],[-138.7985,59.9246],[-138.7074,59.9063],[-138.6803,59.8471],[-138.6686,59.8097],[-138.6262,59.7686],[-138.5566,59.7331],[-138.3928,59.6495],[-138.2318,59.5674],[-138.0555,59.4775],[-137.8594,59.3754],[-137.6074,59.2438],[-137.5421,59.1064],[-137.5,58.9854],[-137.5253,58.9069],[-137.4474,58.9095],[-137.2648,59.0024],[-136.8639,59.1385],[-136.8266,59.1584],[-136.5815,59.1649],[-136.4891,59.2585],[-136.4896,59.2597],[-136.4958,59.2751],[-136.4692,59.2841],[-136.4774,59.3762],[-136.4772,59.4658],[-136.3724,59.4496],[-136.3619,59.4505],[-136.305,59.4645],[-136.2385,59.5243],[-136.2398,59.5594],[-136.3539,59.5998],[-136.1929,59.64],[-135.9526,59.6622],[-135.723,59.7284],[-135.7066,59.7331],[-135.4792,59.798],[-135.3601,59.7376],[-135.2528,59.6983],[-135.2337,59.6961],[-135.2198,59.6628],[-135.1576,59.6257],[-135.1178,59.6231],[-135.0289,59.5637],[-135.0276,59.4747],[-135.0773,59.4518],[-135.101,59.4275],[-134.9897,59.3871],[-135.0305,59.3463],[-134.9599,59.2809],[-134.7007,59.249],[-134.6791,59.1923],[-134.5656,59.1311],[-134.4834,59.1316],[-134.4471,59.0892],[-134.3819,59.0388],[-134.4071,58.9792],[-134.3137,58.9622],[-134.3365,58.9234],[-134.2581,58.861],[-133.9722,58.7673],[-133.8405,58.7294],[-133.7071,58.6123],[-133.5578,58.5231],[-133.3773,58.4305],[-133.4615,58.3877],[-133.3565,58.2869],[-133.3304,58.2665],[-133.2548,58.2157],[-133.1841,58.1625],[-133.1769,58.1506],[-133.1769,58.1505],[-133.0764,57.9998],[-132.8693,57.8429],[-132.7568,57.7051],[-132.6581,57.6195],[-132.6525,57.6074],[-132.5537,57.4965],[-132.363,57.342],[-132.2479,57.2113],[-132.369,57.0915],[-132.0452,57.0451],[-132.1159,56.8903],[-132.1236,56.8736],[-131.8729,56.806],[-131.9011,56.7537],[-131.8607,56.703],[-131.8353,56.5992],[-131.5811,56.6122],[-131.4691,56.5516],[-131.1735,56.4495],[-131.0878,56.4062],[-131.0873,56.4062],[-130.782,56.3668],[-130.6233,56.2669],[-130.5405,56.2475],[-130.4679,56.2431],[-130.4249,56.1414],[-130.351,56.1287],[-130.2462,56.0964],[-130.1038,56.1228],[-130.0035,56.0081],[-130.0177,55.9119],[-130.0038,55.9119],[-130.0038,55.9074],[-130.0835,55.8217],[-130.1248,55.8056],[-130.1516,55.7674],[-130.1524,55.7663],[-130.1478,55.7149],[-130.1117,55.6829],[-130.1279,55.581],[-130.0899,55.498],[-130.0412,55.4517],[-130.0211,55.3379],[-129.9766,55.3004],[-129.9742,55.2819],[-130.1028,55.1926],[-130.1461,55.1428],[-130.1524,55.1246],[-130.1809,55.0913],[-130.1876,55.0628],[-130.2733,54.974],[-130.3403,54.9221],[-130.4227,54.8734],[-130.4594,54.8485],[-130.5682,54.7922],[-130.6289,54.7827],[-130.659,54.7631],[-130.6337,54.7441],[-130.6445,54.7369],[-130.6857,54.7187],[-130.6928,54.7202],[-130.7374,54.7535],[-130.7472,54.7726],[-130.7332,54.7796],[-130.7322,54.7826],[-130.7363,54.7948],[-130.7423,54.8019],[-130.7736,54.8208],[-130.7874,54.8229],[-130.7886,54.7946],[-130.7921,54.7848],[-130.8068,54.7769],[-130.837,54.7674],[-130.855,54.7663],[-130.8669,54.7691],[-130.9018,54.7809],[-130.9159,54.7896],[-130.9325,54.8069],[-130.9471,54.826],[-130.941,54.8416],[-130.9473,54.8867],[-130.9597,54.9187],[-130.9604,54.9337],[-130.9491,54.9678],[-130.9535,54.9721],[-130.975,54.9749],[-131.0078,54.9913],[-131.0121,54.9962],[-131.0042,55.0296],[-130.9868,55.0652],[-130.9837,55.0689],[-130.9842,55.0844],[-131.0132,55.0901],[-131.0297,55.0995],[-131.0523,55.1182],[-131.0707,55.1381],[-131.0766,55.1462],[-131.0856,55.1582],[-131.0875,55.163],[-131.0938,55.1913],[-131.0926,55.1927],[-130.9853,55.2473],[-130.953,55.2731],[-130.9516,55.2916],[-130.9251,55.3007],[-130.9099,55.2999],[-130.8713,55.2938],[-130.8649,55.2984],[-130.8649,55.3095],[-130.8719,55.314],[-130.8821,55.3588],[-130.9208,55.4287],[-130.923,55.4351],[-130.9203,55.4461],[-130.9107,55.46],[-130.8981,55.4702],[-130.8813,55.4956],[-130.8705,55.5338],[-130.88,55.599],[-130.9019,55.6974],[-130.939,55.7548],[-130.9848,55.7993],[-131.094,55.8957],[-131.1714,55.943],[-131.1874,55.956],[-131.2165,55.9843],[-131.23,55.9843],[-131.2369,55.9823],[-131.2435,55.9737],[-131.2459,55.9659],[-131.2417,55.9551],[-131.1568,55.9011],[-131.0701,55.8286],[-131.0532,55.7998],[-131.0435,55.767],[-131.041,55.7628],[-130.9986,55.7235],[-130.966,55.689],[-130.9468,55.6507],[-130.9277,55.5766],[-130.9452,55.5577],[-130.9789,55.5508],[-130.9871,55.5399],[-130.9944,55.4724],[-130.9696,55.3933],[-130.9475,55.3808],[-130.9282,55.3394],[-130.9334,55.3319],[-130.9466,55.3224],[-130.9598,55.3159],[-130.9683,55.3166],[-130.9641,55.3327],[-131.0006,55.398],[-131.0087,55.4048],[-131.029,55.4084],[-131.0331,55.3931],[-131.0342,55.3794],[-131.0305,55.3769],[-131.0273,55.3714],[-131.0199,55.3479],[-131.0314,55.2848],[-131.0723,55.2538],[-131.1605,55.1975],[-131.1887,55.1927],[-131.2112,55.1924],[-131.2355,55.1976],[-131.2631,55.2083],[-131.2972,55.235],[-131.3027,55.2502],[-131.2783,55.2603],[-131.2402,55.2872],[-131.2304,55.2978],[-131.1916,55.3605],[-131.1919,55.3683],[-131.1975,55.3911],[-131.2025,55.3928],[-131.2724,55.3878],[-131.2921,55.3839],[-131.293,55.3787],[-131.287,55.3583],[-131.2646,55.3456],[-131.2545,55.3297],[-131.2551,55.3221],[-131.285,55.2864],[-131.2912,55.2818],[-131.327,55.2659],[-131.4029,55.2381],[-131.4245,55.2388],[-131.4282,55.2394],[-131.4379,55.2484],[-131.4448,55.2645],[-131.4635,55.2834],[-131.4756,55.3033],[-131.463,55.3126],[-131.472,55.3234],[-131.4941,55.3323],[-131.5098,55.3323],[-131.5153,55.3279],[-131.5196,55.3171],[-131.5282,55.2953],[-131.5365,55.2924],[-131.55,55.2934],[-131.5667,55.3061],[-131.5848,55.3096],[-131.6197,55.3288],[-131.639,55.3395],[-131.6721,55.348],[-131.6971,55.3544],[-131.6987,55.3549],[-131.7324,55.3776],[-131.7359,55.3819],[-131.7367,55.3922],[-131.7377,55.3934],[-131.7418,55.3981],[-131.7427,55.3986],[-131.8284,55.4452],[-131.8338,55.4492],[-131.8442,55.4567],[-131.8455,55.5221],[-131.8417,55.5267],[-131.7937,55.5417],[-131.7664,55.54],[-131.7331,55.5486],[-131.6646,55.5815],[-131.6542,55.5924],[-131.6715,55.6066],[-131.6828,55.6105],[-131.7011,55.6137],[-131.7244,55.6326],[-131.7263,55.6359],[-131.7266,55.641],[-131.7195,55.6503],[-131.7121,55.6658],[-131.7011,55.697],[-131.7067,55.7064],[-131.7265,55.7208],[-131.7334,55.7308],[-131.7193,55.7491],[-131.7049,55.7555],[-131.6496,55.7687],[-131.6403,55.7853],[-131.6401,55.7894],[-131.6531,55.7957],[-131.6782,55.7998],[-131.6911,55.7976],[-131.6972,55.7938],[-131.701,55.789],[-131.7053,55.7899],[-131.7104,55.8066],[-131.7137,55.8533],[-131.7015,55.8609],[-131.689,55.8755],[-131.6873,55.8868],[-131.6895,55.8902],[-131.7204,55.8947],[-131.7767,55.8788],[-131.8282,55.8773],[-131.837,55.8755],[-131.8305,55.8566],[-131.8163,55.8374],[-131.777,55.8233],[-131.7712,55.81],[-131.7799,55.7919],[-131.8148,55.7314],[-131.8262,55.7186],[-131.8314,55.6813],[-131.8289,55.6671],[-131.8654,55.6307],[-131.8974,55.6039],[-131.9393,55.6238],[-131.9631,55.6153],[-131.9626,55.6087],[-131.9453,55.5724],[-131.9367,55.5352],[-131.9718,55.4983],[-131.9865,55.5006],[-132.0146,55.5152],[-132.0438,55.5357],[-132.0605,55.543],[-132.0985,55.55],[-132.1147,55.5506],[-132.1411,55.559],[-132.1484,55.5625],[-132.1832,55.5881],[-132.1987,55.6157],[-132.2015,55.6264],[-132.1979,55.634],[-132.198,55.6344],[-132.2154,55.6823],[-132.2242,55.7018],[-132.2375,55.7113],[-132.2601,55.7323],[-132.2836,55.7618],[-132.2804,55.7656],[-132.2651,55.7622],[-132.2517,55.7562],[-132.2296,55.7405],[-132.207,55.737],[-132.1905,55.7425],[-132.1855,55.7532],[-132.185,55.7788],[-132.1875,55.7856],[-132.1832,55.8008],[-132.1304,55.8114],[-132.1134,55.8127],[-132.0861,55.8324],[-132.0674,55.8751],[-132.0418,55.9588],[-132.0703,56.0467],[-132.0384,56.0913],[-132.0334,56.0956],[-132.0113,56.0774],[-131.9703,56.114],[-131.9357,56.1772],[-131.9434,56.1926],[-131.9588,56.1948],[-131.9939,56.1934],[-132.0181,56.1832],[-132.0348,56.1334],[-132.061,56.1294],[-132.104,56.1081],[-132.177,56.0557],[-132.1297,55.9579],[-132.1355,55.9416],[-132.1591,55.9226],[-132.1702,55.9192],[-132.1919,55.9217],[-132.2242,55.9304],[-132.28,55.9248],[-132.3205,55.8876],[-132.3198,55.8743],[-132.3093,55.8651],[-132.3099,55.8623],[-132.3232,55.8519],[-132.3723,55.8504],[-132.3765,55.8534],[-132.3973,55.8789],[-132.3983,55.8841],[-132.3971,55.9055],[-132.3733,55.9177],[-132.3836,55.9368],[-132.42,55.9474],[-132.4498,55.9562],[-132.4548,55.9916],[-132.4653,56.0185],[-132.4818,56.0306],[-132.4928,56.0664],[-132.5221,56.077],[-132.5451,56.0537],[-132.5737,56.0707],[-132.5955,56.0685],[-132.6087,56.0521],[-132.5932,56.0323],[-132.5942,56.0219],[-132.6077,56.0108],[-132.6401,56.0332],[-132.6846,56.0823],[-132.7087,56.1121],[-132.7234,56.1458],[-132.7183,56.2177],[-132.6899,56.2387],[-132.6725,56.2394],[-132.6642,56.2363],[-132.6443,56.2328],[-132.6158,56.2342],[-132.6015,56.2401],[-132.5821,56.2788],[-132.582,56.2855],[-132.575,56.2965],[-132.5431,56.3323],[-132.5294,56.3386],[-132.4418,56.354],[-132.4316,56.3522],[-132.422,56.3493],[-132.4037,56.3348],[-132.3818,56.3108],[-132.3806,56.3078],[-132.3828,56.2992],[-132.364,56.2871],[-132.3587,56.2908],[-132.3491,56.3045],[-132.3407,56.3418],[-132.3611,56.3806],[-132.3943,56.4856],[-132.3894,56.4914],[-132.3824,56.492],[-132.3626,56.4879],[-132.2534,56.4495],[-132.2455,56.4412],[-132.2339,56.4167],[-132.242,56.4137],[-132.2385,56.3987],[-132.2231,56.384],[-132.2044,56.3721],[-132.1993,56.3711],[-132.1812,56.3871],[-132.1794,56.3908],[-132.1816,56.3993],[-132.2086,56.4571],[-132.239,56.4767],[-132.2596,56.4876],[-132.2798,56.4859],[-132.2905,56.487],[-132.3576,56.529],[-132.3613,56.5342],[-132.3671,56.5746],[-132.4084,56.5851],[-132.4508,56.5641],[-132.4847,56.5658],[-132.4661,56.5839],[-132.4858,56.606],[-132.5707,56.6331],[-132.5812,56.6596],[-132.5871,56.6825],[-132.5429,56.7019],[-132.5506,56.7139],[-132.5667,56.7386],[-132.5568,56.7572],[-132.6375,56.7809],[-132.7704,56.8375],[-132.7921,56.8562],[-132.7971,56.8649],[-132.7936,56.8664],[-132.7927,56.8717],[-132.797,56.8778],[-132.8179,56.8969],[-132.8293,56.9036],[-132.8467,56.9106],[-132.8703,56.9257],[-132.912,56.9667],[-132.919,56.9937],[-132.8924,56.993],[-132.8536,57.0053],[-132.8137,57.0302],[-132.8322,57.0704],[-132.8533,57.0801],[-132.8701,57.0784],[-132.8752,57.0696],[-132.9165,57.0401],[-132.9375,57.0483],[-132.9843,57.0548],[-132.9939,57.0324],[-133.025,57.0573],[-133.0765,57.0817],[-133.1253,57.0889],[-133.1614,57.0863],[-133.1881,57.089],[-133.2087,57.1097],[-133.2103,57.1185],[-133.2067,57.1238],[-133.2247,57.1365],[-133.2349,57.1379],[-133.2474,57.1368],[-133.3224,57.1127],[-133.4669,57.1594],[-133.5172,57.1778],[-133.5448,57.2426],[-133.5426,57.2507],[-133.5228,57.2786],[-133.4897,57.3052],[-133.4759,57.308],[-133.4559,57.304],[-133.445,57.2977],[-133.4424,57.29],[-133.4259,57.286],[-133.3716,57.2867],[-133.3076,57.2901],[-133.2871,57.3029],[-133.2748,57.3306],[-133.2835,57.3331],[-133.3421,57.3368],[-133.3547,57.3333],[-133.4039,57.3427],[-133.4427,57.3528],[-133.4538,57.3562],[-133.4683,57.3642],[-133.472,57.3687],[-133.476,57.3804],[-133.4725,57.3884],[-133.4612,57.3946],[-133.5031,57.4535],[-133.5251,57.4903],[-133.5258,57.5018],[-133.5167,57.5439],[-133.5108,57.5481],[-133.4964,57.5488],[-133.4882,57.5514],[-133.4781,57.5617],[-133.4812,57.5715],[-133.506,57.5785],[-133.5283,57.5739],[-133.5319,57.5695],[-133.5379,57.5673],[-133.5655,57.5631],[-133.5789,57.5651],[-133.6208,57.5789],[-133.6644,57.6117],[-133.6764,57.6252],[-133.681,57.6483],[-133.6586,57.7079],[-133.6545,57.7137],[-133.5822,57.7151],[-133.5439,57.6965],[-133.531,57.6869],[-133.5222,57.6837],[-133.4897,57.6771],[-133.4412,57.672],[-133.405,57.6638],[-133.2346,57.6087],[-133.1889,57.5891],[-133.1791,57.5871],[-133.1625,57.5998],[-133.174,57.6101],[-133.2511,57.65],[-133.2782,57.6619],[-133.2911,57.6654],[-133.3225,57.6658],[-133.4854,57.7387],[-133.545,57.768],[-133.553,57.773],[-133.5599,57.7775],[-133.5561,57.7888],[-133.5698,57.8594],[-133.6012,57.8604],[-133.6102,57.8607],[-133.6313,57.8468],[-133.634,57.8379],[-133.642,57.8112],[-133.6389,57.8033],[-133.6356,57.7999],[-133.6371,57.7922],[-133.6397,57.7904],[-133.6581,57.7864],[-133.6774,57.7866],[-133.6965,57.7949],[-133.6968,57.7951],[-133.7031,57.7922],[-133.7091,57.7927],[-133.8488,57.9354],[-134.0496,58.062],[-134.0877,58.182],[-134.0543,58.2385],[-134.0607,58.2825],[-134.0117,58.2936],[-133.9668,58.3178],[-133.9925,58.352],[-134.0134,58.404],[-134.0405,58.402],[-134.0719,58.3296],[-134.1437,58.3038],[-134.1447,58.2675],[-134.1028,58.2487],[-134.1313,58.2323],[-134.1467,58.1991],[-134.185,58.2084],[-134.2352,58.1971],[-134.2624,58.1909],[-134.3524,58.2005],[-134.4049,58.2191],[-134.4824,58.2298],[-134.5069,58.2165],[-134.6312,58.2474],[-134.6936,58.3119],[-134.7764,58.3974],[-134.7924,58.4919],[-134.9417,58.6121],[-134.9887,58.6793],[-134.9205,58.6805],[-134.9353,58.7295],[-134.9417,58.7829],[-134.9607,58.8301],[-134.9978,58.8199],[-135.0272,58.7822],[-135.0226,58.7323],[-135.1511,58.8459],[-135.1752,58.9709],[-135.1758,58.9739],[-135.1801,58.9979],[-135.2086,59.0768],[-135.2383,59.1301],[-135.284,59.1925],[-135.3683,59.2633],[-135.3966,59.2924],[-135.5278,59.3236],[-135.5444,59.31],[-135.4911,59.2822],[-135.4445,59.2777],[-135.4296,59.2427],[-135.3681,59.2089],[-135.3316,59.1513],[-135.2958,59.0964],[-135.3014,59.0823],[-135.3214,59.0887],[-135.3509,59.1058],[-135.3744,59.1289],[-135.4074,59.1698],[-135.4734,59.226],[-135.553,59.2569],[-135.6324,59.266],[-135.5409,59.2191],[-135.4841,59.1865],[-135.457,59.1345],[-135.4372,59.1132],[-135.388,59.105],[-135.3764,59.089],[-135.395,59.0429],[-135.3826,59.0334],[-135.3788,59.02],[-135.3994,59.0054],[-135.3893,58.9905],[-135.3931,58.9715],[-135.3674,58.9296],[-135.3236,58.9096],[-135.3226,58.9007],[-135.3399,58.889],[-135.2847,58.8181],[-135.2742,58.8131],[-135.249,58.7909],[-135.2432,58.7831],[-135.2339,58.7355],[-135.1423,58.6164],[-135.1358,58.5882],[-135.1375,58.5778],[-135.1422,58.5771],[-135.1455,58.5783],[-135.1538,58.5866],[-135.1591,58.5955],[-135.1864,58.5978],[-135.1905,58.5924],[-135.1894,58.5762],[-135.1659,58.5466],[-135.1323,58.4965],[-135.089,58.423],[-135.0581,58.3494],[-135.0491,58.3093],[-135.0535,58.2905],[-135.0566,58.2887],[-135.0605,58.2903],[-135.0698,58.3027],[-135.0958,58.2972],[-135.1012,58.2926],[-135.1077,58.265],[-135.0991,58.2451],[-135.0562,58.1899],[-135.0733,58.1906],[-135.0879,58.2001],[-135.1129,58.2016],[-135.1591,58.2102],[-135.2203,58.2356],[-135.2277,58.2369],[-135.2467,58.2364],[-135.2772,58.2336],[-135.2877,58.2349],[-135.3065,58.2429],[-135.3449,58.2708],[-135.3983,58.3277],[-135.4081,58.343],[-135.4331,58.3999],[-135.4613,58.3999],[-135.4661,58.3943],[-135.5124,58.3858],[-135.5214,58.3914],[-135.5561,58.4077],[-135.6221,58.4282],[-135.6304,58.4286],[-135.7281,58.3971],[-135.8261,58.3902],[-135.9073,58.3808],[-135.9179,58.3812],[-135.9211,58.3858],[-135.9203,58.3891],[-135.8973,58.4161],[-135.8972,58.45],[-135.9161,58.4639],[-135.9233,58.4629],[-135.9345,58.452],[-135.9399,58.4516],[-135.9876,58.4644],[-135.9974,58.4704],[-135.9995,58.4803],[-135.9909,58.4873],[-135.9681,58.4947],[-135.9556,58.4928],[-135.9451,58.4948],[-135.9069,58.5058],[-135.8932,58.5139],[-135.8951,58.5341],[-135.914,58.5406],[-135.9286,58.5729],[-135.9122,58.6188],[-136.0122,58.7122],[-136.0158,58.7226],[-136.0089,58.7319],[-136.0117,58.7433],[-136.0462,58.7818],[-136.0829,58.8084],[-136.0896,58.8157],[-136.0773,58.825],[-136.0453,58.8361],[-136.0504,58.9134],[-136.0607,58.9276],[-136.1203,58.9684],[-136.1453,58.9767],[-136.1627,58.9773],[-136.1636,58.9732],[-136.1603,58.962],[-136.1503,58.9471],[-136.1245,58.9245],[-136.107,58.8644],[-136.1508,58.7573],[-136.1619,58.7522],[-136.2137,58.7512],[-136.2473,58.7529],[-136.3973,58.813],[-136.4311,58.8184],[-136.4747,58.8308],[-136.4937,58.839],[-136.5282,58.9285],[-136.5265,58.9545],[-136.5449,58.9673],[-136.5598,58.9634],[-136.5722,58.9573],[-136.5755,58.9466],[-136.5755,58.9289],[-136.5863,58.9094],[-136.6305,58.8903],[-136.6704,58.8932],[-136.6769,58.895],[-136.6946,58.9041],[-136.7048,58.9144],[-136.725,58.9235],[-136.7504,58.9304],[-136.7829,58.9367],[-136.7887,58.9363],[-136.8028,58.9231],[-136.841,58.9197],[-136.86,58.932],[-136.8578,58.9429],[-136.8778,58.9624],[-136.9185,58.9472],[-136.916,58.9384],[-136.9324,58.9163],[-136.9348,58.9163],[-136.9335,58.9086],[-136.9286,58.9001],[-136.8682,58.8852],[-136.7679,58.8706],[-136.7445,58.8766],[-136.6764,58.8563],[-136.6128,58.8462],[-136.5834,58.8388],[-136.538,58.8198],[-136.4633,58.7816],[-136.3568,58.6926],[-136.3542,58.6843],[-136.3728,58.6674],[-136.3961,58.6544],[-136.4099,58.6492],[-136.4223,58.6474],[-136.4498,58.6378],[-136.4824,58.6167],[-136.4594,58.6079],[-136.3833,58.63],[-136.3428,58.645],[-136.3314,58.6635],[-136.3172,58.6712],[-136.2464,58.6632],[-136.23,58.6752],[-136.2176,58.6724],[-136.1942,58.5817],[-136.145,58.5546],[-136.1327,58.5318],[-136.1003,58.5146],[-136.1003,58.5007],[-136.0746,58.4699],[-136.0727,58.4566],[-136.0622,58.4358],[-136.053,58.4174],[-136.0418,58.3802],[-136.0926,58.349],[-136.1119,58.3425],[-136.2659,58.3145],[-136.2768,58.3139],[-136.2883,58.3161],[-136.2963,58.3184],[-136.3042,58.3235],[-136.3051,58.3287],[-136.3031,58.3363],[-136.2987,58.3429],[-136.2901,58.3514],[-136.2816,58.3531],[-136.2739,58.3634],[-136.2826,58.3673],[-136.2889,58.3696],[-136.3367,58.3776],[-136.382,58.3627],[-136.3651,58.3467],[-136.3604,58.3441],[-136.3571,58.3288],[-136.371,58.3016],[-136.3765,58.2986],[-136.39,58.2971],[-136.472,58.3064],[-136.5143,58.31],[-136.5448,58.3167],[-136.5705,58.311],[-136.5857,58.2967],[-136.5768,58.278],[-136.5698,58.2687],[-136.568,58.2452],[-136.5919,58.2179],[-136.5972,58.215],[-136.6198,58.2099],[-136.6586,58.2073],[-136.7012,58.2194],[-136.7234,58.2449],[-136.7309,58.2565],[-136.7171,58.2735],[-136.7302,58.2862],[-136.7622,58.2868],[-136.7843,58.2905],[-136.8576,58.3164],[-136.849,58.329],[-136.9467,58.3932],[-136.9864,58.404],[-137.0094,58.4089],[-137.0184,58.4091],[-137.0781,58.3975],[-137.1118,58.3926],[-137.1345,58.4066],[-137.18,58.4299],[-137.2394,58.4532],[-137.2527,58.4563],[-137.2786,58.4595],[-137.2958,58.4662],[-137.4088,58.5158],[-137.497,58.5577],[-137.5682,58.588],[-137.6088,58.6012],[-137.6329,58.6],[-137.6717,58.6155],[-137.6808,58.6218],[-137.6769,58.6468],[-137.6835,58.6603],[-137.6876,58.665],[-137.795,58.7249],[-137.8753,58.7572],[-137.9017,58.7653],[-137.9282,58.7805],[-137.9418,58.7943],[-137.945,58.8047],[-137.9421,58.8092],[-137.9394,58.8137],[-137.9316,58.8198],[-137.9276,58.8272],[-137.9246,58.8439],[-137.9326,58.8685],[-137.952,58.886],[-137.9852,58.9095],[-138.0663,58.9571],[-138.1362,58.989],[-138.1739,59.0037],[-138.1821,59.0138],[-138.2243,59.0322],[-138.2891,59.0542],[-138.6367,59.1306],[-138.7059,59.1625],[-138.7635,59.1913],[-138.8475,59.2248],[-138.9197,59.2485],[-139.0446,59.2803],[-139.271,59.3374],[-139.343,59.3566],[-139.4202,59.3798],[-139.5412,59.4231],[-139.5952,59.4454],[-139.7465,59.5034],[-139.8556,59.5367],[-139.8625,59.5443],[-139.8613,59.5467],[-139.8472,59.5573],[-139.8378,59.562],[-139.8072,59.5543],[-139.7851,59.564],[-139.7953,59.5748],[-139.7982,59.5852],[-139.7706,59.5995],[-139.7258,59.6385],[-139.6544,59.6309],[-139.6402,59.6262],[-139.6497,59.6185],[-139.6714,59.6157],[-139.6763,59.6112],[-139.6724,59.6029],[-139.6546,59.598],[-139.6231,59.5959],[-139.6145,59.5971],[-139.5871,59.606],[-139.5814,59.6092],[-139.5825,59.6135],[-139.5894,59.6187],[-139.5935,59.6243],[-139.5858,59.6428],[-139.5182,59.6878],[-139.5105,59.7026],[-139.5323,59.706],[-139.5498,59.7033],[-139.5888,59.709],[-139.5954,59.7185],[-139.5877,59.7258],[-139.5783,59.7347],[-139.5821,59.7746],[-139.5983,59.807],[-139.6211,59.8403],[-139.6345,59.8746],[-139.6259,59.9041],[-139.6059,59.905],[-139.5772,59.9183],[-139.5359,59.9352],[-139.5275,59.94],[-139.5316,59.9602],[-139.5452,59.9689],[-139.5313,59.9744],[-139.508,59.9855],[-139.4887,59.995],[-139.5226,60.0203],[-139.5359,60.0432],[-139.5597,60.0417],[-139.5632,60.0278],[-139.5853,60.0046],[-139.6051,59.9996],[-139.6072,59.9683],[-139.6124,59.9489],[-139.6335,59.9436],[-139.6608,59.9334],[-139.701,59.9304],[-139.7235,59.9126],[-139.7553,59.8879],[-139.776,59.8684],[-139.7714,59.8455],[-139.7802,59.8265],[-139.8442,59.8079],[-139.9255,59.7921],[-139.9953,59.7769],[-140.0804,59.7563],[-140.1627,59.7406],[-140.1864,59.7325],[-140.2064,59.7169],[-140.2551,59.7023],[-140.306,59.6929],[-140.378,59.6977],[-140.5491,59.7075],[-140.6,59.7113],[-140.649,59.7112],[-140.7925,59.7286],[-140.8907,59.742],[-140.9819,59.7696],[-141.1565,59.8136],[-141.2161,59.8273],[-141.4231,59.8773],[-141.4681,59.8984],[-141.4852,59.925],[-141.4709,59.9269],[-141.4186,59.9165],[-141.2996,59.9374],[-141.291,59.9679],[-141.2593,59.9984],[-141.2853,60.0154],[-141.2895,60.0342],[-141.3756,60.1107],[-141.3667,60.1472],[-141.3801,60.1589],[-141.4036,60.1557],[-141.4385,60.1325],[-141.5132,60.1622],[-141.5493,60.1703],[-141.5526,60.1536],[-141.5281,60.1273],[-141.4673,60.0838],[-141.3981,60.0531],[-141.3681,60.024],[-141.4014,60.0059],[-141.5303,59.9777],[-141.5954,59.9619],[-141.7362,59.9619],[-141.8698,59.9988],[-141.9122,60.0098],[-141.9662,60.0191],[-141.9988,60.0226],[-142.0625,60.0238],[-142.1001,60.0268],[-142.13,60.0303],[-142.2452,60.0498],[-142.5375,60.084],[-142.5897,60.0882],[-142.6984,60.0933],[-142.8099,60.0952],[-142.8752,60.0924],[-142.9089,60.0903],[-143.0687,60.0686],[-143.1356,60.0621],[-143.1943,60.062],[-143.4134,60.0519],[-143.6242,60.0373],[-143.699,60.0278],[-143.8933,59.9867],[-143.897,59.9859],[-144.035,60.0202],[-144.1959,59.9974],[-144.4243,59.8946],[-144.451,59.8717],[-144.5909,59.7956],[-144.6013,59.7975],[-144.5671,59.8517],[-144.4395,59.9403],[-144.3234,59.9926],[-144.2168,60.0402],[-144.0525,60.0418],[-144.0487,60.0593],[-144.1103,60.0989],[-144.2854,60.1401],[-144.312,60.162],[-144.3496,60.146],[-144.3239,60.1235],[-144.3285,60.1085],[-144.3489,60.0912],[-144.4292,60.148],[-144.4419,60.1631],[-144.454,60.166],[-144.4848,60.1696],[-144.5349,60.1894],[-144.5451,60.187],[-144.5538,60.1819],[-144.5551,60.1785],[-144.5582,60.1778],[-144.5963,60.1817],[-144.6549,60.2049],[-144.9089,60.2213],[-144.9293,60.2283],[-144.8772,60.2446],[-144.7389,60.2651],[-144.805,60.2812],[-144.8928,60.2928],[-144.914,60.2809],[-144.9578,60.2882],[-144.9662,60.3092],[-144.9127,60.3632],[-144.8714,60.4073],[-144.8555,60.4169],[-144.8341,60.4438],[-144.8487,60.4552],[-144.8745,60.4573],[-144.8873,60.456],[-144.9033,60.4426],[-144.9337,60.4257],[-144.9945,60.4144],[-145.0395,60.4061],[-145.0396,60.3667],[-145.0415,60.3571],[-145.0891,60.32],[-145.1139,60.301],[-145.1367,60.2962],[-145.2195,60.3038],[-145.2547,60.3114],[-145.3357,60.3381],[-145.5055,60.3943],[-145.5105,60.409],[-145.5039,60.4106],[-145.5015,60.4168],[-145.5024,60.4208],[-145.5369,60.4305],[-145.5615,60.4431],[-145.5942,60.4518],[-145.6688,60.4654],[-145.7359,60.4747],[-145.7993,60.462],[-145.8535,60.4456],[-145.8823,60.4446],[-145.9469,60.4554],[-145.9574,60.4611],[-145.9611,60.465],[-145.9605,60.4675],[-145.9144,60.4923],[-145.8631,60.5018],[-145.8024,60.5202],[-145.7129,60.5832],[-145.7365,60.5952],[-145.764,60.5916],[-145.7806,60.5792],[-145.7988,60.5619],[-145.8207,60.5501],[-145.8286,60.5497],[-145.9645,60.5136],[-146.0392,60.493],[-146.0744,60.4801],[-146.1097,60.4703],[-146.2168,60.4502],[-146.2471,60.4512],[-146.3126,60.4574],[-146.3174,60.4606],[-146.3513,60.4543],[-146.3553,60.4493],[-146.3563,60.4255],[-146.3501,60.4078],[-146.3301,60.4071],[-146.3088,60.4142],[-146.2842,60.4177],[-146.134,60.4315],[-146.127,60.4308],[-146.1236,60.428],[-146.1262,60.4243],[-146.0946,60.4103],[-146.0881,60.365],[-146.1476,60.3672],[-146.1972,60.3483],[-146.2467,60.3351],[-146.3137,60.3405],[-146.3933,60.3275],[-146.4587,60.3072],[-146.4908,60.2949],[-146.5403,60.271],[-146.6077,60.2412],[-146.6284,60.2396],[-146.6414,60.2409],[-146.6509,60.243],[-146.6895,60.2713],[-146.694,60.2796],[-146.6935,60.2846],[-146.6819,60.2922],[-146.6503,60.3051],[-146.5954,60.3212],[-146.572,60.3218],[-146.5407,60.3388],[-146.5246,60.3507],[-146.5431,60.358],[-146.5758,60.3573],[-146.6074,60.3517],[-146.6246,60.3414],[-146.6563,60.3405],[-146.7175,60.3496],[-146.7255,60.3599],[-146.7241,60.3876],[-146.7215,60.3964],[-146.6378,60.4672],[-146.6108,60.4856],[-146.591,60.491],[-146.5292,60.4921],[-146.5243,60.4873],[-146.5058,60.477],[-146.4554,60.4653],[-146.3684,60.4807],[-146.3168,60.4975],[-146.2901,60.5157],[-146.1563,60.5263],[-146.0804,60.5431],[-145.9517,60.5768],[-145.8869,60.5857],[-145.873,60.5848],[-145.8446,60.5865],[-145.8008,60.594],[-145.7951,60.6011],[-145.7957,60.6032],[-145.8161,60.6122],[-145.8327,60.6149],[-145.8564,60.6109],[-145.8887,60.6103],[-145.8967,60.6118],[-145.8982,60.6137],[-145.8966,60.6287],[-145.8956,60.6292],[-145.8975,60.6512],[-145.8843,60.6582],[-145.8682,60.6668],[-145.8417,60.6859],[-145.8418,60.6898],[-145.8449,60.6902],[-145.8522,60.6899],[-145.8586,60.6885],[-145.8762,60.6835],[-145.8947,60.6742],[-145.8996,60.6711],[-145.9224,60.652],[-145.9253,60.6489],[-145.9373,60.6321],[-145.9375,60.6305],[-145.966,60.6227],[-146.0029,60.6151],[-146.005,60.6162],[-146.0062,60.6169],[-146.0081,60.6197],[-146.0081,60.6253],[-145.9996,60.6408],[-145.9691,60.6682],[-145.9374,60.6828],[-145.9318,60.6855],[-145.9119,60.6966],[-145.8996,60.7056],[-145.9017,60.7154],[-145.9059,60.715],[-145.9785,60.6847],[-146.0168,60.6672],[-146.0254,60.6653],[-146.0561,60.6587],[-146.0867,60.652],[-146.1173,60.6433],[-146.1313,60.6392],[-146.1436,60.6339],[-146.1476,60.6314],[-146.1881,60.6245],[-146.2535,60.6223],[-146.2588,60.6263],[-146.2635,60.6319],[-146.2691,60.6412],[-146.2707,60.6449],[-146.2706,60.648],[-146.2634,60.6516],[-146.1886,60.6873],[-146.1791,60.6915],[-146.141,60.7077],[-146.1245,60.7124],[-146.1015,60.7193],[-146.0441,60.7436],[-146.0457,60.754],[-146.0491,60.7638],[-146.065,60.7769],[-146.0676,60.7739],[-146.0714,60.771],[-146.0855,60.7611],[-146.0902,60.7582],[-146.1037,60.751],[-146.1208,60.742],[-146.1606,60.7264],[-146.1685,60.7254],[-146.1916,60.732],[-146.1994,60.7344],[-146.2023,60.7359],[-146.2005,60.7431],[-146.201,60.7432],[-146.2091,60.7444],[-146.2172,60.7417],[-146.2279,60.7361],[-146.2286,60.7356],[-146.2311,60.722],[-146.2399,60.7169],[-146.2581,60.7131],[-146.2857,60.7132],[-146.3038,60.7132],[-146.3143,60.7179],[-146.3177,60.7211],[-146.3183,60.7238],[-146.3127,60.7344],[-146.3448,60.7357],[-146.347,60.7357],[-146.3873,60.7146],[-146.4033,60.6931],[-146.4129,60.6905],[-146.4745,60.6815],[-146.5002,60.6801],[-146.5182,60.6881],[-146.5328,60.6897],[-146.5792,60.6902],[-146.6075,60.6864],[-146.6237,60.6804],[-146.6495,60.6834],[-146.6682,60.6928],[-146.6996,60.7322],[-146.704,60.7419],[-146.6054,60.7586],[-146.5671,60.7512],[-146.5011,60.7721],[-146.4652,60.7707],[-146.359,60.7862],[-146.3048,60.798],[-146.2558,60.81],[-146.1836,60.847],[-146.1723,60.8628],[-146.1735,60.8661],[-146.1886,60.8694],[-146.263,60.8678],[-146.2691,60.8638],[-146.2906,60.8427],[-146.3142,60.8278],[-146.3338,60.8219],[-146.3948,60.8123],[-146.551,60.8094],[-146.5564,60.8101],[-146.6208,60.869],[-146.6648,60.8709],[-146.7011,60.8483],[-146.7185,60.8357],[-146.7199,60.8302],[-146.7151,60.8204],[-146.7202,60.8145],[-146.7252,60.8121],[-146.7552,60.8079],[-146.801,60.8052],[-146.8194,60.8163],[-146.8194,60.8416],[-146.8167,60.8556],[-146.7878,60.8656],[-146.7746,60.8762],[-146.7574,60.8785],[-146.7276,60.8663],[-146.6981,60.8725],[-146.7117,60.8965],[-146.7364,60.9103],[-146.7472,60.9355],[-146.7459,60.9576],[-146.7018,60.987],[-146.6538,61.0478],[-146.6619,61.0608],[-146.6422,61.075],[-146.6079,61.0855],[-146.4357,61.0855],[-146.2625,61.0902],[-146.2567,61.0988],[-146.2691,61.1131],[-146.2881,61.1226],[-146.4014,61.1255],[-146.4243,61.1331],[-146.4937,61.1226],[-146.6137,61.1188],[-146.646,61.1036],[-146.6909,61.0641],[-146.7841,61.0429],[-146.8485,61.0006],[-146.8631,60.9825],[-146.8624,60.9762],[-146.8692,60.9714],[-146.8803,60.9652],[-146.9302,60.9443],[-146.9735,60.9348],[-147.0393,60.9421],[-147.0562,60.9455],[-147.0209,60.9597],[-146.9825,60.9756],[-146.9777,60.996],[-146.9993,61.0139],[-147.0001,61.0411],[-147.019,61.0728],[-147.0462,61.0944],[-147.062,61.1186],[-147.0235,61.1283],[-146.9981,61.1442],[-147.0211,61.1507],[-147.0752,61.1532],[-147.1096,61.1487],[-147.1279,61.1329],[-147.1031,61.1148],[-147.1195,61.0974],[-147.1325,61.0892],[-147.1084,61.0785],[-147.0964,61.0566],[-147.0872,61.0355],[-147.0953,61.0102],[-147.113,61.003],[-147.1373,60.981],[-147.145,60.9635],[-147.136,60.9462],[-147.1437,60.9398],[-147.172,60.9329],[-147.1817,60.9331],[-147.2053,60.9427],[-147.2157,60.9481],[-147.2212,60.9531],[-147.2269,60.9622],[-147.22,60.9695],[-147.2207,60.9817],[-147.222,60.9835],[-147.2534,60.9796],[-147.274,60.9746],[-147.2784,60.9611],[-147.2808,60.917],[-147.3785,60.8778],[-147.452,60.8942],[-147.4533,60.8974],[-147.4521,60.9259],[-147.4538,60.9415],[-147.4735,60.9576],[-147.4919,60.958],[-147.5077,60.9272],[-147.5064,60.9212],[-147.5028,60.9204],[-147.4942,60.9124],[-147.5178,60.8948],[-147.5255,60.8961],[-147.5434,60.9033],[-147.5502,60.908],[-147.5372,61.0193],[-147.5344,61.0311],[-147.5162,61.0614],[-147.5027,61.0721],[-147.5142,61.0961],[-147.5255,61.1012],[-147.5586,61.0998],[-147.5548,61.0917],[-147.5576,61.0814],[-147.5917,61.0166],[-147.6192,60.97],[-147.6142,60.9515],[-147.5981,60.9139],[-147.5877,60.8745],[-147.6028,60.85],[-147.627,60.8451],[-147.669,60.8416],[-147.6723,60.8453],[-147.6777,60.87],[-147.6634,60.875],[-147.6663,60.8838],[-147.7308,60.9113],[-147.7612,60.9132],[-147.7875,60.8735],[-147.7801,60.8634],[-147.7674,60.8535],[-147.7506,60.8521],[-147.7325,60.8247],[-147.7298,60.8183],[-147.7336,60.817],[-147.7437,60.8139],[-147.7776,60.811],[-147.8292,60.8159],[-147.8563,60.8209],[-147.9138,60.8252],[-147.9155,60.819],[-147.9208,60.8124],[-148.0343,60.7832],[-148.0985,60.7866],[-148.1344,60.7913],[-148.1448,60.7971],[-148.152,60.8181],[-148.1487,60.8287],[-148.1022,60.8993],[-148.0856,60.9186],[-148.0655,60.938],[-148.0177,60.9718],[-147.951,61.0292],[-147.9482,61.0406],[-147.9528,61.0688],[-147.95,61.0745],[-147.8881,61.1079],[-147.7724,61.1803],[-147.7615,61.2145],[-147.7158,61.2497],[-147.7263,61.2668],[-147.7387,61.2658],[-147.7939,61.2316],[-147.8177,61.2068],[-147.9138,61.1402],[-147.9776,61.1021],[-147.9995,61.0841],[-148.002,61.0601],[-148.0036,61.0538],[-148.0659,61.004],[-148.0905,61.0051],[-148.0954,61.0114],[-148.1058,61.0351],[-148.1255,61.0707],[-148.1494,61.0767],[-148.1664,61.0693],[-148.1648,61.0427],[-148.178,60.9996],[-148.1994,60.9716],[-148.2194,60.9536],[-148.2421,60.9377],[-148.266,60.9363],[-148.2816,60.9178],[-148.2949,60.8628],[-148.3101,60.8377],[-148.3411,60.8091],[-148.3509,60.804],[-148.3758,60.8035],[-148.3899,60.8056],[-148.397,60.8137],[-148.427,60.8271],[-148.4467,60.8087],[-148.4505,60.7964],[-148.4513,60.7895],[-148.4421,60.778],[-148.4315,60.7718],[-148.406,60.7803],[-148.3964,60.7797],[-148.3824,60.7758],[-148.3668,60.7658],[-148.3657,60.741],[-148.3845,60.6878],[-148.3744,60.6726],[-148.3483,60.6803],[-148.3268,60.7095],[-148.2805,60.7533],[-148.2699,60.7574],[-148.2302,60.7641],[-148.1481,60.7585],[-148.1208,60.749],[-148.1074,60.7398],[-148.0917,60.6762],[-148.0941,60.6615],[-148.143,60.6226],[-148.2304,60.5951],[-148.2382,60.6002],[-148.2552,60.5951],[-148.2932,60.5655],[-148.3065,60.5507],[-148.3286,60.5319],[-148.3336,60.5305],[-148.346,60.503],[-148.3468,60.4887],[-148.3294,60.4762],[-148.2939,60.483],[-148.2558,60.4934],[-148.2483,60.5005],[-148.2505,60.5076],[-148.239,60.5214],[-148.1924,60.5574],[-148.1152,60.596],[-148.1031,60.598],[-148.0868,60.5955],[-147.9794,60.5191],[-147.964,60.5028],[-147.9716,60.4865],[-147.9776,60.4809],[-147.9421,60.444],[-147.9933,60.3526],[-148.026,60.279],[-148.0649,60.2762],[-148.1163,60.2795],[-148.1505,60.2962],[-148.1535,60.3031],[-148.154,60.3116],[-148.1505,60.3207],[-148.1506,60.3242],[-148.1713,60.3353],[-148.1931,60.3391],[-148.2173,60.3316],[-148.2162,60.3183],[-148.2116,60.307],[-148.2155,60.301],[-148.2852,60.271],[-148.313,60.2631],[-148.3106,60.2485],[-148.2118,60.2603],[-148.1285,60.2369],[-148.0868,60.2142],[-148.0506,60.2013],[-148.0064,60.178],[-147.9681,60.1544],[-147.9101,60.1311],[-147.8892,60.1124],[-147.8514,60.0791],[-147.8253,60.0687],[-147.8155,60.0577],[-147.8305,60.0415],[-147.8593,60.0145],[-147.8705,59.9913],[-147.9182,59.969],[-148.0392,59.9389],[-148.1012,59.9528],[-148.149,59.9377],[-148.2251,59.9315],[-148.2541,59.9324],[-148.2206,59.9764],[-148.2718,60.0124],[-148.314,60.0339],[-148.3018,60.0539],[-148.2829,60.085],[-148.3039,60.118],[-148.3447,60.1391],[-148.3774,60.1167],[-148.3657,60.0865],[-148.4013,60.0307],[-148.4017,59.9778],[-148.4242,59.9537],[-148.4446,59.9426],[-148.4805,59.9581],[-148.4912,59.9784],[-148.5116,60.0021],[-148.5452,59.995],[-148.5481,59.968],[-148.5688,59.9445],[-148.5856,59.9372],[-148.6348,59.9157],[-148.6691,59.9215],[-148.6757,59.9226],[-148.6895,59.9447],[-148.7576,59.9587],[-148.8013,59.9528],[-148.8231,59.9309],[-148.8596,59.9244],[-148.8779,59.9369],[-148.9146,59.9689],[-148.964,59.9724],[-149.0118,59.9508],[-149.0416,59.9681],[-149.0899,59.9555],[-149.1233,59.9686],[-149.1221,59.9795],[-149.0844,60.0094],[-149.0372,60.0428],[-149.0707,60.0554],[-149.1034,60.0438],[-149.1658,60.022],[-149.2024,59.9887],[-149.2211,59.9387],[-149.2706,59.8721],[-149.3766,59.8359],[-149.4115,59.851],[-149.3841,59.8826],[-149.3589,59.899],[-149.3505,59.9352],[-149.3146,59.9711],[-149.3258,60.0095],[-149.3385,60.0461],[-149.3576,60.0885],[-149.3657,60.1186],[-149.4243,60.1228],[-149.4431,60.0985],[-149.4424,60.0596],[-149.4372,60.0292],[-149.4088,60.0134],[-149.3905,59.9838],[-149.4271,59.9806],[-149.4355,59.9645],[-149.4642,59.9186],[-149.4803,59.9287],[-149.5231,59.9276],[-149.5548,59.9106],[-149.5531,59.8903],[-149.5727,59.8523],[-149.6101,59.8378],[-149.5955,59.7977],[-149.5454,59.7826],[-149.5068,59.7709],[-149.5157,59.7382],[-149.5278,59.7068],[-149.5855,59.7196],[-149.6263,59.7344],[-149.6451,59.7693],[-149.6544,59.804],[-149.6687,59.8435],[-149.6403,59.8756],[-149.6422,59.8946],[-149.6785,59.9427],[-149.7149,59.9536],[-149.7413,59.9476],[-149.7329,59.9276],[-149.7171,59.903],[-149.7464,59.8609],[-149.7389,59.7322],[-149.7281,59.6928],[-149.7462,59.6376],[-149.7919,59.6614],[-149.8427,59.7013],[-149.8493,59.7381],[-149.9042,59.7623],[-150.0283,59.7887],[-150.0429,59.7723],[-150.0156,59.7541],[-149.9792,59.745],[-149.929,59.7232],[-149.9194,59.6918],[-149.9337,59.669],[-150.0319,59.6139],[-150.1089,59.5691],[-150.1802,59.5338],[-150.2535,59.4863],[-150.2964,59.4558],[-150.2971,59.4247],[-150.3536,59.416],[-150.3647,59.3825],[-150.3853,59.342],[-150.4301,59.3434],[-150.4402,59.404],[-150.3687,59.5177],[-150.3169,59.5853],[-150.3187,59.6104],[-150.3555,59.5984],[-150.4124,59.5546],[-150.4315,59.5143],[-150.4787,59.4585],[-150.4989,59.4563],[-150.5163,59.4623],[-150.5215,59.4679],[-150.5216,59.4747],[-150.5184,59.4771],[-150.5159,59.4822],[-150.5163,59.4868],[-150.523,59.4947],[-150.5361,59.4985],[-150.5435,59.5103],[-150.5502,59.527],[-150.5498,59.5388],[-150.5331,59.5631],[-150.5372,59.5811],[-150.5419,59.587],[-150.5477,59.5903],[-150.5561,59.5903],[-150.5758,59.5794],[-150.5893,59.5652],[-150.5945,59.5532],[-150.6022,59.5459],[-150.6148,59.5455],[-150.6312,59.5492],[-150.6395,59.5471],[-150.6387,59.5321],[-150.6316,59.5216],[-150.6152,59.5102],[-150.5951,59.4998],[-150.5896,59.5001],[-150.5846,59.4945],[-150.5796,59.4795],[-150.5799,59.4757],[-150.5843,59.4677],[-150.5856,59.4501],[-150.5812,59.4452],[-150.6012,59.4257],[-150.65,59.4209],[-150.6516,59.4218],[-150.7009,59.433],[-150.7172,59.4297],[-150.74,59.4252],[-150.745,59.4007],[-150.7699,59.373],[-150.7955,59.3628],[-150.8196,59.3573],[-150.8346,59.352],[-150.8774,59.3181],[-150.9116,59.3116],[-150.9128,59.3052],[-150.8956,59.2862],[-150.8878,59.2735],[-150.8878,59.2679],[-150.8978,59.2556],[-150.9422,59.2331],[-150.9595,59.2325],[-150.9752,59.2361],[-150.9884,59.2305],[-150.9954,59.2241],[-151.0012,59.2241],[-151.0067,59.2333],[-151.0088,59.2458],[-151.0073,59.2516],[-150.9968,59.2577],[-150.9991,59.2711],[-151.0231,59.269],[-151.0324,59.2758],[-151.0444,59.2936],[-151.0461,59.2994],[-151.0578,59.3017],[-151.0703,59.2879],[-151.0682,59.2841],[-151.0719,59.2811],[-151.0873,59.2688],[-151.0915,59.2692],[-151.1056,59.2631],[-151.1011,59.2406],[-151.1024,59.2287],[-151.1076,59.2178],[-151.1262,59.2099],[-151.1634,59.2026],[-151.1863,59.2028],[-151.1909,59.2066],[-151.1926,59.2112],[-151.2061,59.2193],[-151.2236,59.2243],[-151.2616,59.2203],[-151.2738,59.2297],[-151.2805,59.2305],[-151.2849,59.2276],[-151.2871,59.2248],[-151.2878,59.2194],[-151.2928,59.2143],[-151.3057,59.2095],[-151.3416,59.2222],[-151.3796,59.242],[-151.3873,59.2505],[-151.3905,59.2649],[-151.3995,59.276],[-151.4072,59.2793],[-151.4294,59.2686],[-151.4377,59.254],[-151.4492,59.2485],[-151.4886,59.2377],[-151.5096,59.2344],[-151.5185,59.2303],[-151.5251,59.2249],[-151.5202,59.2169],[-151.5047,59.2127],[-151.4996,59.2078],[-151.4978,59.2043],[-151.4988,59.2002],[-151.5027,59.1951],[-151.5215,59.1955],[-151.5582,59.2001],[-151.5747,59.1953],[-151.5793,59.1877],[-151.5765,59.1726],[-151.5804,59.1652],[-151.5907,59.1617],[-151.6989,59.1631],[-151.7106,59.1581],[-151.7209,59.1561],[-151.7391,59.156],[-151.7485,59.1586],[-151.7649,59.1755],[-151.7615,59.2052],[-151.7585,59.2157],[-151.7613,59.2213],[-151.8383,59.2091],[-151.8744,59.2119],[-151.9157,59.2275],[-151.9172,59.2313],[-151.911,59.2367],[-151.9062,59.238],[-151.9051,59.2471],[-151.9251,59.2544],[-151.9527,59.2504],[-151.9593,59.2476],[-151.9787,59.2538],[-151.9916,59.3136],[-151.9631,59.345],[-151.9527,59.3494],[-151.924,59.3544],[-151.903,59.3605],[-151.8907,59.3732],[-151.8871,59.3825],[-151.908,59.3953],[-151.9052,59.401],[-151.8865,59.421],[-151.826,59.439],[-151.7709,59.4479],[-151.7514,59.4466],[-151.7405,59.4384],[-151.7285,59.4397],[-151.7204,59.4431],[-151.7065,59.4628],[-151.6947,59.4684],[-151.6345,59.4824],[-151.5953,59.476],[-151.5713,59.4835],[-151.5494,59.4711],[-151.5187,59.4844],[-151.5299,59.5039],[-151.5163,59.5235],[-151.4733,59.5384],[-151.4364,59.5303],[-151.4346,59.544],[-151.3994,59.5413],[-151.3495,59.5674],[-151.3012,59.58],[-151.2775,59.5943],[-151.2323,59.5977],[-151.1643,59.587],[-151.1583,59.5941],[-151.1654,59.6013],[-151.188,59.6087],[-151.2055,59.6303],[-151.2076,59.6407],[-151.2032,59.646],[-151.174,59.6518],[-151.1261,59.6683],[-151.1214,59.6747],[-151.1228,59.6778],[-151.1165,59.6961],[-151.0983,59.7094],[-151.0189,59.7566],[-150.9439,59.7868],[-150.9273,59.7934],[-150.9481,59.7922],[-150.983,59.7835],[-151.0017,59.7884],[-151.0067,59.793],[-151.0278,59.7962],[-151.0638,59.7931],[-151.1138,59.7772],[-151.1724,59.7513],[-151.2145,59.7298],[-151.3298,59.6836],[-151.3771,59.6813],[-151.4248,59.6705],[-151.4286,59.6692],[-151.4366,59.6664],[-151.4392,59.6632],[-151.4411,59.6535],[-151.4487,59.6482],[-151.4613,59.643],[-151.5038,59.6337],[-151.6306,59.6458],[-151.6431,59.647],[-151.6865,59.6609],[-151.7095,59.6705],[-151.7468,59.6862],[-151.7963,59.7042],[-151.8291,59.7202],[-151.8503,59.739],[-151.8593,59.7496],[-151.8695,59.7692],[-151.8677,59.7784],[-151.8573,59.7911],[-151.8333,59.8141],[-151.8136,59.8443],[-151.8031,59.8785],[-151.7926,59.8888],[-151.7779,59.8975],[-151.7577,59.9176],[-151.7427,59.9446],[-151.718,60.0095],[-151.7029,60.0323],[-151.6614,60.0571],[-151.6238,60.088],[-151.6069,60.0996],[-151.5456,60.1284],[-151.5179,60.145],[-151.4894,60.1671],[-151.4887,60.1676],[-151.4217,60.2129],[-151.4066,60.2282],[-151.3879,60.2671],[-151.382,60.297],[-151.3832,60.3263],[-151.3816,60.3587],[-151.3773,60.3655],[-151.3669,60.3727],[-151.3061,60.3873],[-151.3019,60.3847],[-151.2998,60.3855],[-151.2931,60.4162],[-151.2868,60.4346],[-151.284,60.4522],[-151.2831,60.4693],[-151.281,60.5126],[-151.2788,60.5201],[-151.272,60.5311],[-151.2645,60.5433],[-151.2684,60.549],[-151.3031,60.5613],[-151.324,60.5741],[-151.3304,60.5805],[-151.3355,60.5886],[-151.3391,60.5942],[-151.3445,60.6135],[-151.3455,60.623],[-151.3502,60.6347],[-151.3624,60.6535],[-151.3878,60.6745],[-151.4045,60.695],[-151.4103,60.711],[-151.4093,60.7206],[-151.3848,60.7299],[-151.3705,60.7336],[-151.3092,60.7407],[-151.2796,60.7477],[-151.2705,60.7513],[-151.2614,60.7578],[-151.2593,60.7629],[-151.2613,60.7698],[-151.2529,60.774],[-151.2122,60.7803],[-151.1061,60.7837],[-151.0626,60.7874],[-151.037,60.7936],[-151.0256,60.7975],[-151.0248,60.8018],[-151.012,60.8093],[-150.8955,60.8532],[-150.887,60.8582],[-150.8838,60.8619],[-150.8457,60.8779],[-150.8084,60.8913],[-150.7706,60.9114],[-150.7058,60.9378],[-150.6784,60.9583],[-150.6031,60.9744],[-150.5825,60.9821],[-150.5151,60.9994],[-150.5111,61.0051],[-150.5019,61.008],[-150.4547,61.0166],[-150.4319,61.0239],[-150.4019,61.0362],[-150.3772,61.0391],[-150.3537,61.0318],[-150.3417,61.0242],[-150.3103,60.9895],[-150.2864,60.9667],[-150.2621,60.9478],[-150.1941,60.9013],[-150.1399,60.9019],[-150.1093,60.8904],[-150.0793,60.8864],[-150.0458,60.8871],[-150.0235,60.8688],[-149.9995,60.864],[-149.9724,60.8929],[-149.9452,60.9035],[-149.9095,60.9324],[-149.8752,60.9602],[-149.8537,60.9674],[-149.8356,60.9689],[-149.8168,60.9669],[-149.7703,60.9676],[-149.6394,60.9286],[-149.5713,60.937],[-149.3458,60.8961],[-149.1116,60.8789],[-149.09,60.8672],[-149.0341,60.8439],[-149.0049,60.8317],[-148.9974,60.8397],[-149.0085,60.8548],[-149.0873,60.9093],[-149.1925,60.9399],[-149.3272,60.928],[-149.5104,60.9817],[-149.5961,60.9808],[-149.7312,61.0148],[-149.7397,61.017],[-149.7519,61.0241],[-149.7844,61.0381],[-149.7851,61.0408],[-149.8058,61.0586],[-149.8285,61.0739],[-149.8319,61.0762],[-149.8572,61.079],[-149.9044,61.0971],[-149.9157,61.1014],[-149.9386,61.1148],[-149.9584,61.1263],[-149.9692,61.1325],[-150.0121,61.1397],[-150.0393,61.1443],[-150.0656,61.1511],[-150.0755,61.1563],[-150.068,61.1661],[-150.0099,61.2036],[-149.9685,61.2073],[-149.9244,61.2111],[-149.9204,61.2149],[-149.9137,61.2212],[-149.8867,61.2467],[-149.8112,61.3177],[-149.7789,61.3238],[-149.7303,61.333],[-149.7017,61.3853],[-149.6124,61.3946],[-149.5758,61.4077],[-149.5688,61.4077],[-149.5374,61.4078],[-149.4967,61.4267],[-149.4932,61.4283],[-149.4295,61.4472],[-149.4314,61.468],[-149.4314,61.4681],[-149.479,61.4681],[-149.5428,61.49],[-149.5989,61.4925],[-149.6147,61.4932],[-149.7265,61.4538],[-149.768,61.4383],[-149.8083,61.3958],[-149.8769,61.3843],[-149.8982,61.3527],[-149.9183,61.3235],[-149.9197,61.2635],[-149.9859,61.2375],[-150.0748,61.2535],[-150.1326,61.2579],[-150.2049,61.2595],[-150.2543,61.2545],[-150.2661,61.2512],[-150.2736,61.2516],[-150.287,61.2574],[-150.2886,61.2574],[-150.3037,61.2575],[-150.3036,61.2559],[-150.3122,61.254],[-150.3346,61.2513],[-150.3944,61.2491],[-150.425,61.2456],[-150.4688,61.2446],[-150.4844,61.2473],[-150.4957,61.2512],[-150.5617,61.2815],[-150.5902,61.2815],[-150.5918,61.2795],[-150.607,61.2777],[-150.6285,61.2844],[-150.6462,61.2967],[-150.6558,61.2982],[-150.6626,61.2954],[-150.6713,61.2737],[-150.6799,61.2659],[-150.6905,61.2593],[-150.7113,61.2511],[-150.8273,61.2284],[-150.8424,61.2242],[-150.8488,61.2206],[-150.8959,61.2089],[-150.9268,61.2064],[-150.9393,61.2103],[-150.9419,61.2099],[-150.9462,61.2086],[-150.9472,61.2063],[-150.9474,61.2031],[-150.9512,61.1988],[-150.9601,61.194],[-150.974,61.1917],[-150.9901,61.1889],[-151.0126,61.1833],[-151.0249,61.1784],[-151.0728,61.1417],[-151.0785,61.1334],[-151.1197,61.0911],[-151.1217,61.0836],[-151.1274,61.0769],[-151.1426,61.0628],[-151.1666,61.0464],[-151.1903,61.0427],[-151.2524,61.04],[-151.2936,61.0357],[-151.3078,61.031],[-151.3127,61.0264],[-151.3309,61.0151],[-151.349,61.01],[-151.3622,61.0094],[-151.4251,61.0131],[-151.4679,61.0124],[-151.4803,61.0109],[-151.5382,60.9918],[-151.5737,60.9759],[-151.621,60.9575],[-151.6373,60.9467],[-151.6411,60.9422],[-151.6795,60.9225],[-151.6926,60.9177],[-151.7139,60.9165],[-151.7208,60.9043],[-151.736,60.8915],[-151.7833,60.8687],[-151.7917,60.8631],[-151.8003,60.8537],[-151.7967,60.8387],[-151.7874,60.8223],[-151.7773,60.8105],[-151.7518,60.7887],[-151.7038,60.7324],[-151.7028,60.7278],[-151.7056,60.7181],[-151.7104,60.7127],[-151.7164,60.7104],[-151.7443,60.7124],[-151.7495,60.7142],[-151.7603,60.7214],[-151.784,60.7268],[-151.8038,60.729],[-151.8113,60.7322],[-151.8226,60.7424],[-151.8312,60.7473],[-151.852,60.7541],[-151.8602,60.7533],[-151.865,60.7505],[-151.8496,60.7383],[-151.848,60.7357],[-151.8486,60.734],[-151.8705,60.7273],[-151.9169,60.7179],[-152.0219,60.6734],[-152.0581,60.6467],[-152.1,60.5944],[-152.1362,60.5785],[-152.1484,60.576],[-152.1635,60.5769],[-152.1951,60.5697],[-152.2615,60.5382],[-152.3092,60.5064],[-152.3151,60.4998],[-152.3314,60.4735],[-152.3334,60.4606],[-152.3303,60.4431],[-152.3258,60.4348],[-152.3122,60.4204],[-152.3019,60.4143],[-152.2342,60.3939],[-152.3006,60.3696],[-152.3076,60.3665],[-152.3159,60.3591],[-152.3523,60.3561],[-152.3662,60.3533],[-152.3715,60.3502],[-152.3767,60.3456],[-152.3863,60.3279],[-152.386,60.3158],[-152.392,60.3021],[-152.4113,60.2879],[-152.4211,60.2853],[-152.4442,60.2857],[-152.4563,60.284],[-152.4818,60.2747],[-152.5282,60.2513],[-152.5398,60.2416],[-152.5492,60.2276],[-152.5568,60.2242],[-152.6246,60.2187],[-152.6263,60.2209],[-152.6269,60.2227],[-152.6277,60.2257],[-152.6424,60.2288],[-152.6601,60.242],[-152.6704,60.2443],[-152.6986,60.2407],[-152.7159,60.2413],[-152.747,60.2333],[-152.7434,60.2243],[-152.7549,60.2109],[-152.7549,60.2029],[-152.7495,60.1896],[-152.7343,60.1748],[-152.6999,60.1653],[-152.6884,60.1658],[-152.6781,60.1635],[-152.6742,60.1517],[-152.6875,60.1403],[-152.6864,60.1377],[-152.6584,60.1216],[-152.635,60.1158],[-152.5968,60.1011],[-152.5753,60.0824],[-152.5691,60.0717],[-152.5752,60.0483],[-152.5902,60.036],[-152.6086,60.0254],[-152.6127,60.0151],[-152.6117,60.0085],[-152.6495,59.9883],[-152.6794,59.9681],[-152.6937,59.9328],[-152.7008,59.9203],[-152.7064,59.9153],[-152.7451,59.9042],[-152.7936,59.8967],[-152.8069,59.888],[-152.8101,59.8783],[-152.8609,59.875],[-152.8752,59.8775],[-152.8827,59.882],[-152.9004,59.8818],[-152.9204,59.8777],[-152.9507,59.8768],[-152.9673,59.8815],[-153.0025,59.8867],[-153.02,59.8862],[-153.047,59.8824],[-153.0792,59.8711],[-153.1447,59.8598],[-153.2129,59.8628],[-153.2259,59.8583],[-153.2286,59.8534],[-153.2569,59.8365],[-153.2788,59.8281],[-153.2858,59.8205],[-153.2854,59.8168],[-153.2785,59.8109],[-153.2577,59.8108],[-153.2366,59.8219],[-153.2175,59.8247],[-153.1974,59.8248],[-153.1823,59.8224],[-153.1444,59.8076],[-153.1136,59.8156],[-153.0885,59.8334],[-153.0219,59.8341],[-153.0091,59.8306],[-153.004,59.8267],[-152.9921,59.81],[-152.9945,59.7913],[-153.0313,59.7236],[-153.0516,59.6916],[-153.1089,59.6783],[-153.1217,59.678],[-153.155,59.6543],[-153.2142,59.6343],[-153.24,59.6324],[-153.2534,59.6384],[-153.2627,59.6434],[-153.2752,59.6673],[-153.2865,59.6703],[-153.3017,59.6687],[-153.314,59.6663],[-153.3151,59.6649],[-153.3151,59.6625],[-153.3072,59.654],[-153.2982,59.6363],[-153.298,59.6325],[-153.3028,59.6277],[-153.3088,59.6257],[-153.3429,59.6213],[-153.3666,59.6337],[-153.3816,59.638],[-153.392,59.6389],[-153.4094,59.6363],[-153.4149,59.6386],[-153.4181,59.6421],[-153.4155,59.6509],[-153.3938,59.6588],[-153.3849,59.6672],[-153.3782,59.6889],[-153.3748,59.7316],[-153.44,59.7847],[-153.455,59.7921],[-153.4585,59.7645],[-153.4496,59.7438],[-153.4453,59.7289],[-153.4422,59.7174],[-153.4412,59.7013],[-153.444,59.69],[-153.4646,59.6517],[-153.4761,59.6427],[-153.5425,59.6302],[-153.5639,59.6389],[-153.5865,59.6515],[-153.6048,59.6387],[-153.6107,59.6283],[-153.6093,59.6216],[-153.5922,59.6108],[-153.5583,59.6058],[-153.5532,59.597],[-153.5551,59.5879],[-153.5778,59.556],[-153.5854,59.5515],[-153.6182,59.5526],[-153.6353,59.5557],[-153.6509,59.5554],[-153.7193,59.5503],[-153.7615,59.5434],[-153.7662,59.5223],[-153.7339,59.5058],[-153.7064,59.478],[-153.699,59.4636],[-153.7275,59.4353],[-153.7472,59.4297],[-153.8071,59.4195],[-153.8234,59.418],[-153.8622,59.4241],[-153.8966,59.4185],[-153.9113,59.4137],[-153.9253,59.4053],[-153.9455,59.3861],[-153.9514,59.387],[-153.9547,59.3925],[-153.9599,59.3968],[-153.99,59.3968],[-153.994,59.394],[-153.9963,59.3908],[-153.9985,59.3847],[-154.0072,59.3825],[-154.0257,59.3815],[-154.036,59.3864],[-154.0446,59.3883],[-154.0521,59.3871],[-154.0625,59.3828],[-154.0878,59.368],[-154.101,59.366],[-154.1177,59.3655],[-154.1218,59.3605],[-154.1214,59.3531],[-154.103,59.3427],[-154.0337,59.344],[-154.0287,59.3374],[-154.0308,59.327],[-154.0779,59.3134],[-154.1136,59.2996],[-154.1227,59.2876],[-154.1368,59.2627],[-154.1412,59.2166],[-154.1306,59.2105],[-154.1729,59.1725],[-154.2148,59.1516],[-154.2442,59.1442],[-154.2601,59.143],[-154.2633,59.1385],[-154.2565,59.1185],[-154.2512,59.1112],[-154.2438,59.1149],[-154.2398,59.1193],[-154.2272,59.1254],[-154.1807,59.1232],[-154.1737,59.1202],[-154.1667,59.1005],[-154.1664,59.0906],[-154.1715,59.0834],[-154.1953,59.0695],[-154.1974,59.0612],[-154.1896,59.0442],[-154.1715,59.022],[-154.1598,59.0106],[-154.1582,59.0179],[-154.1324,59.0247],[-154.1083,59.0368],[-154.0635,59.0721],[-154.0318,59.0737],[-154.0085,59.0729],[-153.95,59.0668],[-153.9328,59.0627],[-153.8502,59.0529],[-153.8382,59.0553],[-153.8157,59.0649],[-153.8099,59.0708],[-153.8028,59.0722],[-153.794,59.0714],[-153.7509,59.0528],[-153.7487,59.0587],[-153.7462,59.0652],[-153.7042,59.0758],[-153.6957,59.074],[-153.648,59.0289],[-153.6161,59.0067],[-153.5473,58.9837],[-153.5235,58.9792],[-153.5056,58.9817],[-153.4799,58.9953],[-153.4633,58.9869],[-153.4507,58.9761],[-153.4381,58.9699],[-153.422,58.9706],[-153.3985,58.9661],[-153.3931,58.9511],[-153.3888,58.9453],[-153.3654,58.9278],[-153.3523,58.9217],[-153.3348,58.9205],[-153.3228,58.9078],[-153.3048,58.8789],[-153.3052,58.8746],[-153.3024,58.8712],[-153.2947,58.8654],[-153.2862,58.8631],[-153.2674,58.8672],[-153.2548,58.8618],[-153.2522,58.8559],[-153.2586,58.855],[-153.3178,58.8474],[-153.3261,58.8493],[-153.3368,58.8489],[-153.3448,58.847],[-153.351,58.8436],[-153.3589,58.8368],[-153.3694,58.8213],[-153.3707,58.7993],[-153.3851,58.7662],[-153.4025,58.7426],[-153.4266,58.7211],[-153.445,58.7093],[-153.4588,58.7086],[-153.469,58.7122],[-153.4778,58.7128],[-153.5527,58.6872],[-153.5775,58.6705],[-153.5878,58.6517],[-153.5916,58.6401],[-153.6013,58.6346],[-153.6776,58.6116],[-153.7716,58.6056],[-153.8062,58.6066],[-153.8328,58.6117],[-153.8514,58.6119],[-153.8972,58.6062],[-153.9026,58.5974],[-153.9191,58.5167],[-153.9096,58.5146],[-153.9305,58.4975],[-153.9349,58.4944],[-153.9604,58.4878],[-153.974,58.4883],[-153.9776,58.4919],[-154.0019,58.4923],[-154.0565,58.4892],[-154.0651,58.4864],[-154.073,58.4783],[-154.0751,58.4722],[-154.0752,58.4581],[-154.0736,58.4469],[-154.0707,58.44],[-154.0558,58.4188],[-154.04,58.4043],[-154.0341,58.4026],[-154.0237,58.404],[-154.0073,58.4022],[-153.9854,58.3909],[-153.9993,58.3764],[-154.0973,58.3453],[-154.1339,58.3506],[-154.1392,58.3541],[-154.1504,58.3576],[-154.168,58.3584],[-154.1752,58.3445],[-154.1772,58.3215],[-154.175,58.3201],[-154.1666,58.3206],[-154.1491,58.3145],[-154.1034,58.2802],[-154.1453,58.2109],[-154.1777,58.1898],[-154.2198,58.1846],[-154.2419,58.1563],[-154.2162,58.1428],[-154.2101,58.1361],[-154.2225,58.1326],[-154.269,58.1288],[-154.2912,58.1357],[-154.3404,58.0909],[-154.3843,58.1208],[-154.4266,58.1449],[-154.4365,58.1483],[-154.4601,58.1461],[-154.4664,58.1423],[-154.4594,58.1291],[-154.4521,58.1216],[-154.4492,58.0932],[-154.4629,58.0584],[-154.478,58.0524],[-154.5012,58.0501],[-154.5394,58.0559],[-154.5686,58.0258],[-154.5815,58.0193],[-154.644,58.0331],[-154.6506,58.0454],[-154.6447,58.0564],[-154.6462,58.0601],[-154.6534,58.064],[-154.6689,58.0653],[-154.6761,58.0651],[-154.7162,58.0553],[-154.7219,58.0505],[-154.729,58.0385],[-154.7311,58.0285],[-154.7307,58.0218],[-154.7456,58.0122],[-154.7653,58.0037],[-154.7747,58.0022],[-154.8078,58.0009],[-154.8195,58.0035],[-154.8235,58.0093],[-154.8251,58.0166],[-154.8282,58.0188],[-154.8766,58.0277],[-154.8918,58.0277],[-154.9904,58.0134],[-155.0263,57.9993],[-155.1186,57.9539],[-155.0947,57.9293],[-155.0726,57.912],[-155.0642,57.9093],[-155.0618,57.9043],[-155.0681,57.8838],[-155.0821,57.8722],[-155.0971,57.8654],[-155.1524,57.8554],[-155.2379,57.8271],[-155.2729,57.824],[-155.2984,57.826],[-155.303,57.8285],[-155.3264,57.8305],[-155.3382,57.8254],[-155.3412,57.8196],[-155.3349,57.7807],[-155.311,57.7648],[-155.3028,57.7617],[-155.2853,57.7587],[-155.2847,57.7574],[-155.2917,57.7358],[-155.3058,57.724],[-155.3786,57.7108],[-155.4683,57.7446],[-155.5065,57.761],[-155.5336,57.7769],[-155.5398,57.7839],[-155.5457,57.7868],[-155.5684,57.7895],[-155.5854,57.787],[-155.5969,57.7835],[-155.6094,57.7777],[-155.6172,57.7697],[-155.6353,57.7154],[-155.6345,57.7048],[-155.6264,57.6936],[-155.6152,57.6881],[-155.6299,57.6564],[-155.7,57.6421],[-155.7242,57.6334],[-155.7355,57.5941],[-155.731,57.5886],[-155.7314,57.5555],[-155.7328,57.5497],[-155.7869,57.547],[-155.8779,57.5472],[-155.9153,57.5353],[-155.9458,57.5392],[-155.9679,57.5444],[-155.986,57.5537],[-155.9881,57.5583],[-156.0108,57.5714],[-156.0338,57.5699],[-156.044,57.5645],[-156.0486,57.5008],[-156.0453,57.487],[-156.0367,57.4709],[-156.0144,57.4553],[-156.0128,57.4514],[-156.0219,57.4397],[-156.0917,57.4398],[-156.0991,57.4437],[-156.1375,57.4717],[-156.1839,57.4821],[-156.1957,57.4801],[-156.2109,57.4744],[-156.2115,57.4595],[-156.2201,57.4453],[-156.2269,57.4407],[-156.2545,57.439],[-156.3394,57.4176],[-156.362,57.4005],[-156.3774,57.3909],[-156.4816,57.3387],[-156.5114,57.335],[-156.5335,57.3285],[-156.5397,57.3201],[-156.5512,57.2908],[-156.5387,57.283],[-156.5073,57.2812],[-156.4209,57.3111],[-156.3364,57.3361],[-156.3219,57.2934],[-156.3327,57.2652],[-156.3429,57.2481],[-156.3581,57.2522],[-156.3765,57.2523],[-156.3994,57.2416],[-156.4015,57.2332],[-156.3988,57.2148],[-156.3886,57.2066],[-156.3558,57.1928],[-156.3413,57.1919],[-156.3384,57.1903],[-156.3344,57.1823],[-156.3385,57.1779],[-156.3574,57.1576],[-156.3685,57.15],[-156.4351,57.1274],[-156.4565,57.106],[-156.4446,57.1001],[-156.4416,57.0947],[-156.4416,57.0852],[-156.5092,57.0549],[-156.5356,57.0479],[-156.5628,57.0203],[-156.5477,57.0046],[-156.5472,56.9865],[-156.5505,56.9846],[-156.5551,56.9836],[-156.6378,56.9939],[-156.6714,56.9961],[-156.7306,56.9798],[-156.7536,56.9912],[-156.7627,56.9863],[-156.7814,56.9719],[-156.7869,56.965],[-156.7883,56.9607],[-156.7868,56.9414],[-156.7973,56.9117],[-156.8044,56.9059],[-156.826,56.8977],[-156.8393,56.9019],[-156.8763,56.9428],[-156.8854,56.9533],[-156.8857,56.958],[-156.8825,56.9601],[-156.8829,56.9626],[-156.8863,56.9649],[-156.8937,56.966],[-156.9097,56.9656],[-156.9188,56.9636],[-156.9357,56.9549],[-156.9356,56.9201],[-156.9862,56.9111],[-157.0059,56.9042],[-157.0157,56.8985],[-157.0346,56.8845],[-157.0735,56.8383],[-157.1595,56.8335],[-157.1638,56.8261],[-157.1633,56.8235],[-157.141,56.8023],[-157.1403,56.7909],[-157.1614,56.7741],[-157.1836,56.7691],[-157.2017,56.7675],[-157.2838,56.8008],[-157.2905,56.8047],[-157.2912,56.8111],[-157.2983,56.8186],[-157.3327,56.8384],[-157.3788,56.8617],[-157.3947,56.8644],[-157.4057,56.8642],[-157.4369,56.8585],[-157.4576,56.8482],[-157.4724,56.8334],[-157.4699,56.8249],[-157.4624,56.8096],[-157.4576,56.8043],[-157.4478,56.8012],[-157.4364,56.8038],[-157.4211,56.8017],[-157.4186,56.7998],[-157.4115,56.7784],[-157.4134,56.7692],[-157.5175,56.7608],[-157.5308,56.7538],[-157.5449,56.7389],[-157.5512,56.7303],[-157.5638,56.7034],[-157.5508,56.681],[-157.5423,56.6753],[-157.5076,56.6672],[-157.4987,56.6673],[-157.481,56.6714],[-157.4792,56.6701],[-157.4522,56.6432],[-157.4522,56.6389],[-157.4549,56.6347],[-157.4621,56.6257],[-157.4665,56.6233],[-157.4965,56.6169],[-157.5365,56.6153],[-157.5461,56.619],[-157.5893,56.6223],[-157.6052,56.6213],[-157.615,56.62],[-157.636,56.6128],[-157.6746,56.6095],[-157.7054,56.6288],[-157.7143,56.6406],[-157.716,56.6485],[-157.719,56.6531],[-157.7368,56.6756],[-157.7541,56.6795],[-157.7637,56.6792],[-157.8481,56.6536],[-157.9185,56.6431],[-157.9513,56.623],[-157.9834,56.5994],[-158.042,56.5967],[-158.0597,56.5838],[-158.0857,56.5733],[-158.0744,56.5542],[-158.0055,56.5534],[-157.9112,56.5748],[-157.8384,56.5608],[-157.8281,56.5463],[-157.8178,56.5142],[-157.8231,56.502],[-157.8598,56.4837],[-157.8721,56.474],[-157.9001,56.4779],[-157.9864,56.4991],[-158.0276,56.5118],[-158.1123,56.5213],[-158.1196,56.5183],[-158.1317,56.5019],[-158.1234,56.4965],[-158.1137,56.493],[-158.1116,56.4901],[-158.1187,56.4666],[-158.1274,56.4608],[-158.2461,56.4661],[-158.2847,56.4811],[-158.3288,56.4842],[-158.403,56.4552],[-158.4988,56.3801],[-158.5017,56.3759],[-158.502,56.3652],[-158.4895,56.3419],[-158.4328,56.3435],[-158.3973,56.3289],[-158.3381,56.3239],[-158.3297,56.326],[-158.3226,56.3252],[-158.2074,56.2944],[-158.2031,56.2838],[-158.2165,56.2695],[-158.2533,56.2531],[-158.2768,56.2487],[-158.3345,56.2329],[-158.3398,56.2178],[-158.331,56.2136],[-158.2648,56.2096],[-158.191,56.2264],[-158.1749,56.2362],[-158.1195,56.242],[-158.1153,56.2421],[-158.1127,56.2403],[-158.1178,56.2307],[-158.237,56.1874],[-158.3141,56.1637],[-158.3743,56.1345],[-158.396,56.1098],[-158.3944,56.0919],[-158.3949,56.0647],[-158.3983,56.063],[-158.4245,56.0689],[-158.4386,56.0937],[-158.4383,56.0957],[-158.4311,56.1003],[-158.4322,56.1029],[-158.4399,56.1078],[-158.4553,56.1087],[-158.4618,56.1066],[-158.4753,56.0934],[-158.4727,56.0876],[-158.4484,56.0553],[-158.4179,56.0368],[-158.4077,56.0145],[-158.4136,56.005],[-158.4315,55.9945],[-158.4393,55.9936],[-158.4457,55.9976],[-158.4673,56.0272],[-158.4755,56.0284],[-158.502,56.0252],[-158.5049,56.0155],[-158.4964,56.0106],[-158.494,56.0073],[-158.4951,55.9892],[-158.499,55.9817],[-158.5098,55.9796],[-158.5956,56.0453],[-158.5984,56.0488],[-158.5942,56.1104],[-158.5844,56.1157],[-158.5747,56.1186],[-158.575,56.1211],[-158.6004,56.1304],[-158.6283,56.1209],[-158.6404,56.1141],[-158.6597,56.0986],[-158.6668,56.0784],[-158.6609,56.0349],[-158.6517,56.0314],[-158.6432,56.0234],[-158.6387,56.0159],[-158.6367,56.005],[-158.6395,55.9861],[-158.6532,55.9586],[-158.6732,55.9515],[-158.737,55.9533],[-158.7486,55.9594],[-158.7512,55.9638],[-158.7353,55.9962],[-158.7296,56.0029],[-158.7473,56.0099],[-158.8541,56.0033],[-158.8981,55.951],[-158.9094,55.9349],[-158.9996,55.927],[-159.1387,55.9093],[-159.2715,55.8907],[-159.3477,55.8778],[-159.3748,55.8715],[-159.3964,55.8568],[-159.4001,55.8524],[-159.4061,55.832],[-159.4094,55.8104],[-159.4043,55.797],[-159.4115,55.7889],[-159.4235,55.789],[-159.4348,55.7929],[-159.4702,55.8289],[-159.4728,55.839],[-159.472,55.8435],[-159.4653,55.8528],[-159.4539,55.8968],[-159.4822,55.9018],[-159.4939,55.9001],[-159.5283,55.8885],[-159.5344,55.8813],[-159.498,55.8553],[-159.4944,55.7658],[-159.5038,55.7479],[-159.5216,55.736],[-159.5372,55.7285],[-159.5514,55.7115],[-159.552,55.7048],[-159.536,55.6898],[-159.5301,55.6654],[-159.5451,55.6465],[-159.5562,55.6388],[-159.6178,55.5958],[-159.6967,55.5733],[-159.7293,55.5697],[-159.7339,55.57],[-159.7445,55.6],[-159.7433,55.6036],[-159.7352,55.6109],[-159.7242,55.6145],[-159.6734,55.6174],[-159.6675,55.6148],[-159.6396,55.6179],[-159.6268,55.6294],[-159.6359,55.6444],[-159.6447,55.6525],[-159.6792,55.6559],[-159.6806,55.6813],[-159.6768,55.7374],[-159.6732,55.751],[-159.6275,55.8032],[-159.6249,55.8047],[-159.6021,55.805],[-159.608,55.8129],[-159.6437,55.8304],[-159.7128,55.8464],[-159.8111,55.8566],[-159.839,55.8524],[-159.8533,55.8472],[-159.8585,55.8418],[-159.8507,55.8241],[-159.8474,55.8025],[-159.8625,55.7876],[-159.876,55.7846],[-159.8923,55.7851],[-159.9371,55.8033],[-160.0103,55.7971],[-160.0263,55.7923],[-160.0487,55.7721],[-160.0525,55.7664],[-160.0519,55.7606],[-160.0494,55.7576],[-160.0584,55.7217],[-160.1304,55.6814],[-160.1857,55.6586],[-160.2798,55.6414],[-160.3254,55.6442],[-160.3535,55.6497],[-160.4108,55.6654],[-160.4165,55.6653],[-160.4219,55.6627],[-160.4297,55.658],[-160.4336,55.649],[-160.433,55.64],[-160.3926,55.6028],[-160.4359,55.5737],[-160.4483,55.559],[-160.4643,55.5332],[-160.4652,55.5274],[-160.4598,55.515],[-160.4627,55.5067],[-160.4816,55.4891],[-160.5013,55.4785],[-160.5213,55.4744],[-160.5367,55.4749],[-160.5442,55.5024],[-160.5542,55.523],[-160.5801,55.5644],[-160.5958,55.5755],[-160.6153,55.5755],[-160.6384,55.5574],[-160.6528,55.5487],[-160.667,55.5444],[-160.7069,55.5561],[-160.7371,55.5554],[-160.751,55.5529],[-160.7662,55.5476],[-160.7729,55.539],[-160.7714,55.5294],[-160.7321,55.5236],[-160.6601,55.5185],[-160.6541,55.5126],[-160.6475,55.5009],[-160.6463,55.4929],[-160.6515,55.4742],[-160.6669,55.4598],[-160.7814,55.4518],[-160.796,55.4549],[-160.8367,55.4731],[-160.8434,55.4898],[-160.836,55.4973],[-160.8218,55.5062],[-160.8208,55.508],[-160.8283,55.5161],[-160.8491,55.5239],[-160.8654,55.527],[-160.9096,55.5241],[-160.9229,55.5193],[-160.9443,55.5078],[-160.9766,55.4727],[-160.9793,55.4663],[-160.9774,55.4612],[-160.9827,55.4543],[-160.9973,55.4403],[-161.0137,55.431],[-161.2315,55.3575],[-161.2807,55.354],[-161.3253,55.3599],[-161.3175,55.3628],[-161.312,55.3728],[-161.3149,55.3792],[-161.3461,55.3858],[-161.3646,55.3842],[-161.4452,55.3681],[-161.4604,55.3591],[-161.4861,55.3593],[-161.5077,55.3628],[-161.5142,55.3853],[-161.5093,55.3906],[-161.4961,55.397],[-161.4846,55.418],[-161.4783,55.4406],[-161.4715,55.4786],[-161.4771,55.4852],[-161.4693,55.4968],[-161.3761,55.5698],[-161.3674,55.5795],[-161.3557,55.6064],[-161.3577,55.6126],[-161.3634,55.6185],[-161.3926,55.6282],[-161.4162,55.6323],[-161.4821,55.634],[-161.5262,55.6305],[-161.587,55.6201],[-161.6028,55.6138],[-161.6129,55.6062],[-161.6989,55.5194],[-161.7001,55.5144],[-161.6967,55.4233],[-161.6884,55.4164],[-161.6865,55.408],[-161.7201,55.3767],[-161.8275,55.2879],[-161.8339,55.2844],[-161.8455,55.2812],[-161.8534,55.2776],[-161.8633,55.267],[-161.8756,55.2499],[-161.8795,55.2408],[-161.8758,55.2326],[-161.8752,55.2272],[-161.8781,55.2236],[-161.9034,55.2049],[-161.9195,55.2082],[-161.9575,55.228],[-161.9788,55.2361],[-162.0296,55.2395],[-162.0412,55.2368],[-162.0457,55.2328],[-162.0462,55.2256],[-162.0017,55.1692],[-161.967,55.1548],[-161.9499,55.1267],[-161.9566,55.1122],[-161.9609,55.1067],[-162.0533,55.0742],[-162.1187,55.1029],[-162.1319,55.1228],[-162.119,55.1411],[-162.1264,55.1534],[-162.1411,55.1573],[-162.1774,55.1544],[-162.2182,55.1189],[-162.224,55.1087],[-162.2235,55.1022],[-162.2068,55.0824],[-162.1903,55.067],[-162.1892,55.0603],[-162.2193,55.029],[-162.2479,55.0204],[-162.2535,55.0205],[-162.2678,55.0216],[-162.2805,55.0262],[-162.2925,55.0334],[-162.2996,55.0402],[-162.3004,55.0429],[-162.362,55.0427],[-162.4135,55.0366],[-162.4714,55.0519],[-162.4897,55.0648],[-162.5121,55.0862],[-162.5217,55.104],[-162.521,55.1154],[-162.5069,55.1189],[-162.461,55.1258],[-162.4535,55.1239],[-162.4426,55.1182],[-162.4374,55.1121],[-162.4248,55.1048],[-162.4168,55.1041],[-162.4106,55.1056],[-162.4062,55.1205],[-162.4452,55.1515],[-162.481,55.1613],[-162.4945,55.1839],[-162.4979,55.1991],[-162.499,55.2138],[-162.5104,55.2502],[-162.5131,55.2524],[-162.5849,55.2984],[-162.6261,55.3041],[-162.6492,55.2991],[-162.662,55.2943],[-162.6824,55.2765],[-162.7029,55.2528],[-162.7146,55.2316],[-162.7181,55.2199],[-162.7111,55.2113],[-162.6923,55.1973],[-162.6683,55.1934],[-162.6447,55.1971],[-162.6388,55.1948],[-162.6145,55.1747],[-162.5798,55.1369],[-162.5829,55.1302],[-162.5855,55.1286],[-162.5956,55.1248],[-162.6045,55.126],[-162.6189,55.0971],[-162.5998,55.0548],[-162.5693,55.0159],[-162.5693,54.9712],[-162.588,54.972],[-162.6152,54.9878],[-162.6465,54.9972],[-162.6881,54.9961],[-162.7071,54.9912],[-162.7162,54.9867],[-162.7204,54.9802],[-162.7072,54.972],[-162.7051,54.966],[-162.7085,54.9585],[-162.771,54.9327],[-162.8342,54.9269],[-162.8455,54.927],[-162.8816,54.9348],[-162.9137,54.9503],[-162.9706,55.001],[-162.9659,55.0174],[-162.959,55.0202],[-162.9578,55.0318],[-162.9649,55.0422],[-163.0015,55.08],[-163.0516,55.1033],[-163.0715,55.1105],[-163.079,55.1117],[-163.1115,55.1097],[-163.165,55.0992],[-163.1884,55.0909],[-163.213,55.0667],[-163.2251,55.0497],[-163.2263,55.0427],[-163.219,55.0303],[-163.2133,55.0261],[-163.1894,55.0167],[-163.1748,55.0131],[-163.1486,55.014],[-163.067,54.9793],[-163.0505,54.9691],[-163.0361,54.9425],[-163.0656,54.9262],[-163.1496,54.8859],[-163.2144,54.8475],[-163.2998,54.8292],[-163.353,54.8102],[-163.3732,54.8008],[-163.3728,54.7909],[-163.3427,54.7651],[-163.3133,54.7533],[-163.2876,54.7515],[-163.2284,54.7535],[-163.2198,54.7551],[-163.1889,54.7737],[-163.1843,54.7749],[-163.1441,54.7615],[-163.1076,54.7328],[-163.0961,54.7055],[-163.08,54.6856],[-163.0572,54.6881],[-163.051,54.6723],[-163.0591,54.6611],[-163.0967,54.6616],[-163.1257,54.6682],[-163.1527,54.6659],[-163.1535,54.6693],[-163.1491,54.673],[-163.129,54.6833],[-163.1264,54.695],[-163.1409,54.6948],[-163.1854,54.7004],[-163.195,54.699],[-163.2088,54.6931],[-163.2137,54.6772],[-163.2232,54.6769],[-163.2474,54.6923],[-163.2806,54.6954],[-163.318,54.7199],[-163.3272,54.7369],[-163.3404,54.7489],[-163.3545,54.7504],[-163.3646,54.7495],[-163.3806,54.7462],[-163.392,54.742],[-163.4231,54.7204],[-163.4284,54.7148],[-163.4184,54.7089],[-163.41,54.6937],[-163.4163,54.6645],[-163.4244,54.6562],[-163.4394,54.6559],[-163.472,54.6565],[-163.4889,54.6551],[-163.5724,54.6232],[-163.5815,54.6169],[-163.586,54.6116],[-163.6708,54.6278],[-163.7473,54.635],[-163.8036,54.6365],[-163.8612,54.6329],[-163.9524,54.6305],[-163.9663,54.6317],[-164.0849,54.6201],[-164.1796,54.5992],[-164.2325,54.5855],[-164.2576,54.5727],[-164.3314,54.5304],[-164.3375,54.5243],[-164.3415,54.4953],[-164.336,54.4845],[-164.3365,54.481],[-164.3527,54.465],[-164.4168,54.4317],[-164.4566,54.4199],[-164.499,54.4142],[-164.52,54.4147],[-164.5828,54.4057],[-164.6016,54.4025],[-164.6405,54.3912],[-164.744,54.3942],[-164.7894,54.402],[-164.8449,54.4176],[-164.8761,54.4435],[-164.8774,54.4499],[-164.9041,54.4992],[-164.9101,54.5075],[-164.9361,54.5213],[-164.9446,54.5329],[-164.9498,54.5757],[-164.9488,54.5799],[-164.9322,54.5987],[-164.9188,54.6053],[-164.8319,54.629],[-164.7613,54.6406],[-164.7418,54.6454],[-164.7277,54.651],[-164.7095,54.6615],[-164.6297,54.756],[-164.5769,54.8246],[-164.5615,54.8508],[-164.5641,54.8755],[-164.5503,54.8888],[-164.4868,54.9224],[-164.4353,54.9331],[-164.4273,54.9328],[-164.3734,54.9153],[-164.3616,54.9074],[-164.3533,54.8983],[-164.3435,54.8941],[-164.295,54.9021],[-164.2071,54.9276],[-164.2049,54.9312],[-164.1643,54.9535],[-164.1192,54.9694],[-164.1093,54.964],[-164.0868,54.9634],[-164.0612,54.9647],[-164.0307,54.9698],[-163.9942,54.9833],[-163.9647,54.9973],[-163.9304,55.0176],[-163.9092,55.0321],[-163.8947,55.0391],[-163.8849,55.0399],[-163.8721,55.0374],[-163.8543,55.0378],[-163.8158,55.0446],[-163.7907,55.0526],[-163.7741,55.0558],[-163.7407,55.0483],[-163.6468,55.0445],[-163.5682,55.0491],[-163.533,55.0489],[-163.5271,55.0409],[-163.5346,55.0253],[-163.5301,55.0167],[-163.4615,54.9825],[-163.4429,54.9699],[-163.4295,54.9548],[-163.418,54.9385],[-163.3983,54.9024],[-163.3993,54.894],[-163.408,54.8846],[-163.4159,54.8597],[-163.4147,54.8561],[-163.4106,54.8546],[-163.3914,54.8553],[-163.3342,54.8729],[-163.3189,54.8801],[-163.3192,54.899],[-163.32,54.9031],[-163.3367,54.9175],[-163.3444,54.9193],[-163.3477,54.9251],[-163.3437,54.9504],[-163.3384,54.9562],[-163.3231,54.9599],[-163.3146,54.9589],[-163.2991,54.9375],[-163.2698,54.9393],[-163.2337,54.9305],[-163.2349,54.945],[-163.2868,54.967],[-163.2887,54.9867],[-163.2808,55.033],[-163.306,55.0696],[-163.3107,55.1056],[-163.3141,55.1051],[-163.3187,55.1108],[-163.3199,55.1196],[-163.3147,55.1263],[-163.2688,55.1455],[-163.2009,55.1661],[-163.1575,55.1755],[-163.105,55.184],[-163.0816,55.1804],[-163.0807,55.1769],[-163.0705,55.1741],[-163.0323,55.1721],[-162.9572,55.1713],[-162.8823,55.1833],[-162.8615,55.1983],[-162.8401,55.224],[-162.8432,55.2426],[-162.8518,55.2473],[-162.8566,55.2487],[-162.8695,55.2481],[-162.8809,55.2396],[-162.894,55.243],[-162.9005,55.2464],[-162.9016,55.2477],[-162.9,55.2525],[-162.8881,55.2704],[-162.8818,55.2738],[-162.8527,55.2805],[-162.8468,55.2675],[-162.8232,55.279],[-162.8133,55.2995],[-162.798,55.311],[-162.7662,55.3152],[-162.7504,55.3076],[-162.7318,55.3078],[-162.7178,55.3188],[-162.7084,55.3292],[-162.6906,55.3404],[-162.7025,55.3539],[-162.6764,55.3541],[-162.6604,55.3654],[-162.655,55.3773],[-162.6417,55.3926],[-162.6291,55.3653],[-162.6019,55.3614],[-162.5965,55.3572],[-162.5749,55.3479],[-162.5547,55.3507],[-162.5426,55.3574],[-162.5194,55.3696],[-162.5095,55.3839],[-162.5012,55.3897],[-162.5047,55.4117],[-162.5165,55.414],[-162.5207,55.4277],[-162.5082,55.4423],[-162.5102,55.4545],[-162.5188,55.461],[-162.5539,55.4522],[-162.5837,55.4434],[-162.5913,55.4527],[-162.5654,55.4668],[-162.5356,55.4842],[-162.4926,55.5117],[-162.4274,55.5618],[-162.384,55.5898],[-162.3127,55.6465],[-162.2645,55.6886],[-162.2196,55.7109],[-162.1849,55.722],[-162.1466,55.7333],[-162.0975,55.7633],[-162.0634,55.7861],[-162.0506,55.7909],[-161.9945,55.7978],[-161.899,55.8335],[-161.8531,55.8647],[-161.8124,55.8888],[-161.8012,55.8932],[-161.7729,55.8963],[-161.7123,55.9042],[-161.64,55.9195],[-161.5773,55.9372],[-161.4504,55.9545],[-161.3806,55.9656],[-161.2908,55.9831],[-161.2486,55.9947],[-161.1961,56.0062],[-161.1225,56.0111],[-161.091,56.0107],[-161.0208,56.0104],[-160.9974,56.0214],[-160.9135,56.0239],[-160.8728,56.0254],[-160.8274,56.0266],[-160.8067,56.0224],[-160.8068,56.0184],[-160.8616,55.9965],[-160.8629,55.9894],[-160.861,55.9812],[-160.8655,55.9551],[-160.8182,55.9534],[-160.811,55.9472],[-160.8139,55.9253],[-160.801,55.9023],[-160.8199,55.9036],[-160.8275,55.9107],[-160.86,55.9082],[-160.9304,55.8957],[-160.9315,55.8725],[-160.9516,55.8528],[-160.9464,55.8349],[-160.9408,55.8225],[-160.9306,55.8144],[-160.806,55.7382],[-160.7652,55.7572],[-160.7307,55.7477],[-160.6681,55.7236],[-160.6612,55.7234],[-160.6556,55.73],[-160.6555,55.7399],[-160.663,55.7455],[-160.6758,55.7514],[-160.6952,55.7551],[-160.7512,55.7794],[-160.7577,55.7858],[-160.7692,55.8583],[-160.7919,55.8727],[-160.7932,55.886],[-160.7695,55.8838],[-160.7342,55.871],[-160.6976,55.8624],[-160.6391,55.8583],[-160.564,55.8637],[-160.5503,55.8675],[-160.5326,55.8699],[-160.5084,55.8694],[-160.4947,55.8642],[-160.4779,55.8411],[-160.4794,55.8224],[-160.4685,55.7907],[-160.4387,55.7896],[-160.3859,55.7964],[-160.3429,55.7782],[-160.2939,55.7656],[-160.2774,55.7659],[-160.2646,55.7757],[-160.2689,55.7843],[-160.2935,55.8018],[-160.3157,55.8145],[-160.3178,55.819],[-160.2725,55.8317],[-160.2225,55.8321],[-160.2418,55.8504],[-160.2732,55.8569],[-160.3256,55.8679],[-160.3806,55.8895],[-160.4207,55.9086],[-160.4866,55.9242],[-160.5358,55.9396],[-160.5337,55.9599],[-160.5271,55.973],[-160.5264,55.9824],[-160.5293,55.9861],[-160.5345,55.9895],[-160.552,55.9918],[-160.5765,55.9793],[-160.5896,55.983],[-160.5684,56.0041],[-160.4887,56.0772],[-160.4822,56.0852],[-160.4514,56.1256],[-160.4114,56.1941],[-160.3963,56.2318],[-160.3831,56.2514],[-160.3572,56.2796],[-160.3402,56.2913],[-160.3159,56.3022],[-160.2746,56.3172],[-160.2229,56.3469],[-160.2084,56.358],[-160.1963,56.3726],[-160.1463,56.4002],[-160.0826,56.4111],[-160.0015,56.4422],[-159.9768,56.454],[-159.9383,56.4742],[-159.828,56.5439],[-159.8155,56.5489],[-159.6362,56.5974],[-159.535,56.6265],[-159.447,56.6647],[-159.3888,56.6905],[-159.3574,56.6931],[-159.3091,56.7105],[-159.2799,56.7157],[-159.2631,56.7233],[-159.1565,56.7633],[-159.1067,56.7811],[-159.0935,56.7837],[-159.0384,56.806],[-159.0183,56.8151],[-158.9575,56.8512],[-158.9553,56.8498],[-158.9535,56.8434],[-158.9336,56.8279],[-158.9107,56.8148],[-158.8936,56.806],[-158.8932,56.8058],[-158.8688,56.7966],[-158.8533,56.7926],[-158.7836,56.7808],[-158.7445,56.7951],[-158.6742,56.7971],[-158.6564,56.81],[-158.6575,56.8315],[-158.6468,56.847],[-158.6637,56.8571],[-158.6936,56.8881],[-158.6862,56.9116],[-158.6998,56.9274],[-158.6793,56.9886],[-158.6453,57.0318],[-158.6083,57.0645],[-158.5402,57.1251],[-158.4597,57.1887],[-158.3931,57.2369],[-158.3071,57.2896],[-158.2299,57.3215],[-158.1497,57.3449],[-158.0838,57.3572],[-158.06,57.3875],[-158.0499,57.3901],[-158.0342,57.3902],[-158.0105,57.4015],[-157.9947,57.4142],[-157.9562,57.4494],[-157.9372,57.472],[-157.9316,57.4762],[-157.8812,57.4891],[-157.786,57.5422],[-157.7725,57.5471],[-157.7039,57.5635],[-157.6789,57.5639],[-157.6848,57.5577],[-157.6804,57.5377],[-157.6494,57.5003],[-157.6151,57.4887],[-157.5869,57.4872],[-157.5731,57.5145],[-157.5735,57.5227],[-157.5883,57.5822],[-157.5996,57.6079],[-157.6074,57.6125],[-157.6522,57.6148],[-157.6843,57.61],[-157.6913,57.6111],[-157.7106,57.6399],[-157.7038,57.7218],[-157.6711,57.7729],[-157.6422,57.8688],[-157.6239,57.9605],[-157.6118,58.0343],[-157.5966,58.0887],[-157.5836,58.1243],[-157.5809,58.1281],[-157.5566,58.1484],[-157.5333,58.1603],[-157.5145,58.163],[-157.4938,58.1621],[-157.3973,58.1734],[-157.3831,58.1846],[-157.3523,58.2191],[-157.3669,58.2327],[-157.3745,58.2321],[-157.3892,58.2281],[-157.4079,58.2119],[-157.4233,58.2114],[-157.4427,58.2189],[-157.5155,58.2556],[-157.5416,58.2719],[-157.5472,58.2775],[-157.5563,58.3037],[-157.5569,58.3307],[-157.5362,58.3916],[-157.5245,58.4145],[-157.4881,58.4717],[-157.4815,58.4808],[-157.4609,58.4997],[-157.4519,58.5056],[-157.3972,58.5273],[-157.3803,58.5244],[-157.3585,58.5339],[-157.3307,58.5515],[-157.3136,58.565],[-157.2813,58.6002],[-157.2585,58.6159],[-157.2515,58.6208],[-157.1788,58.6604],[-157.0779,58.7081],[-157.0518,58.7119],[-157.0619,58.7261],[-157.0626,58.7571],[-157.0487,58.7804],[-157.0082,58.8171],[-156.9935,58.8368],[-156.9975,58.8563],[-157.0161,58.8635],[-157.0124,58.8759],[-156.9932,58.8851],[-156.9809,58.891],[-156.9666,58.9041],[-156.9759,58.9409],[-156.9632,58.9626],[-156.9293,58.9738],[-156.9459,58.9834],[-156.9713,58.9831],[-156.9997,58.9734],[-157.0295,58.9562],[-157.0392,58.9459],[-157.0406,58.9134],[-157.0706,58.8878],[-157.1169,58.8675],[-157.1896,58.8477],[-157.1975,58.8459],[-157.2157,58.8415],[-157.2414,58.8376],[-157.2597,58.8357],[-157.2755,58.8361],[-157.3531,58.8177],[-157.4295,58.7911],[-157.4841,58.786],[-157.5327,58.7726],[-157.5375,58.7685],[-157.5423,58.761],[-157.5506,58.7545],[-157.6965,58.73],[-157.7218,58.7232],[-157.7996,58.6956],[-157.8554,58.6783],[-158.0366,58.6342],[-158.1016,58.6211],[-158.1403,58.615],[-158.1903,58.6137],[-158.2139,58.6158],[-158.2323,58.6199],[-158.273,58.6335],[-158.2972,58.6431],[-158.327,58.6598],[-158.3321,58.6653],[-158.3329,58.6693],[-158.3302,58.675],[-158.3324,58.6868],[-158.3435,58.7136],[-158.3515,58.7277],[-158.3769,58.748],[-158.4005,58.7612],[-158.4238,58.7698],[-158.4552,58.777],[-158.5125,58.7831],[-158.5385,58.7884],[-158.5506,58.7929],[-158.5648,58.8027],[-158.5664,58.8071],[-158.5659,58.8154],[-158.5595,58.8418],[-158.5203,58.8571],[-158.487,58.9999],[-158.5239,58.9982],[-158.5298,58.998],[-158.5311,58.9967],[-158.6129,58.9176],[-158.6197,58.911],[-158.7174,58.8725],[-158.7296,58.8712],[-158.7453,58.8741],[-158.7457,58.8739],[-158.7677,58.8643],[-158.7896,58.8143],[-158.7908,58.8084],[-158.7904,58.8047],[-158.7824,58.7912],[-158.7746,58.7786],[-158.7698,58.7741],[-158.7712,58.7651],[-158.7849,58.7477],[-158.801,58.7328],[-158.8121,58.7278],[-158.8271,58.7245],[-158.8482,58.7227],[-158.8612,58.6956],[-158.8279,58.6264],[-158.7691,58.5486],[-158.7212,58.498],[-158.7041,58.4828],[-158.7953,58.408],[-158.8306,58.3971],[-158.8809,58.3907],[-158.8961,58.3901],[-158.9442,58.3969],[-159.0461,58.4175],[-159.0633,58.4231],[-159.0805,58.4443],[-159.1873,58.5556],[-159.2423,58.6191],[-159.3576,58.7345],[-159.3907,58.7624],[-159.4508,58.7977],[-159.5018,58.8243],[-159.5323,58.8336],[-159.5564,58.8374],[-159.5803,58.8407],[-159.6435,58.8451],[-159.6019,58.8847],[-159.5898,58.8904],[-159.587,58.9003],[-159.5948,58.9124],[-159.6026,58.9209],[-159.6161,58.9316],[-159.6424,58.9387],[-159.6574,58.9387],[-159.6915,58.9316],[-159.7121,58.9295],[-159.7235,58.9323],[-159.7329,58.9307],[-159.7538,58.8557],[-159.8088,58.8615],[-159.7929,58.824],[-159.8063,58.8056],[-159.9084,58.7799],[-159.9957,58.8483],[-159.9854,58.8705],[-160.054,58.887],[-160.0931,58.8608],[-160.1505,58.8661],[-160.1545,58.9169],[-160.2328,58.9011],[-160.2863,58.945],[-160.3229,58.954],[-160.2566,58.9945],[-160.3178,59.0705],[-160.4766,59.026],[-160.6418,58.9645],[-160.7531,58.9104],[-160.8235,58.8291],[-160.872,58.8785],[-161.0011,58.8497],[-161.0341,58.8387],[-161.0725,58.826],[-161.1834,58.7893],[-161.338,58.7429],[-161.3415,58.7393],[-161.3727,58.708],[-161.3723,58.6662],[-161.5213,58.6331],[-161.5505,58.6112],[-161.6264,58.6026],[-161.6829,58.5647],[-161.752,58.5518],[-161.7663,58.5992],[-161.8712,58.6375],[-162.0663,58.6208],[-162.1717,58.6484],[-161.9946,58.6888],[-161.9392,58.6556],[-161.8772,58.6661],[-161.8591,58.7086],[-161.7695,58.7749],[-161.7566,58.8265],[-161.787,58.8997],[-161.7845,58.939],[-161.784,58.9694],[-161.8414,59.0332],[-161.8218,59.0506],[-161.8561,59.0616],[-161.8787,59.0681],[-161.982,59.151],[-162.0486,59.2542],[-162.0564,59.271],[-162.032,59.2885],[-161.9929,59.3384],[-161.9559,59.3523],[-161.9512,59.3807],[-161.877,59.4001],[-161.849,59.4325],[-161.8144,59.4371],[-161.7904,59.4682],[-161.7383,59.467],[-161.7025,59.4909],[-161.758,59.5572],[-161.8205,59.595],[-161.8739,59.6495],[-161.8855,59.6984],[-161.9112,59.7417],[-162.0171,59.8294],[-162.0924,59.8811],[-162.1088,59.9201],[-162.1007,59.9447],[-162.1086,59.9539],[-162.1211,59.9652],[-162.143,59.9675],[-162.1718,59.9842],[-162.1906,60.002],[-162.2072,60.0218],[-162.2284,60.0563],[-162.2683,60.0692],[-162.2737,60.0867],[-162.3368,60.1288],[-162.3722,60.167],[-162.4513,60.1744],[-162.491,60.1427],[-162.4981,60.1151],[-162.4956,60.0789],[-162.4768,60.0477],[-162.5036,59.9992],[-162.5301,59.9901],[-162.5473,59.9809],[-162.5855,59.9772],[-162.6226,59.9718],[-162.6442,59.973],[-162.7075,59.9903],[-162.7427,59.9847],[-162.7374,59.9723],[-162.7467,59.9618],[-162.7781,59.9443],[-162.8085,59.9339],[-162.8593,59.925],[-162.9042,59.9191],[-162.9291,59.9081],[-162.9976,59.8858],[-163.086,59.861],[-163.1726,59.8451],[-163.349,59.8199],[-163.3877,59.8159],[-163.5591,59.8014],[-163.6626,59.7957],[-163.7048,59.7948],[-163.7722,59.7956],[-163.9308,59.8039],[-164.0798,59.828],[-164.1151,59.8367],[-164.1334,59.8456],[-164.1603,59.8647],[-164.2018,59.9161],[-164.2085,59.9345],[-164.2098,59.9429],[-164.2083,59.949],[-164.1985,59.9551],[-164.1787,59.9618],[-164.161,59.9641],[-164.1254,59.9646],[-164.1151,59.9732],[-164.1318,59.9912],[-164.1916,60.0245],[-164.303,60.0542],[-164.3361,60.0555],[-164.3855,60.0772],[-164.4612,60.1378],[-164.4986,60.1705],[-164.4939,60.1774],[-164.4943,60.1848],[-164.5057,60.1943],[-164.5176,60.1995],[-164.5417,60.2053],[-164.5583,60.207],[-164.5961,60.2229],[-164.6195,60.2349],[-164.6344,60.243],[-164.6463,60.2533],[-164.652,60.2627],[-164.6531,60.2679],[-164.6989,60.2963],[-164.7266,60.2915],[-164.7772,60.2938],[-164.8504,60.3036],[-164.8993,60.3168],[-164.9627,60.3397],[-165.0056,60.3598],[-165.0576,60.3863],[-165.1294,60.4337],[-165.1329,60.4389],[-165.1248,60.4492],[-165.1207,60.4512],[-165.0697,60.4609],[-165.0491,60.4615],[-165.0152,60.4714],[-164.9979,60.4805],[-164.9614,60.5084],[-164.9568,60.5278],[-164.9608,60.5338],[-164.9655,60.5367],[-164.9713,60.5396],[-164.987,60.5424],[-165.0574,60.5446],[-165.1904,60.498],[-165.2444,60.4963],[-165.363,60.5069],[-165.3776,60.5132],[-165.4051,60.5347],[-165.4203,60.5507],[-165.4198,60.5524],[-165.4152,60.5582],[-165.3811,60.578],[-165.3677,60.5812],[-165.3467,60.5806],[-165.3129,60.5763],[-165.2897,60.5758],[-165.2687,60.5795],[-165.1786,60.6239],[-165.1705,60.6291],[-165.1472,60.6512],[-165.0631,60.6886],[-165.0526,60.6901],[-165.0433,60.6875],[-165.0275,60.686],[-164.9917,60.6988],[-164.9712,60.7114],[-164.9666,60.7174],[-164.9654,60.7243],[-164.9718,60.7297],[-165.0105,60.7448],[-165.0239,60.7531],[-165.0321,60.76],[-165.0408,60.7727],[-165.0426,60.7844],[-165.0379,60.789],[-165.0326,60.7867],[-165.0203,60.7855],[-164.9777,60.7904],[-164.9449,60.8004],[-164.9242,60.8093],[-164.9393,60.8235],[-165.0097,60.8151],[-165.0214,60.8151],[-165.0296,60.826],[-165.0302,60.8381],[-165.0037,60.8756],[-164.946,60.9211],[-164.9395,60.9248],[-164.926,60.9251],[-164.9175,60.9281],[-164.9039,60.9422],[-164.9213,60.9465],[-164.9401,60.9454],[-164.9649,60.9454],[-164.9753,60.9331],[-165.0071,60.9221],[-165.032,60.904],[-165.1265,60.9214],[-165.1324,60.9225],[-165.1725,60.9403],[-165.1949,60.9739],[-165.195,60.9799],[-165.1903,60.9831],[-165.1339,61.0113],[-165.1157,61.0161],[-165.0974,61.0167],[-165.0968,61.0149],[-165.0833,61.0129],[-165.0203,61.0112],[-164.9982,61.0138],[-164.9615,61.0242],[-164.9511,61.031],[-164.9506,61.0481],[-164.9524,61.0693],[-164.9935,61.0724],[-165.0113,61.052],[-165.0578,61.0597],[-165.1198,61.0786],[-165.1676,61.1135],[-165.1753,61.1209],[-165.1771,61.1255],[-165.1671,61.1335],[-165.1659,61.1366],[-165.1689,61.1449],[-165.173,61.1469],[-165.2038,61.1503],[-165.2438,61.1516],[-165.2897,61.1817],[-165.308,61.1818],[-165.3256,61.1693],[-165.3639,61.1108],[-165.3683,61.084],[-165.3854,61.0796],[-165.4173,61.0787],[-165.4592,61.0834],[-165.5551,61.0927],[-165.5907,61.1112],[-165.627,61.1672],[-165.6213,61.1924],[-165.632,61.2207],[-165.634,61.2376],[-165.6275,61.2581],[-165.6206,61.2686],[-165.6233,61.2784],[-165.6358,61.2855],[-165.6629,61.2946],[-165.7874,61.3101],[-165.8094,61.3068],[-165.8164,61.3034],[-165.8314,61.3067],[-165.859,61.3189],[-165.8796,61.335],[-165.9154,61.3877],[-165.9212,61.4031],[-165.9219,61.4096],[-165.9186,61.4191],[-165.8445,61.4406],[-165.8005,61.4497],[-165.7911,61.4499],[-165.7672,61.4569],[-165.7485,61.4764],[-165.7464,61.4893],[-165.7543,61.4987],[-165.8076,61.5292],[-165.8657,61.535],[-165.9125,61.5562],[-165.964,61.5559],[-165.9819,61.5512],[-165.9859,61.5467],[-165.9995,61.5397],[-166.0347,61.5352],[-166.0755,61.5327],[-166.0887,61.5229],[-166.0758,61.5021],[-166.0754,61.493],[-166.1083,61.4925],[-166.1342,61.5043],[-166.1496,61.5133],[-166.1583,61.5415],[-166.1652,61.5506],[-166.1786,61.5748],[-166.1819,61.5813],[-166.1827,61.5885],[-166.159,61.7004],[-166.1532,61.7149],[-166.1438,61.7244],[-166.1343,61.7239],[-166.133,61.7219],[-166.1344,61.7091],[-166.1387,61.6671],[-166.1401,61.6396],[-166.1394,61.6323],[-166.1322,61.6316],[-166.054,61.6382],[-166.0318,61.6412],[-166.0151,61.6459],[-165.9679,61.6544],[-165.9038,61.6636],[-165.8221,61.6706],[-165.8099,61.673],[-165.81,61.6894],[-165.8568,61.6907],[-165.935,61.7063],[-165.9939,61.7231],[-166.0067,61.7299],[-166.0921,61.8007],[-166.094,61.8053],[-166.0943,61.8139],[-166.0853,61.8165],[-165.9553,61.8324],[-165.871,61.826],[-165.7584,61.8254],[-165.7471,61.8277],[-165.7369,61.8329],[-165.7364,61.8392],[-165.7304,61.8421],[-165.696,61.8471],[-165.6395,61.847],[-165.6293,61.8614],[-165.6825,61.8941],[-165.7037,61.917],[-165.7435,61.9625],[-165.7598,62.0019],[-165.7605,62.0388],[-165.7479,62.0736],[-165.7062,62.1084],[-165.672,62.1399],[-165.6207,62.1726],[-165.5003,62.2555],[-165.3737,62.3382],[-165.3377,62.359],[-165.312,62.3788],[-165.295,62.4034],[-165.2693,62.4274],[-165.1998,62.4696],[-165.0962,62.5225],[-165.076,62.582],[-165.0522,62.5982],[-165.0132,62.6401],[-165.0037,62.641],[-164.9367,62.6689],[-164.8695,62.666],[-164.8377,62.6853],[-164.8773,62.7843],[-164.8778,62.7978],[-164.8756,62.8063],[-164.8508,62.8395],[-164.8363,62.8522],[-164.813,62.9039],[-164.7839,62.9462],[-164.7661,62.9582],[-164.7168,63.0063],[-164.6852,63.0222],[-164.5837,63.0585],[-164.5802,63.0701],[-164.6116,63.0777],[-164.6412,63.0727],[-164.6437,63.075],[-164.6449,63.0793],[-164.6403,63.0913],[-164.6339,63.0978],[-164.4931,63.1777],[-164.4234,63.212],[-164.3636,63.2263],[-164.2095,63.2515],[-164.1401,63.2593],[-164.067,63.2623],[-164.0366,63.2612],[-163.9703,63.2483],[-163.9094,63.2325],[-163.8851,63.2223],[-163.7889,63.2175],[-163.7553,63.2175],[-163.7326,63.2133],[-163.7258,63.2106],[-163.7241,63.2066],[-163.704,63.1881],[-163.6503,63.1576],[-163.6163,63.1412],[-163.5901,63.1461],[-163.5299,63.1354],[-163.5208,63.1233],[-163.5072,63.1137],[-163.4748,63.0991],[-163.434,63.0893],[-163.4177,63.0839],[-163.365,63.0558],[-163.3162,63.0378],[-163.1309,63.0494],[-163.054,63.0583],[-163.0405,63.0622],[-162.9983,63.0893],[-162.9197,63.1202],[-162.9016,63.1256],[-162.8446,63.1542],[-162.8379,63.1592],[-162.8349,63.1646],[-162.8402,63.1876],[-162.8392,63.193],[-162.8344,63.1981],[-162.8211,63.2056],[-162.7695,63.2171],[-162.7587,63.2172],[-162.7476,63.2136],[-162.7241,63.2146],[-162.6881,63.2206],[-162.6626,63.2299],[-162.5934,63.2723],[-162.5717,63.2856],[-162.4371,63.3778],[-162.4322,63.3826],[-162.4261,63.3937],[-162.4287,63.4011],[-162.4215,63.409],[-162.3846,63.4358],[-162.3523,63.4541],[-162.3019,63.4734],[-162.2711,63.4877],[-162.2682,63.4908],[-162.2678,63.4951],[-162.2885,63.5264],[-162.3015,63.5373],[-162.2967,63.5401],[-162.2524,63.5418],[-162.1901,63.5299],[-162.1516,63.518],[-162.1232,63.5128],[-162.1086,63.5119],[-162.0732,63.5138],[-162.0417,63.4897],[-162.0457,63.4754],[-162.0501,63.4729],[-162.0505,63.4706],[-162.0394,63.4589],[-162.0256,63.4475],[-161.9307,63.4448],[-161.8399,63.4473],[-161.7658,63.4538],[-161.7056,63.4641],[-161.6765,63.465],[-161.5916,63.4542],[-161.5838,63.4479],[-161.5531,63.4492],[-161.4505,63.4572],[-161.3102,63.4713],[-161.1912,63.4901],[-161.1368,63.5045],[-161.1342,63.5067],[-161.12,63.5325],[-161.1027,63.5478],[-161.036,63.5796],[-160.9249,63.6448],[-160.9044,63.658],[-160.8091,63.7313],[-160.7833,63.7529],[-160.7656,63.7736],[-160.762,63.7935],[-160.7663,63.8352],[-160.7876,63.8692],[-160.8108,63.9046],[-160.852,63.9544],[-160.8777,63.9773],[-160.8925,63.9859],[-160.9337,64.0497],[-160.9516,64.0901],[-160.9551,64.138],[-160.9564,64.1917],[-160.9536,64.1978],[-160.9469,64.2042],[-160.976,64.2358],[-161.2289,64.3707],[-161.2635,64.3982],[-161.3137,64.4009],[-161.4104,64.4221],[-161.463,64.4201],[-161.4702,64.4188],[-161.4929,64.4079],[-161.5049,64.4231],[-161.4791,64.4864],[-161.469,64.5066],[-161.3886,64.5328],[-161.3736,64.535],[-161.3629,64.5269],[-161.3511,64.5214],[-161.3213,64.5139],[-161.2341,64.5004],[-161.198,64.4966],[-161.1555,64.4947],[-161.078,64.4941],[-161.0242,64.4997],[-161.0151,64.5021],[-161.0132,64.5075],[-161.0171,64.5171],[-161.0375,64.5222],[-161.0459,64.5249],[-161.0531,64.5285],[-161.0555,64.5324],[-161.0523,64.5374],[-161.0491,64.541],[-160.9929,64.5413],[-160.9706,64.5439],[-160.9405,64.55],[-160.802,64.6104],[-160.7934,64.6193],[-160.7916,64.6231],[-160.7836,64.6806],[-160.7834,64.7172],[-160.8696,64.7838],[-160.936,64.8224],[-160.9864,64.834],[-161.0797,64.8695],[-161.1028,64.8807],[-161.1331,64.8982],[-161.1497,64.912],[-161.1494,64.9166],[-161.1457,64.9205],[-161.176,64.9272],[-161.1921,64.9214],[-161.1952,64.9182],[-161.2009,64.9058],[-161.201,64.8987],[-161.1986,64.8944],[-161.2138,64.8833],[-161.2643,64.862],[-161.293,64.8532],[-161.3278,64.8298],[-161.3579,64.8059],[-161.3668,64.7938],[-161.3644,64.7821],[-161.3675,64.7789],[-161.377,64.773],[-161.4135,64.7627],[-161.4299,64.759],[-161.5182,64.7533],[-161.5955,64.7645],[-161.6303,64.7713],[-161.6455,64.7765],[-161.6673,64.789],[-161.8784,64.7095],[-161.9024,64.7039],[-161.9393,64.6991],[-162.0965,64.691],[-162.1388,64.6859],[-162.1685,64.6803],[-162.1881,64.6724],[-162.2166,64.6562],[-162.2197,64.6442],[-162.2345,64.6193],[-162.27,64.6087],[-162.2906,64.6055],[-162.3423,64.5922],[-162.54,64.5309],[-162.5549,64.5203],[-162.6142,64.4707],[-162.6155,64.4671],[-162.6022,64.4569],[-162.603,64.4487],[-162.6322,64.3857],[-162.6452,64.3798],[-162.6677,64.3754],[-162.7192,64.36],[-162.7684,64.3335],[-162.7902,64.3252],[-162.7956,64.3277],[-162.8054,64.336],[-162.81,64.3526],[-162.8072,64.3646],[-162.8004,64.3747],[-162.8023,64.3953],[-162.8066,64.4056],[-162.8365,64.4367],[-162.8586,64.4749],[-162.8576,64.4998],[-162.9408,64.5424],[-162.9693,64.5469],[-163.0307,64.5424],[-163.0426,64.54],[-163.0493,64.5493],[-163.0274,64.5597],[-163.0284,64.5692],[-163.0607,64.5883],[-163.1426,64.6092],[-163.174,64.6397],[-163.2178,64.6321],[-163.312,64.5883],[-163.3091,64.5711],[-163.2549,64.5493],[-163.1787,64.5435],[-163.1197,64.5102],[-163.0332,64.5193],[-163.0272,64.4779],[-163.0915,64.4377],[-163.1075,64.4092],[-163.1195,64.4038],[-163.1508,64.3972],[-163.1753,64.3993],[-163.2292,64.43],[-163.2491,64.4562],[-163.253,64.4695],[-163.3509,64.5059],[-163.4129,64.525],[-163.4515,64.5348],[-163.5978,64.5634],[-163.6519,64.5673],[-163.8297,64.575],[-163.8758,64.5729],[-163.8962,64.5645],[-163.9744,64.5514],[-163.9945,64.5517],[-164.0448,64.5592],[-164.072,64.5613],[-164.1471,64.5646],[-164.2601,64.5642],[-164.3073,64.5615],[-164.4219,64.5453],[-164.4913,64.5298],[-164.5483,64.5167],[-164.7425,64.4664],[-164.8077,64.4494],[-164.8357,64.4449],[-164.8744,64.4412],[-165.002,64.4339],[-165.0165,64.4344],[-165.2142,64.4697],[-165.4134,64.4979],[-165.5506,64.5122],[-165.7511,64.5364],[-165.8196,64.5402],[-165.9197,64.5487],[-166.1895,64.5758],[-166.2369,64.5836],[-166.2559,64.5902],[-166.3924,64.6382],[-166.4139,64.6512],[-166.4518,64.6918],[-166.4747,64.7193],[-166.4838,64.7334],[-166.4811,64.7862],[-166.479,64.797],[-166.4305,64.8077],[-166.417,64.8187],[-166.4102,64.828],[-166.4073,64.8343],[-166.4073,64.8523],[-166.4093,64.8598],[-166.4156,64.8719],[-166.4322,64.8832],[-166.5305,64.9371],[-166.5861,64.9557],[-166.6151,64.9643],[-166.6368,64.9681],[-166.6908,64.9854],[-166.7048,64.9971],[-166.7053,64.9998],[-166.6952,65.0052],[-166.6888,65.018],[-166.6924,65.0296],[-166.6965,65.0359],[-166.7328,65.0535],[-166.8209,65.0771],[-166.8604,65.0909],[-166.8855,65.1059],[-166.9119,65.126],[-166.9101,65.134],[-166.9067,65.1363],[-166.8977,65.139],[-166.8867,65.1388],[-166.8727,65.1369],[-166.8375,65.1281],[-166.8268,65.1198],[-166.8168,65.1171],[-166.7556,65.1106],[-166.6703,65.1097],[-166.6384,65.1136],[-166.6344,65.1259],[-166.6061,65.136],[-166.5215,65.1492],[-166.5096,65.1527],[-166.4799,65.1672],[-166.4642,65.1771],[-166.46,65.1833],[-166.46,65.1899],[-166.4653,65.1948],[-166.4748,65.2177],[-166.4753,65.2243],[-166.4517,65.2362],[-166.3863,65.2541],[-166.3472,65.2763],[-166.3606,65.2886],[-166.3777,65.298],[-166.4394,65.3191],[-166.486,65.3309],[-166.5186,65.3358],[-166.5511,65.3384],[-166.5727,65.3382],[-166.597,65.3362],[-166.626,65.3251],[-166.6552,65.3249],[-166.6797,65.3269],[-166.796,65.3372],[-166.8516,65.3485],[-166.8997,65.3606],[-167.0268,65.382],[-167.1019,65.3877],[-167.1705,65.3893],[-167.3985,65.4003],[-167.474,65.4127],[-167.5746,65.445],[-167.6204,65.4635],[-167.6214,65.4666],[-167.7109,65.4985],[-167.8418,65.5302],[-167.8512,65.5382],[-167.9096,65.5509],[-167.9671,65.5586],[-167.9972,65.5593],[-168.0476,65.5691],[-168.0752,65.5764],[-168.099,65.5922],[-168.0994,65.599],[-168.0961,65.6009],[-168.1,65.611],[-168.127,65.6266],[-168.1347,65.6408]],[[-168.0977,64.9643],[-168.0977,64.969],[-168.0825,64.9747],[-168.0749,64.9804],[-168.0492,64.9823],[-168.0502,64.9612],[-168.0806,64.9586],[-168.0977,64.9643]],[[-167.8523,53.3156],[-167.7909,53.3355],[-167.7104,53.3813],[-167.6945,53.388],[-167.6531,53.3923],[-167.6221,53.3853],[-167.4883,53.42],[-167.4745,53.4318],[-167.4733,53.438],[-167.4574,53.4428],[-167.394,53.4398],[-167.3735,53.4328],[-167.3556,53.4245],[-167.3328,53.4331],[-167.343,53.4555],[-167.3065,53.4415],[-167.3013,53.466],[-167.2788,53.4786],[-167.2679,53.4781],[-167.2262,53.4687],[-167.2176,53.4654],[-167.2,53.463],[-167.1938,53.467],[-167.1827,53.4906],[-167.188,53.5241],[-167.1023,53.5151],[-167.1058,53.5405],[-167.1312,53.5473],[-167.1357,53.5512],[-167.1616,53.6059],[-167.1632,53.6138],[-167.1598,53.6173],[-167.1404,53.627],[-167.1078,53.6331],[-167.0914,53.6334],[-167.0846,53.6265],[-167.0701,53.6199],[-167.0622,53.6201],[-167.0096,53.6353],[-167.0087,53.642],[-167.0179,53.6486],[-167.03,53.6536],[-167.0718,53.6656],[-167.0677,53.6873],[-167.0577,53.6989],[-167.0412,53.7079],[-167.0224,53.7155],[-166.9993,53.7185],[-166.9233,53.7197],[-166.895,53.7177],[-166.859,53.6744],[-166.8618,53.6592],[-166.8327,53.6574],[-166.8059,53.6657],[-166.8323,53.6907],[-166.8325,53.708],[-166.78,53.7191],[-166.7873,53.7346],[-166.8565,53.7473],[-166.9428,53.7696],[-166.9607,53.7768],[-166.9756,53.7753],[-166.9833,53.7713],[-166.9928,53.7626],[-167.0058,53.7554],[-167.0169,53.7549],[-167.025,53.7572],[-167.0759,53.7863],[-167.142,53.8269],[-167.141,53.8668],[-167.0582,53.9298],[-167.0313,53.9452],[-166.9305,53.9761],[-166.8795,53.9887],[-166.8186,53.9932],[-166.7517,54.0161],[-166.7461,54.0169],[-166.7426,54.0155],[-166.7289,54.0031],[-166.6766,54.0174],[-166.6446,54.0145],[-166.6369,54.012],[-166.6198,54.0013],[-166.5999,53.9837],[-166.5874,53.9598],[-166.6054,53.9554],[-166.622,53.9537],[-166.6468,53.9238],[-166.6405,53.9125],[-166.619,53.8935],[-166.5972,53.884],[-166.5751,53.8792],[-166.5605,53.8788],[-166.5518,53.9032],[-166.536,53.918],[-166.5084,53.9239],[-166.4878,53.8954],[-166.4437,53.9097],[-166.4365,53.9162],[-166.4352,53.9204],[-166.4371,53.9556],[-166.3737,54.01],[-166.3675,54.0089],[-166.3571,54.0023],[-166.3546,53.999],[-166.3543,53.9955],[-166.3599,53.9771],[-166.3199,53.9601],[-166.2794,53.9825],[-166.2645,53.9775],[-166.211,53.9336],[-166.2088,53.9291],[-166.2112,53.9123],[-166.2365,53.8813],[-166.2509,53.8769],[-166.32,53.8695],[-166.352,53.8585],[-166.3892,53.8323],[-166.4049,53.8093],[-166.4348,53.798],[-166.5474,53.7494],[-166.5521,53.7285],[-166.5405,53.7159],[-166.4691,53.7359],[-166.4603,53.7458],[-166.4205,53.7621],[-166.3368,53.7871],[-166.3032,53.7915],[-166.2126,53.8171],[-166.2143,53.8204],[-166.2123,53.8278],[-166.1988,53.8361],[-166.1199,53.855],[-166.113,53.8537],[-166.0976,53.844],[-166.0941,53.8392],[-166.1113,53.7769],[-166.1667,53.7334],[-166.1991,53.7273],[-166.263,53.7037],[-166.2652,53.6982],[-166.2749,53.6873],[-166.2833,53.6842],[-166.4449,53.6406],[-166.4676,53.6466],[-166.5326,53.6305],[-166.554,53.6234],[-166.5287,53.611],[-166.509,53.5838],[-166.5659,53.5831],[-166.5721,53.5597],[-166.581,53.5304],[-166.6396,53.5451],[-166.6364,53.5231],[-166.6473,53.5039],[-166.6562,53.4871],[-166.6623,53.4853],[-166.6679,53.486],[-166.7125,53.4984],[-166.735,53.5066],[-166.7431,53.5148],[-166.7727,53.4964],[-166.7438,53.4834],[-166.7429,53.4643],[-166.7492,53.4409],[-166.7891,53.4531],[-166.8082,53.4347],[-166.8631,53.4439],[-166.8781,53.4299],[-166.9227,53.4411],[-166.9591,53.4558],[-166.9644,53.4325],[-166.9943,53.4292],[-167.0361,53.4493],[-167.0482,53.4488],[-167.05,53.4331],[-167.0754,53.425],[-167.112,53.4168],[-167.1243,53.4255],[-167.1341,53.4264],[-167.2014,53.3979],[-167.2918,53.3641],[-167.303,53.3369],[-167.3081,53.3343],[-167.3487,53.3333],[-167.387,53.3407],[-167.4428,53.321],[-167.4663,53.2959],[-167.4882,53.2691],[-167.5155,53.2679],[-167.5309,53.2757],[-167.5392,53.2779],[-167.5892,53.2887],[-167.5984,53.288],[-167.6099,53.2853],[-167.6222,53.2504],[-167.6442,53.2508],[-167.799,53.2848],[-167.8351,53.2996],[-167.8515,53.3087],[-167.8523,53.3156]],[[-167.4557,60.2076],[-167.4429,60.2093],[-167.3967,60.2101],[-167.3722,60.2158],[-167.3432,60.2242],[-167.3176,60.2315],[-167.2732,60.2301],[-167.2383,60.2288],[-167.2033,60.2334],[-167.1604,60.2293],[-167.1128,60.2315],[-167.08,60.2221],[-167.0337,60.2137],[-166.9999,60.2181],[-166.9512,60.2223],[-166.9183,60.2023],[-166.8889,60.2105],[-166.8712,60.2133],[-166.8426,60.2105],[-166.8199,60.2236],[-166.8059,60.2361],[-166.8131,60.2498],[-166.8358,60.2688],[-166.8128,60.2837],[-166.7709,60.3012],[-166.7377,60.3122],[-166.7135,60.3273],[-166.6646,60.3269],[-166.6166,60.3192],[-166.5826,60.3178],[-166.5722,60.3281],[-166.5798,60.3497],[-166.5486,60.3619],[-166.5148,60.373],[-166.4904,60.3895],[-166.4387,60.3763],[-166.4013,60.3615],[-166.3719,60.3552],[-166.3317,60.3683],[-166.2851,60.3823],[-166.241,60.3888],[-166.2037,60.3902],[-166.1674,60.4256],[-166.1498,60.4367],[-166.1278,60.4174],[-166.1192,60.3864],[-166.1033,60.3673],[-166.0952,60.3512],[-166.0692,60.3412],[-166.081,60.3228],[-166.0373,60.3195],[-165.9849,60.3143],[-165.9549,60.3209],[-165.9187,60.3378],[-165.8831,60.3434],[-165.8294,60.3309],[-165.7768,60.3269],[-165.7671,60.3122],[-165.7192,60.31],[-165.6799,60.2924],[-165.6786,60.2707],[-165.6941,60.253],[-165.7178,60.2501],[-165.7225,60.2365],[-165.6964,60.2258],[-165.6836,60.1983],[-165.7111,60.1812],[-165.7235,60.1638],[-165.7052,60.1528],[-165.6781,60.1547],[-165.6757,60.1432],[-165.6667,60.1243],[-165.6626,60.0985],[-165.6855,60.084],[-165.7004,60.0774],[-165.7092,60.066],[-165.6807,60.0539],[-165.6736,60.0299],[-165.6339,60.0196],[-165.6453,59.9995],[-165.6527,59.9872],[-165.6265,59.9698],[-165.5994,59.9725],[-165.5519,59.9787],[-165.5576,59.9685],[-165.5695,59.9572],[-165.5911,59.9498],[-165.5825,59.9346],[-165.5664,59.928],[-165.5823,59.9082],[-165.6265,59.9012],[-165.6771,59.8991],[-165.7066,59.8836],[-165.727,59.8991],[-165.7698,59.9005],[-165.7993,59.8955],[-165.839,59.8905],[-165.8568,59.8697],[-165.8611,59.861],[-165.9001,59.8677],[-165.9303,59.8772],[-165.9823,59.8716],[-166.026,59.8615],[-166.085,59.8396],[-166.11,59.8276],[-166.1252,59.8123],[-166.1121,59.8009],[-166.0974,59.7841],[-166.0843,59.7761],[-166.0974,59.757],[-166.1121,59.754],[-166.154,59.7483],[-166.1904,59.7502],[-166.2068,59.7594],[-166.2087,59.7746],[-166.2722,59.8115],[-166.3169,59.825],[-166.3431,59.8261],[-166.3621,59.8386],[-166.408,59.8511],[-166.4438,59.8532],[-166.488,59.8443],[-166.5128,59.8464],[-166.5339,59.8483],[-166.5783,59.8462],[-166.614,59.8483],[-166.6433,59.8605],[-166.6655,59.8782],[-166.7153,59.8879],[-166.763,59.8933],[-166.7722,59.9027],[-166.8611,59.9432],[-166.9396,59.9655],[-166.9878,59.979],[-167.0249,59.9849],[-167.0658,59.988],[-167.1011,59.9881],[-167.1288,59.9959],[-167.1708,60.0128],[-167.2257,60.0409],[-167.2442,60.0579],[-167.2665,60.0603],[-167.3007,60.0608],[-167.3333,60.0666],[-167.3329,60.0766],[-167.3363,60.1018],[-167.3435,60.1263],[-167.3666,60.1463],[-167.4017,60.1764],[-167.4306,60.197],[-167.4557,60.2076]],[[-166.1971,53.9848],[-166.1724,53.9981],[-166.1057,53.9886],[-166.0753,53.9696],[-166.1162,53.9572],[-166.1524,53.9553],[-166.1904,53.9601],[-166.1962,53.9686],[-166.1971,53.9848]],[[-166.1122,54.1225],[-166.1014,54.1441],[-166.082,54.1752],[-166.0025,54.2136],[-165.9832,54.2212],[-165.9446,54.2209],[-165.8731,54.2165],[-165.8682,54.2149],[-165.8651,54.2122],[-165.8659,54.2],[-165.872,54.1898],[-165.8805,54.1836],[-165.8681,54.1687],[-165.8635,54.1662],[-165.8373,54.161],[-165.8324,54.1613],[-165.8252,54.1645],[-165.7971,54.1832],[-165.7938,54.1834],[-165.7926,54.1816],[-165.7905,54.1718],[-165.7479,54.1613],[-165.7426,54.1584],[-165.7326,54.1481],[-165.7142,54.1208],[-165.6673,54.1321],[-165.6614,54.1309],[-165.6556,54.1191],[-165.6715,54.0962],[-165.7672,54.0659],[-165.8107,54.0748],[-165.8751,54.0364],[-165.8963,54.0557],[-165.8973,54.0606],[-165.9016,54.0629],[-165.9162,54.0657],[-165.9302,54.0666],[-165.9844,54.0617],[-166.0199,54.0514],[-166.0277,54.0459],[-166.0464,54.0442],[-166.0983,54.1035],[-166.1122,54.1225]],[[-165.6858,54.2434],[-165.6841,54.2499],[-165.6754,54.2646],[-165.6364,54.2976],[-165.6256,54.299],[-165.6156,54.2974],[-165.6052,54.2942],[-165.5865,54.2844],[-165.5235,54.2999],[-165.5028,54.2995],[-165.4785,54.2953],[-165.4777,54.2837],[-165.48,54.2818],[-165.5137,54.2741],[-165.5576,54.2541],[-165.5588,54.2508],[-165.558,54.2468],[-165.5533,54.2396],[-165.5128,54.2129],[-165.4963,54.2109],[-165.4788,54.2133],[-165.4054,54.2128],[-165.3914,54.2043],[-165.3837,54.1967],[-165.4,54.1777],[-165.4129,54.1792],[-165.4224,54.1828],[-165.4762,54.1827],[-165.4813,54.18],[-165.536,54.1296],[-165.5492,54.1122],[-165.5654,54.1081],[-165.5756,54.1086],[-165.6132,54.1209],[-165.6297,54.1326],[-165.6371,54.1994],[-165.6219,54.2081],[-165.5937,54.2184],[-165.5858,54.2231],[-165.5798,54.2296],[-165.5872,54.2382],[-165.5957,54.2427],[-165.6121,54.2465],[-165.6156,54.2448],[-165.6256,54.2338],[-165.64,54.2297],[-165.6694,54.229],[-165.6815,54.2369],[-165.6858,54.2434]],[[-165.575,54.0416],[-165.548,54.0582],[-165.5156,54.0667],[-165.5002,54.049],[-165.4807,54.0442],[-165.4918,54.0357],[-165.508,54.0307],[-165.5277,54.0308],[-165.5558,54.0236],[-165.575,54.0416]],[[-165.4834,54.075],[-165.4682,54.0796],[-165.439,54.0841],[-165.3223,54.0946],[-165.271,54.0957],[-165.267,54.0955],[-165.2344,54.0654],[-165.2351,54.0628],[-165.2458,54.0561],[-165.2827,54.057],[-165.2877,54.0383],[-165.3167,54.0499],[-165.3368,54.0701],[-165.3658,54.0733],[-165.4582,54.0663],[-165.4827,54.0722],[-165.4834,54.075]],[[-165.2209,54.1016],[-165.1987,54.1165],[-165.141,54.1311],[-165.0885,54.128],[-165.0674,54.1232],[-165.0502,54.1217],[-165.0231,54.1219],[-165.0079,54.1349],[-164.9762,54.1346],[-164.9378,54.1367],[-164.9213,54.1286],[-164.9197,54.1161],[-164.9215,54.1111],[-164.9532,54.0781],[-164.9606,54.076],[-165.0443,54.0666],[-165.2034,54.0878],[-165.2123,54.0902],[-165.2209,54.1016]],[[-164.8831,54.1962],[-164.8652,54.207],[-164.8242,54.2255],[-164.797,54.2291],[-164.7637,54.2232],[-164.7644,54.2098],[-164.8177,54.1821],[-164.8396,54.1787],[-164.8831,54.1962]],[[-163.1742,55.4157],[-163.1701,55.4288],[-163.1502,55.4336],[-163.134,55.435],[-163.1204,55.4285],[-163.1175,55.4202],[-163.1158,55.4131],[-163.1173,55.4085],[-163.1173,55.4025],[-163.1242,55.3987],[-163.1385,55.3957],[-163.1606,55.4028],[-163.1742,55.4157]],[[-162.8617,54.4248],[-162.8349,54.4505],[-162.8351,54.4828],[-162.8292,54.4947],[-162.7997,54.4918],[-162.7431,54.4787],[-162.6702,54.4611],[-162.6367,54.4573],[-162.5853,54.448],[-162.5566,54.4252],[-162.5185,54.4144],[-162.4741,54.419],[-162.4251,54.4144],[-162.4002,54.4076],[-162.3614,54.3902],[-162.3888,54.3676],[-162.4311,54.3711],[-162.4496,54.3622],[-162.4669,54.3427],[-162.4905,54.3491],[-162.5468,54.377],[-162.6086,54.3691],[-162.6958,54.3877],[-162.7198,54.401],[-162.7645,54.3882],[-162.7602,54.3722],[-162.7838,54.3762],[-162.8083,54.3912],[-162.8617,54.4248]],[[-162.7076,63.5776],[-162.6826,63.5841],[-162.6445,63.6026],[-162.6146,63.6218],[-162.5875,63.6251],[-162.5582,63.6343],[-162.5414,63.6357],[-162.5123,63.6298],[-162.4982,63.6221],[-162.4519,63.6213],[-162.4402,63.6225],[-162.4303,63.6257],[-162.4254,63.63],[-162.4253,63.6317],[-162.4277,63.6331],[-162.4242,63.6362],[-162.4012,63.6344],[-162.3742,63.6264],[-162.3419,63.5941],[-162.3452,63.5518],[-162.378,63.5438],[-162.4168,63.5474],[-162.47,63.5475],[-162.5527,63.541],[-162.562,63.5371],[-162.6149,63.5406],[-162.6766,63.5556],[-162.681,63.5569],[-162.7076,63.5776]],[[-162.4375,54.9276],[-162.4355,54.9292],[-162.3374,54.9816],[-162.3268,54.9853],[-162.2667,54.9821],[-162.255,54.9784],[-162.2497,54.9759],[-162.2357,54.9626],[-162.233,54.891],[-162.2368,54.8816],[-162.2753,54.8456],[-162.2829,54.8412],[-162.3006,54.8326],[-162.3211,54.8279],[-162.3493,54.836],[-162.4174,54.8775],[-162.4252,54.885],[-162.4375,54.9276]],[[-161.9244,55.1099],[-161.9036,55.1169],[-161.9007,55.1421],[-161.8889,55.1607],[-161.8501,55.1753],[-161.8278,55.1785],[-161.7378,55.1619],[-161.7186,55.1542],[-161.6971,55.1371],[-161.6784,55.1317],[-161.6636,55.1303],[-161.6516,55.1309],[-161.6086,55.1169],[-161.5766,55.1038],[-161.5705,55.1005],[-161.5499,55.0826],[-161.5489,55.0801],[-161.5504,55.0657],[-161.5573,55.0612],[-161.565,55.0589],[-161.5826,55.0582],[-161.5911,55.0608],[-161.6064,55.0703],[-161.6065,55.0742],[-161.5983,55.0813],[-161.6549,55.1032],[-161.6745,55.0959],[-161.6785,55.0928],[-161.6782,55.0877],[-161.6903,55.0785],[-161.7379,55.0541],[-161.7642,55.0595],[-161.7916,55.0773],[-161.815,55.0986],[-161.8165,55.1113],[-161.8199,55.114],[-161.8393,55.1181],[-161.865,55.0991],[-161.8789,55.0855],[-161.9244,55.1099]],[[-161.6935,55.2175],[-161.6849,55.2327],[-161.6563,55.2442],[-161.6173,55.2413],[-161.5402,55.2584],[-161.5278,55.2508],[-161.5602,55.207],[-161.6297,55.1966],[-161.6916,55.1985],[-161.6935,55.2175]],[[-161.4393,55.1985],[-161.426,55.2166],[-161.3994,55.2242],[-161.3299,55.2194],[-161.3251,55.1842],[-161.3299,55.1633],[-161.3442,55.1585],[-161.4098,55.1804],[-161.4393,55.1985]],[[-161.0842,58.5899],[-161.0785,58.6356],[-161.0566,58.7022],[-160.9186,58.7469],[-160.8434,58.7517],[-160.7006,58.8174],[-160.6844,58.8155],[-160.8805,58.5813],[-160.9614,58.5537],[-161.0756,58.5499],[-161.0813,58.5556],[-161.0842,58.5899]],[[-160.8566,55.3185],[-160.8403,55.3398],[-160.7971,55.3815],[-160.7778,55.3886],[-160.7103,55.4031],[-160.6874,55.4022],[-160.6659,55.399],[-160.6492,55.3888],[-160.6462,55.3831],[-160.6462,55.3577],[-160.651,55.3436],[-160.6143,55.348],[-160.5727,55.389],[-160.5674,55.3901],[-160.5452,55.3879],[-160.5175,55.3794],[-160.5221,55.3744],[-160.5224,55.3704],[-160.5223,55.3644],[-160.519,55.3616],[-160.4257,55.3389],[-160.4086,55.3417],[-160.4033,55.3463],[-160.3618,55.3632],[-160.3444,55.363],[-160.3337,55.3601],[-160.3265,55.3532],[-160.3177,55.3385],[-160.3065,55.3033],[-160.3307,55.261],[-160.3412,55.2518],[-160.3726,55.2599],[-160.3789,55.2667],[-160.3805,55.2728],[-160.3904,55.2866],[-160.4419,55.2983],[-160.4498,55.2971],[-160.4578,55.2919],[-160.4683,55.2889],[-160.4755,55.2892],[-160.4815,55.2918],[-160.5181,55.3091],[-160.5269,55.319],[-160.5069,55.3277],[-160.5289,55.3435],[-160.5349,55.3435],[-160.5644,55.3325],[-160.5797,55.3143],[-160.5807,55.3072],[-160.5801,55.3025],[-160.5659,55.2731],[-160.5508,55.2643],[-160.5276,55.2564],[-160.4862,55.1936],[-160.4865,55.182],[-160.4963,55.1664],[-160.5252,55.1299],[-160.6556,55.1603],[-160.6759,55.1736],[-160.6884,55.1956],[-160.6903,55.2105],[-160.7566,55.1951],[-160.7674,55.1854],[-160.7652,55.1767],[-160.7942,55.1344],[-160.806,55.1257],[-160.8214,55.1179],[-160.8245,55.1202],[-160.8159,55.1416],[-160.8075,55.1556],[-160.8076,55.1682],[-160.8195,55.1875],[-160.8419,55.2044],[-160.8412,55.294],[-160.8566,55.3185]],[[-160.4372,58.6842],[-160.4257,58.713],[-160.4231,58.7304],[-160.4067,58.75],[-160.3858,58.7295],[-160.3818,58.7116],[-160.3891,58.7009],[-160.43,58.6783],[-160.4372,58.6842]],[[-160.3495,55.4205],[-160.3476,55.4262],[-160.3232,55.4446],[-160.2668,55.4628],[-160.2606,55.4637],[-160.2275,55.4603],[-160.2118,55.4559],[-160.137,55.4507],[-160.1418,55.3872],[-160.1425,55.3835],[-160.148,55.3776],[-160.154,55.3775],[-160.2036,55.3917],[-160.28,55.3959],[-160.3089,55.3932],[-160.3211,55.3937],[-160.3399,55.4097],[-160.3495,55.4205]],[[-160.3174,58.6943],[-160.3083,58.7178],[-160.3002,58.7295],[-160.2812,58.7189],[-160.265,58.6992],[-160.2539,58.6747],[-160.2487,58.6585],[-160.2553,58.6465],[-160.2753,58.6363],[-160.2868,58.6577],[-160.3114,58.681],[-160.3174,58.6943]],[[-160.2548,54.896],[-160.2508,54.9298],[-160.2443,54.9335],[-160.2234,54.9391],[-160.1776,54.9814],[-160.1322,55.0137],[-160.1068,55.027],[-160.0822,55.0336],[-160.0779,55.0376],[-160.0876,55.05],[-160.0943,55.053],[-160.1334,55.0439],[-160.1744,55.0526],[-160.1914,55.1086],[-160.1873,55.1184],[-160.1099,55.1608],[-160.0773,55.1465],[-160.0596,55.1337],[-160.0525,55.1217],[-160.0528,55.1194],[-160.057,55.1185],[-160.0578,55.1154],[-160.0556,55.1116],[-160.0303,55.1161],[-160.0122,55.1229],[-160.0052,55.1294],[-160.0041,55.1345],[-160.0179,55.1561],[-160.0474,55.1809],[-160.0615,55.2004],[-160.0529,55.203],[-160.0253,55.2039],[-160.0022,55.1945],[-159.994,55.1852],[-159.9835,55.1804],[-159.9544,55.1893],[-159.9312,55.2201],[-159.8892,55.2871],[-159.8797,55.2902],[-159.8706,55.2849],[-159.8486,55.2675],[-159.8439,55.2494],[-159.8446,55.2438],[-159.8553,55.2304],[-159.861,55.2279],[-159.8666,55.2312],[-159.8865,55.2291],[-159.8953,55.2179],[-159.9054,55.1647],[-159.9016,55.1569],[-159.885,55.1456],[-159.8609,55.1493],[-159.8596,55.1649],[-159.8613,55.1717],[-159.8608,55.1771],[-159.8463,55.1808],[-159.8164,55.1781],[-159.8237,55.1441],[-159.8309,55.1265],[-159.8554,55.1008],[-159.8686,55.0949],[-159.8861,55.1026],[-159.8865,55.1071],[-159.9066,55.1125],[-159.9476,55.1052],[-159.9513,55.1006],[-159.9454,55.0879],[-159.9511,55.0666],[-160.0521,55.0058],[-160.0807,54.9944],[-160.1158,54.9851],[-160.1835,54.9157],[-160.1816,54.903],[-160.2008,54.8753],[-160.227,54.8641],[-160.2548,54.896]],[[-160.245,21.841],[-160.2323,21.8641],[-160.2286,21.8827],[-160.2093,21.8969],[-160.1856,21.9211],[-160.1645,21.9291],[-160.1606,21.9361],[-160.1353,21.9446],[-160.122,21.9538],[-160.1123,21.9779],[-160.1097,21.9917],[-160.0898,21.9999],[-160.0704,21.9989],[-160.055,21.9928],[-160.0504,21.982],[-160.0549,21.9765],[-160.0623,21.9756],[-160.0756,21.9527],[-160.083,21.9242],[-160.0768,21.8998],[-160.0942,21.886],[-160.1197,21.877],[-160.1476,21.8728],[-160.1597,21.8639],[-160.1751,21.84],[-160.2025,21.7827],[-160.2082,21.782],[-160.2326,21.7907],[-160.2439,21.8181],[-160.245,21.841]],[[-160.1127,55.3335],[-160.087,55.343],[-160.0623,55.343],[-160.0461,55.3307],[-160.0271,55.324],[-160.029,55.3135],[-160.0464,55.3071],[-160.1042,55.3135],[-160.1127,55.3335]],[[-159.8588,55.0403],[-159.8471,55.0557],[-159.8255,55.0757],[-159.817,55.0885],[-159.7319,55.1242],[-159.7157,55.1291],[-159.7076,55.1209],[-159.7159,55.0934],[-159.7528,55.0661],[-159.7965,55.0604],[-159.8136,55.0275],[-159.8115,55.0163],[-159.8307,55.0108],[-159.8588,55.0403]],[[-159.8203,54.815],[-159.8184,54.8207],[-159.7689,54.8264],[-159.7423,54.8426],[-159.6947,54.835],[-159.7033,54.8169],[-159.7433,54.8131],[-159.7747,54.794],[-159.8023,54.8007],[-159.8203,54.815]],[[-159.7876,22.0298],[-159.7839,22.0478],[-159.7837,22.0649],[-159.7452,22.0975],[-159.7305,22.14],[-159.7194,22.1516],[-159.696,22.1616],[-159.6916,22.1628],[-159.6754,22.1668],[-159.6527,22.1759],[-159.6117,22.2014],[-159.5811,22.2235],[-159.563,22.2231],[-159.5536,22.2255],[-159.5446,22.2213],[-159.5414,22.2146],[-159.5306,22.2158],[-159.5194,22.2142],[-159.5164,22.2055],[-159.5071,22.2016],[-159.4991,22.2049],[-159.4974,22.2141],[-159.4975,22.2146],[-159.4985,22.2207],[-159.4879,22.2295],[-159.4637,22.2249],[-159.4608,22.2244],[-159.4491,22.2252],[-159.4291,22.2182],[-159.4197,22.2231],[-159.4067,22.2257],[-159.3992,22.2296],[-159.3863,22.2243],[-159.3848,22.2173],[-159.3613,22.2118],[-159.3515,22.2146],[-159.3361,22.2033],[-159.3316,22.2],[-159.3283,22.1942],[-159.3133,22.1826],[-159.3126,22.1729],[-159.3058,22.1579],[-159.3059,22.1488],[-159.2966,22.1457],[-159.294,22.1404],[-159.2937,22.1235],[-159.2961,22.1068],[-159.3039,22.0991],[-159.3058,22.093],[-159.3074,22.0879],[-159.3166,22.0754],[-159.3183,22.0614],[-159.3199,22.0595],[-159.3247,22.054],[-159.3327,22.0507],[-159.334,22.044],[-159.3345,22.0417],[-159.3386,22.0234],[-159.334,21.9995],[-159.3304,21.9911],[-159.3337,21.9832],[-159.3307,21.9668],[-159.3355,21.958],[-159.3434,21.9557],[-159.3484,21.9542],[-159.3482,21.9369],[-159.3664,21.9294],[-159.3832,21.9195],[-159.3895,21.9053],[-159.3916,21.9046],[-159.3969,21.903],[-159.4165,21.8873],[-159.4449,21.8686],[-159.4691,21.8792],[-159.4728,21.8808],[-159.5029,21.8864],[-159.5122,21.8881],[-159.5269,21.8839],[-159.5609,21.89],[-159.5817,21.8962],[-159.5881,21.8998],[-159.595,21.8967],[-159.6045,21.8926],[-159.6127,21.901],[-159.6362,21.9162],[-159.6498,21.9338],[-159.6661,21.9515],[-159.6698,21.9555],[-159.707,21.9618],[-159.7217,21.9688],[-159.7548,21.9778],[-159.7636,21.9844],[-159.7728,22.0045],[-159.7847,22.0142],[-159.7876,22.0298]],[[-159.6703,55.1823],[-159.6622,55.1901],[-159.5985,55.1726],[-159.5819,55.2144],[-159.5211,55.2534],[-159.5192,55.2537],[-159.5032,55.235],[-159.5053,55.2223],[-159.5123,55.2084],[-159.5335,55.1848],[-159.5043,55.1768],[-159.4995,55.174],[-159.4934,55.1551],[-159.4948,55.136],[-159.5036,55.1314],[-159.5094,55.1302],[-159.5303,55.1062],[-159.5336,55.084],[-159.5244,55.0774],[-159.4842,55.0577],[-159.485,55.0541],[-159.4896,55.0492],[-159.5097,55.0414],[-159.5178,55.0447],[-159.5355,55.0587],[-159.5724,55.0601],[-159.5774,55.0426],[-159.5978,55.047],[-159.6352,55.0373],[-159.6389,55.0387],[-159.644,55.0426],[-159.6491,55.0495],[-159.6509,55.0658],[-159.6549,55.1223],[-159.6703,55.1823]],[[-159.6024,54.814],[-159.5872,54.8274],[-159.5681,54.8254],[-159.5101,54.7893],[-159.5139,54.7598],[-159.5434,54.7541],[-159.5976,54.756],[-159.5872,54.776],[-159.6024,54.814]],[[-159.4596,54.9487],[-159.4513,54.9753],[-159.4401,54.9885],[-159.4168,55.0003],[-159.418,55.022],[-159.4554,55.0358],[-159.4553,55.0615],[-159.4485,55.0643],[-159.3818,55.064],[-159.3453,55.0594],[-159.3385,55.0467],[-159.3288,54.9806],[-159.3302,54.9764],[-159.3318,54.9746],[-159.4266,54.9423],[-159.448,54.9414],[-159.458,54.9457],[-159.4596,54.9487]],[[-159.3946,55.7149],[-159.3841,55.7492],[-159.3556,55.8073],[-159.3213,55.8158],[-159.2909,55.7939],[-159.2756,55.774],[-159.2794,55.7625],[-159.3089,55.7502],[-159.3528,55.7464],[-159.3946,55.7149]],[[-159.3279,54.8847],[-159.3207,54.8973],[-159.3135,54.9034],[-159.3121,54.9096],[-159.3127,54.9187],[-159.3244,54.9283],[-159.3177,54.9337],[-159.2787,54.9485],[-159.2057,54.9274],[-159.2029,54.9255],[-159.2032,54.9148],[-159.2126,54.8961],[-159.2361,54.8765],[-159.2724,54.8642],[-159.3059,54.8637],[-159.3097,54.8658],[-159.3279,54.8847]],[[-159.1833,55.8444],[-159.1452,55.8767],[-159.1167,55.8682],[-159.0967,55.8549],[-159.0862,55.8349],[-159.1348,55.8282],[-159.1833,55.8444]],[[-158.8978,55.8263],[-158.8816,55.8663],[-158.8692,55.8806],[-158.8007,55.891],[-158.7502,55.8758],[-158.7036,55.8415],[-158.7017,55.832],[-158.7112,55.8244],[-158.7312,55.8263],[-158.7588,55.8368],[-158.8054,55.8577],[-158.8454,55.8539],[-158.8654,55.8273],[-158.8368,55.8149],[-158.8407,55.8082],[-158.8892,55.8101],[-158.8978,55.8263]],[[-158.2795,21.5758],[-158.2777,21.5788],[-158.2544,21.5827],[-158.1907,21.5859],[-158.17,21.5823],[-158.1345,21.5859],[-158.1256,21.5867],[-158.1224,21.5884],[-158.1067,21.5966],[-158.1067,21.603],[-158.1095,21.6057],[-158.1082,21.6075],[-158.0799,21.6281],[-158.0692,21.6408],[-158.0668,21.6437],[-158.0667,21.6523],[-158.0639,21.6584],[-158.0621,21.6601],[-158.0372,21.6843],[-158.0264,21.6932],[-158.0181,21.7],[-157.9923,21.708],[-157.987,21.7125],[-157.9686,21.7127],[-157.9472,21.6896],[-157.9405,21.6727],[-157.939,21.669],[-157.9301,21.6552],[-157.9246,21.6512],[-157.9228,21.6361],[-157.9238,21.6293],[-157.915,21.6171],[-157.9108,21.6112],[-157.9006,21.6059],[-157.8947,21.5981],[-157.8774,21.5753],[-157.8782,21.5648],[-157.8786,21.5602],[-157.8725,21.5576],[-157.8669,21.5637],[-157.8561,21.5607],[-157.8526,21.5575],[-157.8395,21.5344],[-157.8369,21.5299],[-157.8374,21.5121],[-157.8496,21.5096],[-157.8526,21.5],[-157.8455,21.4667],[-157.841,21.4595],[-157.8396,21.4591],[-157.8249,21.4554],[-157.8163,21.4502],[-157.8155,21.4468],[-157.8139,21.4403],[-157.8117,21.4374],[-157.8059,21.4301],[-157.7972,21.4236],[-157.7898,21.4181],[-157.7865,21.4156],[-157.7822,21.4137],[-157.7804,21.4129],[-157.778,21.4118],[-157.7726,21.4195],[-157.7659,21.4325],[-157.7631,21.4378],[-157.7789,21.4464],[-157.7722,21.4577],[-157.7646,21.4613],[-157.745,21.4535],[-157.7438,21.4545],[-157.7376,21.4591],[-157.7225,21.4592],[-157.7258,21.45],[-157.7313,21.4447],[-157.7343,21.4406],[-157.7358,21.4384],[-157.7393,21.4284],[-157.7408,21.424],[-157.7412,21.4146],[-157.7386,21.4043],[-157.7359,21.4035],[-157.7302,21.4019],[-157.7282,21.4021],[-157.7264,21.4028],[-157.7243,21.4033],[-157.7238,21.4033],[-157.7233,21.4032],[-157.7227,21.4031],[-157.7225,21.403],[-157.7218,21.4016],[-157.7215,21.4008],[-157.7211,21.3995],[-157.7194,21.3969],[-157.7189,21.3961],[-157.7089,21.3833],[-157.7087,21.3796],[-157.7087,21.3793],[-157.7126,21.3689],[-157.7106,21.3585],[-157.7088,21.3534],[-157.7041,21.3466],[-157.6971,21.3364],[-157.6938,21.3329],[-157.6902,21.3306],[-157.6797,21.3242],[-157.6619,21.3131],[-157.6518,21.3139],[-157.6515,21.3086],[-157.651,21.2988],[-157.6699,21.2863],[-157.6858,21.2758],[-157.6944,21.2665],[-157.7001,21.264],[-157.7078,21.2625],[-157.7097,21.2621],[-157.7136,21.2637],[-157.7139,21.2638],[-157.7142,21.2665],[-157.7114,21.272],[-157.7179,21.2783],[-157.7203,21.2789],[-157.7225,21.2795],[-157.7322,21.282],[-157.7443,21.2801],[-157.7511,21.279],[-157.7572,21.278],[-157.76,21.2783],[-157.765,21.2789],[-157.768,21.2761],[-157.7799,21.2653],[-157.7928,21.2605],[-157.7931,21.2604],[-157.8096,21.2577],[-157.816,21.2593],[-157.8211,21.2606],[-157.8241,21.2646],[-157.8253,21.2714],[-157.8319,21.2795],[-157.845,21.2829],[-157.851,21.2845],[-157.855,21.2867],[-157.8666,21.2933],[-157.87,21.2952],[-157.888,21.3053],[-157.89,21.3065],[-157.9062,21.3059],[-157.9109,21.3058],[-157.9523,21.3065],[-157.9516,21.3091],[-157.9507,21.3125],[-157.9519,21.3187],[-157.968,21.328],[-157.9692,21.3263],[-157.9742,21.3196],[-157.9815,21.3159],[-158.005,21.3123],[-158.0087,21.3117],[-158.0189,21.3102],[-158.0194,21.3101],[-158.0245,21.3093],[-158.0445,21.306],[-158.0866,21.2991],[-158.0883,21.2988],[-158.1033,21.2979],[-158.1127,21.3019],[-158.1211,21.3169],[-158.1224,21.3221],[-158.1225,21.3224],[-158.1255,21.3303],[-158.1305,21.349],[-158.1332,21.3592],[-158.1371,21.3672],[-158.1403,21.3738],[-158.1477,21.3827],[-158.1497,21.3852],[-158.1522,21.3875],[-158.1592,21.3939],[-158.1617,21.3963],[-158.1748,21.4023],[-158.1792,21.4043],[-158.1813,21.4096],[-158.181,21.4209],[-158.1824,21.4287],[-158.1826,21.4301],[-158.1887,21.4413],[-158.1924,21.448],[-158.2049,21.4594],[-158.2054,21.4598],[-158.2081,21.4617],[-158.2194,21.4698],[-158.2247,21.4766],[-158.233,21.4876],[-158.2312,21.5239],[-158.2317,21.533],[-158.2343,21.5401],[-158.2507,21.5574],[-158.2711,21.5704],[-158.2795,21.5758]],[[-157.902,56.3424],[-157.901,56.3481],[-157.8325,56.37],[-157.8077,56.3576],[-157.7963,56.3205],[-157.8268,56.311],[-157.902,56.3424]],[[-157.3289,56.5282],[-157.3261,56.5404],[-157.2986,56.5601],[-157.2887,56.566],[-157.2501,56.5821],[-157.1466,56.5837],[-157.0911,56.5811],[-157.0774,56.579],[-157.0261,56.5598],[-156.991,56.5479],[-156.9755,56.5404],[-156.9729,56.5365],[-156.9861,56.5327],[-157.0034,56.5356],[-157.0065,56.5389],[-157.0177,56.5431],[-157.0534,56.5504],[-157.1132,56.5527],[-157.1214,56.552],[-157.1422,56.5424],[-157.1503,56.5336],[-157.1688,56.5302],[-157.3261,56.5252],[-157.3289,56.5282]],[[-157.3107,21.1016],[-157.2988,21.1208],[-157.2924,21.1358],[-157.2884,21.1468],[-157.2772,21.1584],[-157.2699,21.1604],[-157.2567,21.1711],[-157.2497,21.1844],[-157.251,21.191],[-157.2503,21.2077],[-157.2569,21.2157],[-157.2615,21.2177],[-157.2632,21.2209],[-157.2607,21.2257],[-157.2571,21.2273],[-157.2415,21.221],[-157.2264,21.2202],[-157.2121,21.2218],[-157.2021,21.2193],[-157.1924,21.2076],[-157.1856,21.2056],[-157.1571,21.2007],[-157.1481,21.2007],[-157.1446,21.2026],[-157.1282,21.2015],[-157.1134,21.1974],[-157.098,21.198],[-157.0643,21.1891],[-157.0531,21.1888],[-157.0478,21.1907],[-157.04,21.1909],[-157.0146,21.1855],[-156.9991,21.1822],[-156.9913,21.1855],[-156.9878,21.1893],[-156.9823,21.2078],[-156.9845,21.2101],[-156.984,21.2122],[-156.974,21.2185],[-156.9691,21.217],[-156.9628,21.2121],[-156.9517,21.1917],[-156.9508,21.1826],[-156.9462,21.176],[-156.9182,21.1683],[-156.9035,21.1642],[-156.8982,21.1659],[-156.8961,21.1696],[-156.8965,21.1722],[-156.8679,21.1645],[-156.8416,21.1679],[-156.8219,21.1747],[-156.7715,21.1801],[-156.7422,21.1762],[-156.7383,21.172],[-156.7366,21.1619],[-156.7194,21.1639],[-156.7091,21.1587],[-156.7124,21.144],[-156.7229,21.129],[-156.7393,21.1113],[-156.7656,21.0921],[-156.7871,21.079],[-156.8022,21.0671],[-156.8332,21.0573],[-156.8578,21.0557],[-156.8771,21.0493],[-156.8919,21.0518],[-156.9088,21.0558],[-156.9539,21.0661],[-157.0005,21.0768],[-157.0262,21.089],[-157.032,21.0911],[-157.0485,21.0958],[-157.0807,21.102],[-157.091,21.1031],[-157.0956,21.1036],[-157.1268,21.0978],[-157.1491,21.0915],[-157.2525,21.0877],[-157.2988,21.0934],[-157.3107,21.1016]],[[-157.0625,20.9044],[-157.0591,20.9134],[-157.0358,20.9271],[-157.0256,20.9295],[-157.01,20.9298],[-156.9898,20.9321],[-156.9716,20.9263],[-156.9375,20.9253],[-156.9185,20.9225],[-156.8972,20.9154],[-156.837,20.8636],[-156.8252,20.8507],[-156.8096,20.826],[-156.8085,20.8204],[-156.8095,20.8092],[-156.8174,20.7946],[-156.8383,20.7646],[-156.8464,20.7602],[-156.8515,20.7601],[-156.8698,20.7547],[-156.8903,20.7449],[-156.9091,20.7395],[-156.949,20.739],[-156.9679,20.7351],[-156.9847,20.7567],[-156.994,20.7867],[-156.9889,20.8155],[-156.9918,20.8266],[-157.0062,20.8496],[-157.0109,20.8545],[-157.0546,20.8772],[-157.0597,20.8846],[-157.0611,20.8906],[-157.0625,20.9044]],[[-156.8042,56.1767],[-156.8042,56.1966],[-156.7956,56.2157],[-156.7718,56.2271],[-156.7667,56.2133],[-156.7633,56.1814],[-156.7594,56.1567],[-156.7718,56.15],[-156.7962,56.1559],[-156.8042,56.1767]],[[-156.7507,56.0371],[-156.7336,56.0776],[-156.683,56.0988],[-156.6485,56.0789],[-156.634,56.048],[-156.6737,56.0269],[-156.673,56.0067],[-156.6818,55.9943],[-156.7353,56.0226],[-156.7507,56.0371]],[[-156.6999,20.9206],[-156.6941,20.9527],[-156.6931,20.9549],[-156.681,20.9801],[-156.6809,20.9803],[-156.6704,20.9986],[-156.6655,21.0071],[-156.6524,21.009],[-156.6494,21.0115],[-156.646,21.0144],[-156.6426,21.0199],[-156.6442,21.0223],[-156.6428,21.0276],[-156.6196,21.0278],[-156.612,21.0248],[-156.6121,21.0273],[-156.6062,21.0344],[-156.5923,21.0329],[-156.585,21.0251],[-156.5804,21.0202],[-156.5628,21.0162],[-156.5498,21.0049],[-156.5463,21.0051],[-156.5282,20.9678],[-156.5187,20.9547],[-156.5122,20.9513],[-156.5104,20.9404],[-156.5079,20.9379],[-156.4995,20.9346],[-156.4959,20.928],[-156.4938,20.9185],[-156.4933,20.916],[-156.4873,20.9073],[-156.4841,20.9026],[-156.4816,20.8991],[-156.4811,20.8982],[-156.4804,20.8978],[-156.4748,20.8945],[-156.4227,20.9116],[-156.3944,20.9178],[-156.386,20.9196],[-156.3743,20.9276],[-156.3707,20.9327],[-156.3526,20.9414],[-156.3457,20.9416],[-156.3424,20.9387],[-156.3416,20.9394],[-156.3328,20.9464],[-156.3246,20.9502],[-156.3072,20.9427],[-156.2863,20.9477],[-156.2751,20.9374],[-156.2631,20.9409],[-156.258,20.9401],[-156.2426,20.9378],[-156.2302,20.9319],[-156.2301,20.9179],[-156.2268,20.9167],[-156.2221,20.9183],[-156.218,20.9166],[-156.2163,20.907],[-156.194,20.8915],[-156.1731,20.8769],[-156.1705,20.8746],[-156.1667,20.8656],[-156.1327,20.8614],[-156.1294,20.8475],[-156.1157,20.8273],[-156.1001,20.8285],[-156.0903,20.8319],[-156.0598,20.8105],[-156.0333,20.8082],[-156.0035,20.7955],[-156.0029,20.7894],[-155.9879,20.7766],[-155.9846,20.7675],[-155.9869,20.7586],[-155.9854,20.7442],[-155.9872,20.7227],[-155.9915,20.7137],[-156.0019,20.6981],[-156.0141,20.6857],[-156.02,20.6869],[-156.0307,20.6825],[-156.0403,20.6727],[-156.0438,20.6649],[-156.0534,20.6543],[-156.0598,20.652],[-156.0815,20.6544],[-156.0894,20.6485],[-156.121,20.6337],[-156.1299,20.6275],[-156.1427,20.6236],[-156.1446,20.624],[-156.1481,20.6291],[-156.1568,20.6296],[-156.1697,20.6274],[-156.1734,20.6241],[-156.1846,20.6297],[-156.1929,20.6318],[-156.2103,20.6285],[-156.2253,20.6229],[-156.2361,20.6159],[-156.2659,20.6016],[-156.2844,20.5965],[-156.288,20.592],[-156.2935,20.5888],[-156.3027,20.5862],[-156.3148,20.5874],[-156.3229,20.5883],[-156.3517,20.587],[-156.3596,20.582],[-156.3707,20.5788],[-156.3776,20.5784],[-156.4153,20.5861],[-156.4175,20.5897],[-156.4157,20.594],[-156.4172,20.5972],[-156.4178,20.5987],[-156.4231,20.6021],[-156.4277,20.5989],[-156.4319,20.5981],[-156.4384,20.6013],[-156.4442,20.6079],[-156.4429,20.6138],[-156.4507,20.6422],[-156.4459,20.6493],[-156.4437,20.656],[-156.4485,20.703],[-156.4487,20.7047],[-156.45,20.7161],[-156.451,20.7255],[-156.4529,20.7313],[-156.4564,20.7347],[-156.4584,20.7367],[-156.4612,20.749],[-156.4622,20.754],[-156.4621,20.7726],[-156.4627,20.7755],[-156.464,20.7817],[-156.4709,20.7883],[-156.4736,20.7908],[-156.4895,20.7983],[-156.5017,20.7999],[-156.506,20.7995],[-156.516,20.7942],[-156.5252,20.7808],[-156.5378,20.7784],[-156.6318,20.8212],[-156.664,20.8552],[-156.6786,20.8705],[-156.6876,20.8863],[-156.689,20.8887],[-156.6878,20.8907],[-156.6881,20.9063],[-156.6913,20.9124],[-156.6943,20.9144],[-156.6974,20.9164],[-156.6999,20.9206]],[[-156.6998,20.5294],[-156.6917,20.5397],[-156.6745,20.5551],[-156.6481,20.562],[-156.6109,20.5859],[-156.5993,20.5948],[-156.576,20.6035],[-156.5662,20.6018],[-156.5527,20.5916],[-156.5421,20.577],[-156.5409,20.5694],[-156.5463,20.5652],[-156.5503,20.5528],[-156.5567,20.5433],[-156.5568,20.5364],[-156.5515,20.5335],[-156.5444,20.5363],[-156.5365,20.5335],[-156.5347,20.5253],[-156.5458,20.5152],[-156.5713,20.5155],[-156.5854,20.5082],[-156.5904,20.5114],[-156.5944,20.5199],[-156.6018,20.5205],[-156.6139,20.5172],[-156.6382,20.5088],[-156.6449,20.5122],[-156.6505,20.5127],[-156.6638,20.5031],[-156.6805,20.5064],[-156.6845,20.5132],[-156.6988,20.5236],[-156.6998,20.5294]],[[-156.0611,19.7278],[-156.0544,19.7388],[-156.0488,19.7716],[-156.0374,19.7871],[-156.0095,19.8088],[-155.9798,19.8426],[-155.9737,19.8474],[-155.9618,19.8521],[-155.9484,19.8534],[-155.9366,19.8495],[-155.9227,19.8558],[-155.924,19.8678],[-155.905,19.8923],[-155.9052,19.8937],[-155.9055,19.8969],[-155.8996,19.9078],[-155.8894,19.9136],[-155.8892,19.928],[-155.8779,19.9401],[-155.8631,19.9513],[-155.853,19.9657],[-155.8354,19.9723],[-155.8313,19.9761],[-155.8253,20.0054],[-155.823,20.0265],[-155.8329,20.0412],[-155.8334,20.042],[-155.8387,20.0505],[-155.8552,20.068],[-155.8819,20.1061],[-155.8953,20.1431],[-155.9036,20.1975],[-155.8987,20.2328],[-155.8879,20.2523],[-155.8711,20.2648],[-155.8505,20.2686],[-155.8078,20.256],[-155.779,20.2428],[-155.7704,20.2445],[-155.7335,20.2185],[-155.7343,20.2113],[-155.7312,20.2043],[-155.6985,20.1878],[-155.6522,20.1642],[-155.6344,20.1434],[-155.6238,20.1436],[-155.6053,20.1338],[-155.5956,20.121],[-155.5885,20.119],[-155.5793,20.1201],[-155.5658,20.1275],[-155.5563,20.1285],[-155.521,20.1159],[-155.496,20.1106],[-155.4565,20.0975],[-155.436,20.0889],[-155.4018,20.0745],[-155.398,20.0692],[-155.3832,20.0643],[-155.3442,20.0456],[-155.2962,20.0228],[-155.285,20.0193],[-155.276,20.0165],[-155.2385,19.9876],[-155.2049,19.9694],[-155.1952,19.9556],[-155.1799,19.9494],[-155.1463,19.9196],[-155.1414,19.9172],[-155.1278,19.901],[-155.1246,19.8973],[-155.1186,19.8833],[-155.1075,19.8725],[-155.0987,19.8678],[-155.0851,19.8512],[-155.0844,19.8344],[-155.0932,19.8108],[-155.088,19.8004],[-155.0905,19.7915],[-155.0894,19.7834],[-155.0912,19.7557],[-155.0924,19.7366],[-155.0909,19.734],[-155.0862,19.7258],[-155.0831,19.7245],[-155.0794,19.7229],[-155.0719,19.7257],[-155.0409,19.7374],[-155.0022,19.7352],[-154.9912,19.7156],[-154.9872,19.7085],[-154.9796,19.6855],[-154.9847,19.6722],[-154.9838,19.6416],[-154.9746,19.6308],[-154.9588,19.6236],[-154.9494,19.6239],[-154.948,19.622],[-154.9456,19.6188],[-154.9502,19.6086],[-154.9473,19.6042],[-154.9462,19.6025],[-154.9323,19.5949],[-154.9303,19.5933],[-154.9256,19.5898],[-154.9203,19.5815],[-154.882,19.5556],[-154.8499,19.5451],[-154.8334,19.535],[-154.8228,19.5342],[-154.8144,19.5301],[-154.8096,19.5224],[-154.8085,19.5174],[-154.808,19.5155],[-154.8227,19.4794],[-154.8446,19.4553],[-154.8783,19.4276],[-154.8934,19.4142],[-154.9279,19.3958],[-154.9362,19.3843],[-154.9663,19.3584],[-154.9695,19.3556],[-155.0066,19.3347],[-155.0175,19.3299],[-155.0496,19.3155],[-155.0877,19.3018],[-155.0896,19.3011],[-155.1172,19.283],[-155.1223,19.2796],[-155.1333,19.2739],[-155.1568,19.2673],[-155.1914,19.2595],[-155.2289,19.2618],[-155.258,19.2704],[-155.2963,19.2635],[-155.3184,19.2427],[-155.3385,19.2323],[-155.3479,19.2148],[-155.3594,19.206],[-155.3774,19.1995],[-155.3895,19.1982],[-155.3984,19.1903],[-155.4152,19.1844],[-155.4291,19.1701],[-155.448,19.1533],[-155.4885,19.1386],[-155.5009,19.1372],[-155.5121,19.1282],[-155.5121,19.1243],[-155.5182,19.1154],[-155.5247,19.1142],[-155.5443,19.0872],[-155.5505,19.0873],[-155.5553,19.0812],[-155.5563,19.0799],[-155.5534,19.0515],[-155.5556,19.0441],[-155.5647,19.0295],[-155.579,19.0212],[-155.5857,19.0056],[-155.5952,18.9949],[-155.5965,18.9807],[-155.6019,18.9716],[-155.6194,18.9694],[-155.6259,18.9561],[-155.6391,18.9378],[-155.6601,18.9219],[-155.6711,18.9137],[-155.6797,18.9131],[-155.6841,18.9188],[-155.6833,18.9309],[-155.6975,18.9475],[-155.723,18.9674],[-155.7597,18.9791],[-155.7987,19.0107],[-155.8492,19.0207],[-155.8785,19.0351],[-155.8814,19.0382],[-155.8818,19.0494],[-155.8997,19.0774],[-155.9059,19.0829],[-155.9074,19.0843],[-155.9178,19.1157],[-155.9172,19.1343],[-155.9105,19.145],[-155.9124,19.1541],[-155.9056,19.2017],[-155.8995,19.2126],[-155.9016,19.2269],[-155.8983,19.2557],[-155.8906,19.2749],[-155.8888,19.3191],[-155.884,19.333],[-155.8961,19.3715],[-155.8955,19.3782],[-155.9108,19.3973],[-155.9059,19.4133],[-155.9201,19.4304],[-155.9254,19.4578],[-155.9204,19.4702],[-155.9212,19.4787],[-155.9281,19.4828],[-155.9351,19.4811],[-155.9371,19.4806],[-155.9502,19.4865],[-155.9501,19.5007],[-155.9602,19.5183],[-155.9556,19.5237],[-155.9564,19.5296],[-155.9594,19.5499],[-155.9654,19.553],[-155.9678,19.5662],[-155.9673,19.5802],[-155.9747,19.5993],[-155.9782,19.6082],[-155.9874,19.6258],[-155.9948,19.6402],[-156.0009,19.6393],[-156.0031,19.639],[-156.018,19.6481],[-156.0257,19.6476],[-156.0324,19.6572],[-156.0302,19.6656],[-156.0257,19.6695],[-156.0266,19.6763],[-156.0376,19.6899],[-156.0436,19.6929],[-156.048,19.7007],[-156.0482,19.7036],[-156.049,19.7155],[-156.0611,19.7278]],[[-155.75,55.8218],[-155.749,55.8257],[-155.6929,55.8418],[-155.6567,55.8609],[-155.6377,55.8942],[-155.5911,55.9123],[-155.5682,55.9075],[-155.5635,55.8856],[-155.5844,55.8485],[-155.5644,55.8095],[-155.5663,55.7895],[-155.591,55.7617],[-155.7186,55.7724],[-155.7281,55.779],[-155.75,55.8218]],[[-154.8061,56.4342],[-154.7775,56.4622],[-154.7396,56.4963],[-154.7061,56.5213],[-154.5347,56.6005],[-154.5246,56.6039],[-154.5141,56.6041],[-154.45,56.6004],[-154.4134,56.5868],[-154.4023,56.5805],[-154.3994,56.5764],[-154.404,56.5723],[-154.3939,56.5624],[-154.3913,56.5579],[-154.3925,56.5541],[-154.4368,56.5346],[-154.5295,56.5027],[-154.5717,56.4942],[-154.6336,56.4718],[-154.6685,56.4525],[-154.6915,56.4367],[-154.7041,56.4242],[-154.7365,56.4038],[-154.7429,56.4017],[-154.765,56.4014],[-154.7758,56.4041],[-154.789,56.411],[-154.7999,56.4194],[-154.8055,56.4275],[-154.8061,56.4342]],[[-154.7965,57.3462],[-154.7797,57.3663],[-154.729,57.3625],[-154.7076,57.3807],[-154.7006,57.4012],[-154.6996,57.4129],[-154.7026,57.4205],[-154.6933,57.4461],[-154.6297,57.5102],[-154.6187,57.515],[-154.6025,57.5188],[-154.5917,57.5186],[-154.5409,57.5396],[-154.5221,57.5778],[-154.5112,57.5786],[-154.5003,57.5744],[-154.4683,57.5703],[-154.4318,57.5848],[-154.4114,57.5985],[-154.3442,57.6309],[-154.2257,57.6614],[-154.197,57.6646],[-154.1866,57.6586],[-154.0861,57.6491],[-154.0562,57.6524],[-154.0316,57.6609],[-153.9946,57.6569],[-153.983,57.6498],[-153.9826,57.6483],[-153.9848,57.6046],[-153.9822,57.5532],[-153.9711,57.5394],[-153.9476,57.5402],[-153.9391,57.5383],[-153.9293,57.5333],[-153.9259,57.5291],[-153.923,57.5202],[-153.9222,57.499],[-153.8889,57.5047],[-153.8759,57.5428],[-153.8691,57.5518],[-153.8481,57.5606],[-153.8248,57.5776],[-153.8131,57.5886],[-153.8238,57.5977],[-153.8468,57.6126],[-153.8525,57.6135],[-153.8778,57.6295],[-153.8799,57.6341],[-153.8743,57.6461],[-153.8683,57.6497],[-153.8585,57.6511],[-153.7492,57.6462],[-153.7053,57.6409],[-153.6673,57.639],[-153.663,57.6399],[-153.6487,57.6541],[-153.658,57.6615],[-153.6767,57.6697],[-153.798,57.6965],[-153.8629,57.7069],[-153.8881,57.7054],[-153.9183,57.6957],[-153.9303,57.6968],[-153.933,57.7038],[-153.9352,57.813],[-153.8234,57.865],[-153.7551,57.8836],[-153.7212,57.8906],[-153.6488,57.8801],[-153.5714,57.8321],[-153.5508,57.7869],[-153.5511,57.7631],[-153.5533,57.7595],[-153.5576,57.7347],[-153.5542,57.7225],[-153.5496,57.718],[-153.5152,57.7165],[-153.4934,57.7283],[-153.4699,57.7665],[-153.4625,57.7953],[-153.4804,57.8147],[-153.4873,57.8343],[-153.4795,57.842],[-153.4516,57.8393],[-153.4067,57.8287],[-153.3536,57.8097],[-153.3434,57.8109],[-153.3249,57.831],[-153.3227,57.8362],[-153.3249,57.8484],[-153.3281,57.8499],[-153.3958,57.8588],[-153.4464,57.875],[-153.462,57.8806],[-153.512,57.9092],[-153.5287,57.9217],[-153.5365,57.9308],[-153.5332,57.9411],[-153.5204,57.9634],[-153.5133,57.9688],[-153.4846,57.9765],[-153.4694,57.9773],[-153.4611,57.9728],[-153.4526,57.9635],[-153.2737,57.8904],[-153.2681,57.8887],[-153.237,57.8918],[-153.1273,57.8567],[-153.1225,57.8566],[-153.0934,57.8616],[-153.0894,57.8652],[-153.1986,57.9299],[-153.2332,57.941],[-153.2703,57.9586],[-153.299,57.9856],[-153.3022,57.9917],[-153.2978,57.9964],[-153.2765,57.9984],[-153.2347,57.997],[-153.2216,57.9893],[-153.2173,57.9837],[-153.1295,57.9466],[-153.0993,57.957],[-153.0639,57.9598],[-153.0244,57.957],[-152.8762,57.9324],[-152.8717,57.9333],[-152.8563,57.9474],[-152.8528,57.9746],[-152.7225,57.9874],[-152.7398,57.9448],[-152.752,57.9335],[-152.8048,57.8992],[-152.8233,57.8909],[-152.8925,57.8425],[-152.9026,57.8301],[-152.9098,57.8104],[-152.9163,57.7712],[-152.9043,57.7508],[-152.8929,57.742],[-152.882,57.7383],[-152.8745,57.738],[-152.8503,57.74],[-152.8478,57.7466],[-152.8523,57.7523],[-152.8547,57.7703],[-152.85,57.8215],[-152.8414,57.8302],[-152.8225,57.8432],[-152.7902,57.8581],[-152.7582,57.8403],[-152.7534,57.8345],[-152.7325,57.8163],[-152.7159,57.8555],[-152.6812,57.8757],[-152.6539,57.8835],[-152.6399,57.8997],[-152.6418,57.9025],[-152.6394,57.9142],[-152.6354,57.9186],[-152.5877,57.927],[-152.586,57.9081],[-152.5674,57.9004],[-152.5497,57.9001],[-152.5263,57.9133],[-152.4877,57.942],[-152.4703,57.9621],[-152.4326,57.976],[-152.4214,57.9757],[-152.4152,57.9731],[-152.4116,57.9693],[-152.4226,57.9487],[-152.4376,57.9398],[-152.4374,57.937],[-152.4265,57.9309],[-152.3886,57.9245],[-152.3622,57.9262],[-152.3241,57.9166],[-152.3332,57.9025],[-152.3648,57.8839],[-152.3771,57.8867],[-152.3861,57.8907],[-152.3948,57.8946],[-152.4037,57.9011],[-152.415,57.9022],[-152.4482,57.9026],[-152.4685,57.8886],[-152.4461,57.8691],[-152.4014,57.8574],[-152.4214,57.8369],[-152.4337,57.8243],[-152.4293,57.8201],[-152.4182,57.8158],[-152.4174,57.8155],[-152.3641,57.8294],[-152.3512,57.8348],[-152.3263,57.8252],[-152.3243,57.8244],[-152.3097,57.7902],[-152.2465,57.7922],[-152.2122,57.7914],[-152.2458,57.7696],[-152.2988,57.7459],[-152.3427,57.7623],[-152.3486,57.7644],[-152.3492,57.7685],[-152.3572,57.7739],[-152.3811,57.7767],[-152.3833,57.7767],[-152.4438,57.7761],[-152.4521,57.7727],[-152.4655,57.7672],[-152.471,57.7635],[-152.4758,57.7589],[-152.4973,57.7386],[-152.4971,57.7344],[-152.4489,57.7278],[-152.4402,57.7266],[-152.4648,57.7028],[-152.4649,57.7026],[-152.4675,57.683],[-152.4677,57.6814],[-152.4666,57.6808],[-152.443,57.668],[-152.4015,57.6865],[-152.3986,57.6872],[-152.3753,57.6749],[-152.4289,57.6422],[-152.461,57.6063],[-152.4682,57.601],[-152.4678,57.5982],[-152.4599,57.5944],[-152.4397,57.5904],[-152.4261,57.5934],[-152.4025,57.608],[-152.3871,57.6124],[-152.3634,57.6416],[-152.3385,57.6533],[-152.314,57.6364],[-152.3227,57.6234],[-152.2653,57.6264],[-152.1795,57.6248],[-152.1616,57.6233],[-152.1524,57.6195],[-152.1597,57.5936],[-152.164,57.5846],[-152.2596,57.5272],[-152.2915,57.5171],[-152.3149,57.4861],[-152.3237,57.4679],[-152.3261,57.4415],[-152.3149,57.4324],[-152.3394,57.4227],[-152.3616,57.4278],[-152.4165,57.4353],[-152.4749,57.4342],[-152.4499,57.4558],[-152.4818,57.4678],[-152.4952,57.4524],[-152.517,57.4322],[-152.5705,57.4489],[-152.6004,57.4688],[-152.646,57.4661],[-152.6628,57.4637],[-152.6844,57.4666],[-152.7168,57.4785],[-152.7205,57.4816],[-152.7194,57.488],[-152.7228,57.4941],[-152.7431,57.5057],[-152.7702,57.5043],[-152.7989,57.4943],[-152.809,57.4945],[-152.8255,57.497],[-152.8389,57.5023],[-152.8862,57.5107],[-152.9139,57.503],[-152.8902,57.4867],[-152.9117,57.4708],[-152.8167,57.4719],[-152.7627,57.4576],[-152.7427,57.4479],[-152.7227,57.4334],[-152.6733,57.4132],[-152.63,57.4056],[-152.6204,57.4016],[-152.6011,57.3822],[-152.6065,57.3637],[-152.6304,57.3227],[-152.6576,57.3036],[-152.6957,57.2813],[-152.7078,57.276],[-152.712,57.2781],[-152.7161,57.3057],[-152.7501,57.3089],[-152.7742,57.2904],[-152.788,57.2799],[-152.8182,57.2654],[-152.8864,57.2913],[-152.9007,57.303],[-152.9091,57.3242],[-152.9847,57.3399],[-153.0085,57.3397],[-153.056,57.3292],[-153.0793,57.322],[-153.099,57.3105],[-153.1163,57.2973],[-153.1013,57.2869],[-153.0961,57.2869],[-153.0391,57.2933],[-153.0176,57.2977],[-153.016,57.3002],[-153.013,57.2995],[-152.9709,57.2826],[-152.9442,57.2591],[-152.9435,57.257],[-152.951,57.249],[-152.9977,57.2312],[-153.057,57.2148],[-153.0779,57.2114],[-153.1255,57.2118],[-153.1633,57.2167],[-153.1697,57.2202],[-153.2017,57.2217],[-153.2097,57.2188],[-153.2151,57.2134],[-153.216,57.2093],[-153.2138,57.2051],[-153.166,57.1806],[-153.1239,57.1754],[-153.097,57.1833],[-153.074,57.1871],[-152.9493,57.1873],[-152.8803,57.1648],[-152.8748,57.161],[-152.8698,57.1508],[-152.9005,57.1321],[-152.9114,57.1268],[-152.9507,57.1198],[-152.9972,57.1195],[-153.1187,57.091],[-153.1289,57.0926],[-153.1327,57.0949],[-153.134,57.0994],[-153.1464,57.1009],[-153.18,57.0945],[-153.2154,57.0759],[-153.221,57.0682],[-153.2222,57.0618],[-153.2212,57.0604],[-153.2133,57.0559],[-153.2054,57.0561],[-153.2002,57.042],[-153.2043,57.0336],[-153.2353,57.0074],[-153.3011,56.9912],[-153.3126,56.9915],[-153.3487,57.0084],[-153.349,57.0112],[-153.3209,57.0368],[-153.3243,57.0433],[-153.3652,57.0721],[-153.3969,57.0604],[-153.4026,57.0701],[-153.4043,57.0805],[-153.3847,57.1154],[-153.3804,57.1205],[-153.3455,57.1396],[-153.3205,57.1573],[-153.284,57.1739],[-153.2827,57.1758],[-153.2864,57.1843],[-153.3101,57.1944],[-153.3503,57.1923],[-153.3682,57.1853],[-153.3689,57.1808],[-153.3665,57.1767],[-153.4865,57.0859],[-153.4896,57.0747],[-153.4989,57.0654],[-153.5359,57.078],[-153.5636,57.0898],[-153.577,57.0932],[-153.6545,57.0846],[-153.676,57.0698],[-153.6757,57.0548],[-153.6638,57.0537],[-153.6013,57.0567],[-153.5958,57.0563],[-153.5808,57.049],[-153.5434,56.9952],[-153.5568,56.9689],[-153.6007,56.9426],[-153.6275,56.9371],[-153.6647,56.9312],[-153.6928,56.9256],[-153.6944,56.9088],[-153.6875,56.8767],[-153.6875,56.865],[-153.6994,56.8554],[-153.7393,56.8467],[-153.7765,56.8303],[-153.8213,56.8416],[-153.8396,56.8221],[-153.8717,56.7936],[-153.9022,56.7712],[-153.9633,56.7476],[-153.9718,56.7449],[-153.9902,56.7433],[-154.0162,56.7435],[-154.0226,56.7559],[-154.0372,56.7634],[-154.0505,56.7635],[-154.0643,56.7601],[-154.0851,56.7512],[-154.1066,56.7456],[-154.129,56.7422],[-154.137,56.7424],[-154.1487,56.7457],[-154.1254,56.7833],[-154.0729,56.8411],[-154.0674,56.8453],[-154.0552,56.8505],[-154.0409,56.8541],[-154.0305,56.8551],[-153.9845,56.8896],[-153.936,56.9158],[-153.8881,56.9263],[-153.8487,56.9423],[-153.8363,56.9602],[-153.857,56.9749],[-153.9028,56.9684],[-153.9136,56.9654],[-153.9177,56.9622],[-153.9348,56.9589],[-153.9769,56.9551],[-153.9797,56.9622],[-153.9632,56.9994],[-153.9128,57.0512],[-153.8875,57.087],[-153.8754,57.0898],[-153.8589,57.0888],[-153.8048,57.1132],[-153.7835,57.1318],[-153.7767,57.1429],[-153.7791,57.1588],[-153.7885,57.1614],[-153.8063,57.1574],[-153.8229,57.1424],[-153.824,57.1398],[-153.8617,57.1192],[-153.9828,57.0663],[-153.9938,57.0505],[-154.0243,57.0166],[-154.0556,56.9872],[-154.0766,56.9706],[-154.1235,56.9562],[-154.1634,56.9198],[-154.2121,56.9097],[-154.2236,56.8961],[-154.2272,56.883],[-154.2265,56.8763],[-154.2318,56.8723],[-154.2767,56.8536],[-154.299,56.8465],[-154.3057,56.8469],[-154.3002,56.852],[-154.2984,56.8632],[-154.3,56.8923],[-154.3069,56.9118],[-154.3129,56.9187],[-154.3853,56.9598],[-154.4075,56.9683],[-154.4763,56.9842],[-154.5117,56.9885],[-154.5247,56.9916],[-154.5285,57.0019],[-154.5168,57.0303],[-154.5152,57.078],[-154.5298,57.1689],[-154.5337,57.1835],[-154.5396,57.1964],[-154.5743,57.2399],[-154.595,57.2572],[-154.6137,57.2678],[-154.6919,57.2841],[-154.6983,57.2843],[-154.7402,57.2765],[-154.7774,57.28],[-154.7921,57.2867],[-154.7938,57.2889],[-154.7515,57.3078],[-154.7431,57.3148],[-154.758,57.3299],[-154.7965,57.3462]],[[-154.3624,56.5425],[-154.3414,56.5637],[-154.3109,56.5854],[-154.29,56.5954],[-154.2442,56.6092],[-154.2238,56.613],[-154.2103,56.6097],[-154.206,56.6069],[-154.1848,56.6038],[-154.1367,56.6093],[-154.1134,56.6167],[-154.1032,56.6177],[-154.0958,56.6178],[-154.09,56.6148],[-154.0818,56.6037],[-154.079,56.59],[-154.0752,56.5837],[-154.0416,56.5562],[-154.0253,56.5518],[-154.0093,56.5514],[-153.9405,56.5583],[-153.9153,56.5649],[-153.8788,56.5659],[-153.8708,56.558],[-153.8685,56.5515],[-153.8877,56.5336],[-153.953,56.5072],[-153.9939,56.5018],[-154.1202,56.5018],[-154.1437,56.5062],[-154.164,56.5078],[-154.1973,56.502],[-154.2325,56.4911],[-154.3044,56.5023],[-154.3431,56.5102],[-154.3474,56.512],[-154.3614,56.5256],[-154.3624,56.5425]],[[-154.1594,56.6922],[-154.1208,56.7083],[-154.096,56.7055],[-154.0465,56.7302],[-154.0218,56.715],[-154.017,56.6893],[-154.0218,56.6846],[-154.0475,56.6836],[-154.1531,56.6817],[-154.1594,56.6922]],[[-153.6174,56.8967],[-153.6024,56.9076],[-153.5585,56.9143],[-153.5442,56.9093],[-153.5749,56.8919],[-153.6036,56.8873],[-153.6174,56.8967]],[[-153.5733,59.3713],[-153.56,59.3913],[-153.5105,59.3913],[-153.4125,59.4151],[-153.3906,59.4122],[-153.3478,59.378],[-153.343,59.3561],[-153.3659,59.3371],[-153.4134,59.3228],[-153.5153,59.3209],[-153.5467,59.3313],[-153.5733,59.3713]],[[-153.4198,58.0596],[-153.4183,58.0641],[-153.4129,58.0698],[-153.3161,58.1404],[-153.2819,58.1476],[-153.2742,58.1481],[-153.2626,58.1451],[-153.2276,58.1234],[-153.1991,58.102],[-153.1686,58.0884],[-153.1564,58.0901],[-153.1487,58.1061],[-153.1676,58.1278],[-153.2097,58.1503],[-153.2237,58.1621],[-153.2028,58.2081],[-153.1701,58.2167],[-153.0739,58.1951],[-153.0608,58.1945],[-153.0367,58.1992],[-153.0006,58.2118],[-152.9981,58.2141],[-153.007,58.2218],[-153.0617,58.2356],[-153.0825,58.2445],[-153.1018,58.2579],[-153.1024,58.2603],[-153.0993,58.2641],[-153.0443,58.3063],[-153.0044,58.3001],[-152.9932,58.2963],[-152.9824,58.2875],[-152.9413,58.2796],[-152.8882,58.2831],[-152.8789,58.2885],[-152.8698,58.3049],[-152.884,58.3071],[-152.9125,58.3072],[-152.9211,58.3133],[-152.9368,58.3305],[-152.9364,58.3349],[-152.9256,58.3397],[-152.8954,58.3453],[-152.8706,58.3357],[-152.822,58.3285],[-152.8048,58.3395],[-152.774,58.3668],[-152.7874,58.369],[-152.8392,58.3725],[-152.8831,58.4004],[-152.8889,58.4094],[-152.8864,58.4106],[-152.8649,58.4043],[-152.8442,58.4028],[-152.8122,58.4035],[-152.7878,58.4113],[-152.7745,58.4197],[-152.7711,58.4295],[-152.7338,58.4607],[-152.7232,58.4621],[-152.6899,58.4599],[-152.611,58.4758],[-152.6017,58.4904],[-152.6005,58.4949],[-152.609,58.4962],[-152.6192,58.4937],[-152.6228,58.4942],[-152.6537,58.5066],[-152.6662,58.5441],[-152.666,58.5645],[-152.6386,58.5874],[-152.6161,58.6019],[-152.5677,58.6213],[-152.5602,58.6197],[-152.5504,58.611],[-152.5496,58.601],[-152.545,58.5943],[-152.5028,58.5935],[-152.4538,58.6185],[-152.3547,58.6383],[-152.338,58.6374],[-152.3298,58.6321],[-152.3372,58.5891],[-152.3723,58.5312],[-152.3876,58.5229],[-152.4183,58.5152],[-152.4672,58.4766],[-152.4986,58.4495],[-152.5055,58.4419],[-152.5125,58.4273],[-152.494,58.3547],[-152.4768,58.351],[-152.3873,58.3595],[-152.3647,58.3646],[-152.3449,58.3916],[-152.3484,58.4015],[-152.3551,58.4131],[-152.3587,58.4156],[-152.3561,58.4235],[-152.3281,58.4344],[-152.3206,58.4338],[-152.3017,58.4287],[-152.2795,58.4159],[-152.2278,58.3764],[-152.2347,58.362],[-152.225,58.3574],[-152.201,58.3553],[-152.1293,58.3964],[-152.1253,58.3964],[-152.0904,58.3726],[-152.0892,58.3676],[-152.1195,58.3298],[-152.1383,58.2957],[-152.1471,58.267],[-152.1465,58.2491],[-152.1166,58.2485],[-152.108,58.2605],[-152.1076,58.2802],[-152.0823,58.3099],[-151.9862,58.3504],[-151.9818,58.348],[-151.9662,58.3327],[-151.9638,58.329],[-151.9641,58.269],[-151.9721,58.2307],[-151.9861,58.2138],[-152.0811,58.1543],[-152.1122,58.1486],[-152.1948,58.1741],[-152.2232,58.1948],[-152.2244,58.2024],[-152.2198,58.2063],[-152.2075,58.2063],[-152.2037,58.2121],[-152.2338,58.2433],[-152.2429,58.2412],[-152.2806,58.2423],[-152.3114,58.2211],[-152.2651,58.1357],[-152.2736,58.1256],[-152.3435,58.1192],[-152.4019,58.1208],[-152.4254,58.1276],[-152.4827,58.1298],[-152.5148,58.1143],[-152.529,58.0938],[-152.5304,58.0878],[-152.5415,58.0837],[-152.5545,58.0846],[-152.5572,58.0865],[-152.5696,58.1148],[-152.5575,58.1607],[-152.5599,58.1709],[-152.5628,58.178],[-152.5842,58.1875],[-152.5975,58.1797],[-152.6151,58.1162],[-152.6312,58.0819],[-152.6568,58.061],[-152.7068,58.0506],[-152.7713,58.0469],[-152.7625,58.0145],[-152.819,57.9956],[-152.8718,57.9993],[-152.8714,57.9972],[-152.9475,57.9835],[-152.9824,57.9847],[-153.0975,58.0045],[-153.2025,58.0301],[-153.2099,58.0349],[-153.2146,58.0424],[-153.2181,58.0439],[-153.2897,58.0503],[-153.3448,58.0406],[-153.3656,58.0391],[-153.4198,58.0596]],[[-152.6396,60.1651],[-152.6197,60.1832],[-152.5787,60.1699],[-152.5673,60.1584],[-152.5502,60.1137],[-152.553,60.0985],[-152.5606,60.0947],[-152.633,60.1489],[-152.6396,60.1651]],[[-152.3563,58.9154],[-152.3125,58.9316],[-152.3077,58.9621],[-152.242,58.9383],[-152.1783,58.9468],[-152.1545,58.943],[-152.1592,58.9345],[-152.2763,58.9069],[-152.3429,58.9059],[-152.3563,58.9154]],[[-152.3121,57.3627],[-152.2985,57.3825],[-152.2909,57.3949],[-152.2688,57.3923],[-152.2536,57.384],[-152.261,57.3673],[-152.2831,57.3654],[-152.3121,57.3627]],[[-152.0829,60.346],[-152.0724,60.3612],[-152.0124,60.404],[-151.9801,60.4145],[-151.9658,60.4744],[-151.9525,60.5106],[-151.9306,60.5163],[-151.8392,60.4859],[-151.8411,60.4811],[-151.8953,60.4602],[-151.8915,60.4402],[-151.9401,60.4307],[-151.9743,60.3888],[-151.9563,60.3678],[-152.08,60.3412],[-152.0829,60.346]],[[-152.0745,58.9126],[-152.0745,58.9249],[-152.0631,58.9468],[-152.0317,58.9487],[-152.0041,58.9411],[-151.9555,58.9145],[-152.0165,58.9088],[-152.0745,58.9126]],[[-151.8909,58.1932],[-151.8885,58.2194],[-151.8623,58.2575],[-151.8171,58.2634],[-151.7909,58.2468],[-151.7957,58.2111],[-151.8171,58.1837],[-151.8623,58.1683],[-151.8718,58.1695],[-151.8909,58.1932]],[[-151.8831,59.1562],[-151.8606,59.1659],[-151.8243,59.178],[-151.7995,59.1771],[-151.7903,59.1642],[-151.7945,59.1453],[-151.8087,59.1349],[-151.8234,59.1368],[-151.8581,59.1442],[-151.8831,59.1562]],[[-151.7266,59.1151],[-151.7181,59.1322],[-151.6877,59.1297],[-151.6384,59.1174],[-151.6434,59.1052],[-151.6624,59.0897],[-151.7137,59.1011],[-151.7266,59.1151]],[[-151.5288,59.1476],[-151.4825,59.1431],[-151.4334,59.1355],[-151.4317,59.1177],[-151.445,59.1051],[-151.4907,59.1216],[-151.5263,59.1344],[-151.5288,59.1476]],[[-150.7732,59.3083],[-150.7722,59.333],[-150.7427,59.3501],[-150.7018,59.3892],[-150.6714,59.4101],[-150.6171,59.3949],[-150.6095,59.3863],[-150.6181,59.3559],[-150.6504,59.3435],[-150.6809,59.3054],[-150.7218,59.2921],[-150.7627,59.3045],[-150.7732,59.3083]],[[-150.2659,61.1274],[-150.2421,61.1378],[-150.2288,61.1626],[-150.2202,61.1702],[-150.1641,61.174],[-150.1583,61.1673],[-150.1583,61.1607],[-150.1907,61.1397],[-150.2288,61.1236],[-150.2659,61.1274]],[[-148.0203,60.725],[-147.9654,60.752],[-147.9572,60.7477],[-147.952,60.7419],[-147.906,60.7355],[-147.8482,60.6981],[-147.8461,60.6945],[-147.8601,60.6772],[-147.8681,60.6708],[-147.9329,60.6557],[-147.9707,60.6738],[-148.0203,60.725]],[[-147.9562,60.2287],[-147.9505,60.2438],[-147.9333,60.2736],[-147.8375,60.4145],[-147.7928,60.4762],[-147.7825,60.4833],[-147.7783,60.484],[-147.7658,60.4765],[-147.7793,60.4571],[-147.7509,60.441],[-147.7382,60.4413],[-147.7153,60.4479],[-147.7092,60.4519],[-147.7171,60.4673],[-147.7266,60.4722],[-147.7265,60.5025],[-147.7218,60.5086],[-147.6138,60.5659],[-147.5664,60.5808],[-147.5628,60.5798],[-147.5554,60.5741],[-147.5517,60.5596],[-147.5658,60.5347],[-147.6078,60.5069],[-147.6238,60.4659],[-147.62,60.4368],[-147.6744,60.4144],[-147.6908,60.4051],[-147.6819,60.3882],[-147.6301,60.3895],[-147.622,60.3838],[-147.6189,60.3688],[-147.6395,60.3406],[-147.6711,60.3089],[-147.7036,60.2856],[-147.6986,60.2456],[-147.7047,60.2279],[-147.7201,60.202],[-147.7607,60.1564],[-147.7665,60.1542],[-147.7836,60.1611],[-147.8202,60.1796],[-147.8457,60.1954],[-147.8323,60.1979],[-147.828,60.2006],[-147.829,60.2074],[-147.8555,60.2164],[-147.909,60.2244],[-147.9452,60.2223],[-147.9562,60.2287]],[[-147.9292,59.7839],[-147.8976,59.8019],[-147.8986,59.8158],[-147.9133,59.8372],[-147.8872,59.8622],[-147.8551,59.8719],[-147.8052,59.8732],[-147.8007,59.8943],[-147.8149,59.9088],[-147.8061,59.9209],[-147.7762,59.9304],[-147.74,59.9551],[-147.7125,59.952],[-147.6818,59.9617],[-147.6799,59.9764],[-147.7072,59.9829],[-147.6954,59.9967],[-147.639,60.0095],[-147.5882,60.0258],[-147.5551,60.0518],[-147.4853,60.0743],[-147.4014,60.1164],[-147.375,60.1466],[-147.3743,60.1603],[-147.3315,60.1844],[-147.3198,60.2177],[-147.2785,60.2333],[-147.2259,60.2549],[-147.2003,60.2766],[-147.2333,60.2896],[-147.2219,60.304],[-147.2155,60.3276],[-147.2,60.3503],[-147.1577,60.3674],[-147.1024,60.38],[-147.0855,60.3687],[-147.1009,60.3565],[-147.089,60.3429],[-147.0455,60.3422],[-147.0021,60.3443],[-147.0066,60.3323],[-147.0365,60.3129],[-147.0624,60.3009],[-147.0289,60.2864],[-146.9987,60.2971],[-146.9457,60.3099],[-146.9231,60.3095],[-146.9165,60.291],[-146.9557,60.2592],[-146.9797,60.247],[-147.0206,60.2262],[-147.09,60.1925],[-147.1791,60.1583],[-147.2129,60.1391],[-147.2578,60.1079],[-147.3065,60.0762],[-147.3533,60.0471],[-147.3764,60.0162],[-147.3693,59.9937],[-147.3833,59.9783],[-147.3398,59.9621],[-147.3726,59.9529],[-147.4211,59.9661],[-147.4522,59.954],[-147.4817,59.9437],[-147.5017,59.9269],[-147.4703,59.9067],[-147.4437,59.9032],[-147.3918,59.8778],[-147.4118,59.864],[-147.4615,59.8417],[-147.5083,59.842],[-147.5428,59.835],[-147.568,59.8512],[-147.6239,59.8483],[-147.6513,59.8331],[-147.646,59.8178],[-147.6824,59.7989],[-147.7145,59.8038],[-147.7651,59.796],[-147.8032,59.7851],[-147.8324,59.7701],[-147.8765,59.7639],[-147.9088,59.7714],[-147.9292,59.7839]],[[-147.5057,60.2532],[-147.4962,60.2655],[-147.422,60.2798],[-147.3411,60.3055],[-147.3401,60.275],[-147.4838,60.2246],[-147.4991,60.2351],[-147.5057,60.2532]],[[-147.5,60.6539],[-147.4838,60.6834],[-147.4876,60.7281],[-147.3953,60.7433],[-147.3839,60.7414],[-147.362,60.7148],[-147.3087,60.6653],[-147.3487,60.6272],[-147.4543,60.6196],[-147.4838,60.6186],[-147.5,60.6539]],[[-147.3256,60.8772],[-147.3211,60.8802],[-147.2263,60.9104],[-147.2103,60.9088],[-147.1934,60.9029],[-147.179,60.9037],[-147.1313,60.9129],[-147.1153,60.9119],[-147.0778,60.8995],[-147.0718,60.8938],[-147.0896,60.8747],[-147.1268,60.858],[-147.1418,60.854],[-147.1924,60.8616],[-147.2177,60.8697],[-147.2531,60.873],[-147.3091,60.8739],[-147.3256,60.8772]],[[-146.0116,60.3962],[-145.9531,60.4079],[-145.8787,60.4015],[-145.8314,60.3909],[-145.7649,60.3914],[-145.7444,60.3854],[-145.7544,60.3593],[-145.7801,60.3525],[-145.8312,60.3503],[-145.8673,60.3573],[-145.9101,60.3764],[-145.9885,60.3874],[-146.0116,60.3962]],[[-136.5733,57.9268],[-136.5632,58.0351],[-136.56,58.0634],[-136.5562,58.077],[-136.5387,58.0935],[-136.5001,58.1048],[-136.4758,58.1013],[-136.4693,58.0969],[-136.4463,58.1133],[-136.4204,58.1319],[-136.3655,58.1489],[-136.3548,58.1923],[-136.3614,58.2143],[-136.3733,58.2321],[-136.3871,58.2524],[-136.4048,58.2672],[-136.4,58.272],[-136.318,58.2738],[-136.284,58.2696],[-136.287,58.2458],[-136.2839,58.2237],[-136.2392,58.1719],[-136.1999,58.1809],[-136.1621,58.2187],[-136.139,58.2244],[-136.0362,58.2192],[-136.033,58.2055],[-135.9764,58.202],[-135.9661,58.2114],[-135.9142,58.2441],[-135.8236,58.283],[-135.8011,58.2877],[-135.7834,58.2867],[-135.7644,58.2663],[-135.7351,58.2402],[-135.7124,58.2319],[-135.6305,58.2229],[-135.5892,58.2137],[-135.5226,58.1859],[-135.5047,58.1749],[-135.4979,58.1689],[-135.5247,58.1208],[-135.5407,58.1018],[-135.5868,58.0817],[-135.6514,58.0365],[-135.6385,57.9945],[-135.6216,57.9846],[-135.5933,57.9896],[-135.5818,57.9976],[-135.5643,58.015],[-135.5678,58.0234],[-135.5654,58.0411],[-135.5634,58.0435],[-135.5445,58.0609],[-135.4967,58.0862],[-135.4514,58.1343],[-135.4201,58.1442],[-135.4118,58.1455],[-135.3975,58.1442],[-135.2758,58.097],[-135.261,58.0973],[-135.1089,58.0883],[-135.0848,58.0809],[-135.083,58.0747],[-135.0707,58.0612],[-134.9772,58.0499],[-134.9677,58.0476],[-134.9508,58.037],[-134.935,58.0216],[-134.9129,57.9793],[-134.9211,57.9353],[-134.9264,57.9219],[-135.005,57.8843],[-135.1407,57.9261],[-135.1737,57.9194],[-135.1652,57.9015],[-135.1467,57.8917],[-135.132,57.8852],[-135.0657,57.8695],[-134.9918,57.8354],[-134.9545,57.8158],[-134.9494,57.805],[-135.0234,57.7805],[-135.0684,57.7746],[-135.0885,57.7853],[-135.115,57.7783],[-135.108,57.7684],[-135.0984,57.7549],[-135.064,57.7508],[-135.0248,57.743],[-135.0126,57.7461],[-134.9781,57.7631],[-134.9399,57.7636],[-134.9297,57.7592],[-134.9216,57.7424],[-134.9148,57.7058],[-134.9182,57.6823],[-134.8674,57.6234],[-134.8564,57.599],[-134.8249,57.5001],[-134.8371,57.4828],[-134.8743,57.4644],[-134.9027,57.4593],[-135.0251,57.4543],[-135.0843,57.4647],[-135.0912,57.4664],[-135.0968,57.4699],[-135.1341,57.4977],[-135.2429,57.5463],[-135.3258,57.5772],[-135.3925,57.5999],[-135.4747,57.6314],[-135.5148,57.6503],[-135.5716,57.6744],[-135.5934,57.6638],[-135.6507,57.6525],[-135.685,57.6775],[-135.7123,57.6726],[-135.7044,57.6584],[-135.6974,57.6497],[-135.6609,57.6292],[-135.5928,57.6025],[-135.5712,57.6054],[-135.5461,57.6138],[-135.5263,57.6064],[-135.511,57.5959],[-135.5195,57.5886],[-135.5276,57.589],[-135.5578,57.5834],[-135.5706,57.5796],[-135.5875,57.5688],[-135.5885,57.5521],[-135.5657,57.5472],[-135.5805,57.517],[-135.5668,57.4857],[-135.5971,57.4427],[-135.6677,57.396],[-135.7114,57.3678],[-135.7205,57.3737],[-135.768,57.3834],[-135.8438,57.3909],[-135.8921,57.408],[-135.9008,57.4182],[-135.897,57.4407],[-135.9438,57.4588],[-135.967,57.4728],[-136.0145,57.5062],[-136.0475,57.5138],[-136.0555,57.5337],[-136.0881,57.5553],[-136.0857,57.5776],[-136.1206,57.5913],[-136.1631,57.5589],[-136.1903,57.5804],[-136.2296,57.5954],[-136.2382,57.626],[-136.2667,57.6638],[-136.2508,57.6848],[-136.2808,57.7174],[-136.3146,57.7587],[-136.3047,57.7711],[-136.3094,57.7795],[-136.3651,57.8286],[-136.3717,57.8322],[-136.3724,57.8326],[-136.3912,57.8327],[-136.4588,57.8539],[-136.4744,57.8716],[-136.4843,57.8965],[-136.5342,57.9139],[-136.5577,57.9121],[-136.572,57.9185],[-136.5733,57.9268]],[[-136.1573,58.2791],[-136.1562,58.2839],[-136.1187,58.3035],[-136.0479,58.319],[-136.0384,58.319],[-136.033,58.3113],[-136.0354,58.2732],[-136.0943,58.2571],[-136.1252,58.2619],[-136.1573,58.2791]],[[-136.1536,58.597],[-136.146,58.6074],[-136.1231,58.6093],[-136.1003,58.596],[-136.0898,58.5751],[-136.0889,58.5656],[-136.0965,58.5589],[-136.1498,58.5913],[-136.1536,58.597]],[[-135.8705,57.2216],[-135.8525,57.2409],[-135.8532,57.2674],[-135.8377,57.2821],[-135.8582,57.3214],[-135.8482,57.3386],[-135.8014,57.3414],[-135.7607,57.3466],[-135.7137,57.3314],[-135.6982,57.3193],[-135.6386,57.2929],[-135.5946,57.2448],[-135.5839,57.2297],[-135.5413,57.213],[-135.5135,57.2246],[-135.4788,57.239],[-135.4338,57.2361],[-135.3987,57.2307],[-135.4118,57.2035],[-135.4517,57.1764],[-135.4558,57.1601],[-135.4928,57.1585],[-135.5183,57.15],[-135.5413,57.1477],[-135.5722,57.1263],[-135.571,57.0926],[-135.6005,57.0717],[-135.6046,57.0458],[-135.6305,57.0264],[-135.6369,57.0099],[-135.6799,57.0147],[-135.7348,57.0021],[-135.7726,56.9987],[-135.8256,56.989],[-135.856,56.9956],[-135.8475,57.0418],[-135.8446,57.0836],[-135.8061,57.1094],[-135.755,57.124],[-135.74,57.1463],[-135.7536,57.1672],[-135.7914,57.171],[-135.8323,57.1706],[-135.8235,57.1956],[-135.8705,57.2216]],[[-135.7279,58.3654],[-135.6698,58.3807],[-135.6318,58.3807],[-135.6023,58.375],[-135.5385,58.3378],[-135.5442,58.3302],[-135.6499,58.3245],[-135.6965,58.3359],[-135.7279,58.3654]],[[-135.6956,57.3575],[-135.6951,57.3631],[-135.6877,57.3675],[-135.6596,57.3739],[-135.6396,57.3719],[-135.6306,57.3796],[-135.628,57.3834],[-135.627,57.3882],[-135.6336,57.3942],[-135.6337,57.3991],[-135.626,57.3996],[-135.6042,57.4099],[-135.5854,57.4168],[-135.5709,57.4175],[-135.5545,57.4266],[-135.5553,57.4367],[-135.5578,57.4382],[-135.561,57.4375],[-135.5619,57.4385],[-135.5622,57.4404],[-135.5622,57.4427],[-135.5585,57.4448],[-135.5561,57.4465],[-135.5402,57.4462],[-135.5342,57.4503],[-135.5321,57.4811],[-135.5488,57.509],[-135.526,57.5097],[-135.4915,57.5317],[-135.4434,57.5569],[-135.4192,57.5642],[-135.3557,57.5536],[-135.3476,57.5502],[-135.3229,57.5335],[-135.2945,57.5108],[-135.2948,57.5087],[-135.3085,57.4952],[-135.2978,57.4837],[-135.2656,57.4809],[-135.2461,57.4836],[-135.2273,57.4898],[-135.2091,57.4888],[-135.161,57.4607],[-135.1681,57.4542],[-135.1592,57.4456],[-135.1459,57.439],[-135.0651,57.419],[-135.0396,57.4181],[-135.0266,57.4205],[-134.9265,57.4223],[-134.8934,57.42],[-134.8495,57.4097],[-134.8064,57.3419],[-134.8128,57.2998],[-134.8294,57.2941],[-134.8352,57.3003],[-134.8848,57.33],[-134.9217,57.3307],[-134.9513,57.3287],[-134.954,57.3237],[-134.955,57.3094],[-134.953,57.3061],[-134.9466,57.3032],[-134.9223,57.3037],[-134.8795,57.2882],[-134.8549,57.2648],[-134.8418,57.2486],[-134.7559,57.058],[-134.7379,57.0099],[-134.7383,56.9681],[-134.7401,56.9485],[-134.7193,56.929],[-134.6957,56.9008],[-134.6991,56.8509],[-134.6742,56.8252],[-134.6634,56.8047],[-134.634,56.7287],[-134.6198,56.6659],[-134.616,56.6373],[-134.6269,56.5539],[-134.6342,56.541],[-134.6397,56.5388],[-134.671,56.5412],[-134.6698,56.5241],[-134.6638,56.5032],[-134.6586,56.4947],[-134.6552,56.492],[-134.6453,56.4722],[-134.6365,56.4056],[-134.634,56.3158],[-134.6344,56.2833],[-134.6347,56.2658],[-134.6538,56.1984],[-134.6599,56.1825],[-134.6664,56.1702],[-134.6682,56.167],[-134.674,56.1669],[-134.705,56.1757],[-134.8062,56.2355],[-134.8249,56.2797],[-134.8394,56.3094],[-134.9159,56.3606],[-134.9457,56.3897],[-134.9908,56.458],[-135.0238,56.5],[-135.054,56.5277],[-135.0582,56.5295],[-135.0609,56.542],[-135.0568,56.5706],[-135.0451,56.5834],[-135.0267,56.5946],[-135.0052,56.6023],[-134.9977,56.5973],[-134.9859,56.5958],[-134.9672,56.603],[-134.9698,56.6154],[-134.9794,56.6277],[-134.9984,56.63],[-135.0297,56.6289],[-135.0364,56.6196],[-135.0657,56.6079],[-135.0916,56.6001],[-135.1033,56.5979],[-135.1187,56.5977],[-135.1234,56.6028],[-135.1488,56.6489],[-135.1478,56.6519],[-135.1758,56.6779],[-135.2158,56.6653],[-135.2241,56.6879],[-135.2749,56.7016],[-135.3051,56.7264],[-135.3174,56.7433],[-135.3181,56.7487],[-135.2964,56.7563],[-135.2816,56.7585],[-135.2809,56.7684],[-135.3102,56.7781],[-135.3622,56.7587],[-135.3987,56.7792],[-135.4672,56.7714],[-135.5063,56.7814],[-135.5353,56.8261],[-135.5734,56.8634],[-135.5069,56.866],[-135.4675,56.8414],[-135.4322,56.8521],[-135.4479,56.8892],[-135.4423,56.9424],[-135.3776,56.9886],[-135.3552,57.0186],[-135.3534,57.0209],[-135.3836,57.0405],[-135.4341,57.0606],[-135.4579,57.0702],[-135.4931,57.0945],[-135.4772,57.1153],[-135.4097,57.1489],[-135.4227,57.1677],[-135.3993,57.185],[-135.3724,57.1981],[-135.3776,57.2063],[-135.372,57.228],[-135.3618,57.2336],[-135.3587,57.2438],[-135.3662,57.2489],[-135.4061,57.2517],[-135.4148,57.2513],[-135.4292,57.2472],[-135.4491,57.2481],[-135.4702,57.2558],[-135.4777,57.2568],[-135.5031,57.2538],[-135.5112,57.2471],[-135.5526,57.2332],[-135.5619,57.2419],[-135.5619,57.2441],[-135.569,57.2552],[-135.6023,57.2857],[-135.6042,57.2904],[-135.6007,57.2941],[-135.6018,57.3008],[-135.6314,57.3116],[-135.6374,57.3153],[-135.6382,57.3203],[-135.6747,57.3367],[-135.6846,57.3503],[-135.6956,57.3575]],[[-135.3531,59.0105],[-135.3493,59.02],[-135.3303,59.0124],[-135.296,58.9591],[-135.2986,58.9193],[-135.316,58.9249],[-135.3341,58.9439],[-135.3531,59.0105]],[[-135.0321,58.5139],[-135.0286,58.5199],[-135.0214,58.5193],[-134.9905,58.5044],[-134.9703,58.5026],[-134.9037,58.4812],[-134.8513,58.4313],[-134.8061,58.3742],[-134.8103,58.3706],[-134.8406,58.37],[-134.9187,58.468],[-134.956,58.4699],[-135.0042,58.4848],[-135.0321,58.5139]],[[-134.9692,58.3675],[-134.9605,58.4038],[-134.9559,58.4103],[-134.8973,58.3769],[-134.8061,58.3213],[-134.8038,58.3166],[-134.8024,58.3011],[-134.7794,58.2813],[-134.7601,58.2753],[-134.7299,58.2735],[-134.7245,58.2683],[-134.7144,58.2227],[-134.7128,58.2154],[-134.7105,58.1926],[-134.7037,58.1668],[-134.7,58.1615],[-134.6895,58.1588],[-134.6828,58.1588],[-134.6314,58.1622],[-134.6089,58.1716],[-134.6084,58.1735],[-134.5948,58.1835],[-134.5592,58.1951],[-134.5416,58.1843],[-134.5196,58.1758],[-134.5007,58.1725],[-134.4798,58.1712],[-134.4626,58.1739],[-134.4467,58.1736],[-134.414,58.1675],[-134.4015,58.1634],[-134.3714,58.149],[-134.3274,58.1439],[-134.317,58.1454],[-134.3065,58.1525],[-134.2597,58.1577],[-134.216,58.1621],[-134.1807,58.1599],[-134.1775,58.1596],[-134.1663,58.1326],[-134.1673,58.1286],[-134.1744,58.1253],[-134.1927,58.1077],[-134.1894,58.0834],[-134.184,58.0773],[-134.1697,58.0668],[-134.1382,58.0471],[-134.0987,58.0187],[-134.0919,58.0108],[-134.0875,58.0017],[-134.0876,57.9965],[-134.1015,57.9887],[-134.1011,57.9841],[-134.0896,57.9744],[-134.0689,57.9611],[-134.0169,57.93],[-133.9999,57.9148],[-133.9963,57.9042],[-133.996,57.8956],[-133.9638,57.8546],[-133.9347,57.8376],[-133.9049,57.8074],[-133.9027,57.7978],[-133.9039,57.7948],[-133.9081,57.7917],[-133.9099,57.7806],[-133.8968,57.6855],[-133.8681,57.6601],[-133.8374,57.6385],[-133.8329,57.6357],[-133.8217,57.6339],[-133.8177,57.6298],[-133.8083,57.6096],[-133.806,57.5835],[-133.8071,57.5788],[-133.8116,57.5724],[-133.8176,57.5684],[-133.8408,57.5769],[-133.8596,57.6053],[-133.858,57.6169],[-133.8631,57.6237],[-133.9113,57.6636],[-133.9626,57.6899],[-133.9701,57.6953],[-133.995,57.7198],[-134.0107,57.7594],[-134.0131,57.7894],[-134.0308,57.8186],[-134.0618,57.8298],[-134.0986,57.8505],[-134.1213,57.8712],[-134.1192,57.8729],[-134.1219,57.8825],[-134.1261,57.8903],[-134.1321,57.8962],[-134.1511,57.9032],[-134.1766,57.9097],[-134.2024,57.9063],[-134.2069,57.8959],[-134.1631,57.8487],[-134.1129,57.8093],[-134.1054,57.796],[-134.0998,57.7803],[-134.1009,57.7768],[-134.1463,57.7603],[-134.1277,57.7392],[-134.1161,57.7276],[-134.0202,57.6567],[-134.0134,57.6559],[-133.994,57.6491],[-133.9585,57.6295],[-133.936,57.6144],[-133.9344,57.6018],[-133.9452,57.5698],[-133.9434,57.5616],[-133.9332,57.5444],[-133.9206,57.5301],[-133.9011,57.5172],[-133.8863,57.505],[-133.8574,57.464],[-133.9275,57.4696],[-133.9255,57.4566],[-133.8703,57.3813],[-133.8669,57.3679],[-133.8673,57.3621],[-133.8707,57.3583],[-133.9629,57.3054],[-133.9685,57.3039],[-133.9835,57.3028],[-134.0084,57.3175],[-134.0346,57.3276],[-134.0556,57.3302],[-134.0949,57.3264],[-134.1006,57.3217],[-134.0844,57.304],[-134.0805,57.2977],[-134.1103,57.2499],[-134.1554,57.208],[-134.1936,57.1849],[-134.2928,57.137],[-134.3027,57.1366],[-134.3496,57.1246],[-134.3784,57.115],[-134.3708,57.0999],[-134.3861,57.0874],[-134.4812,57.046],[-134.4843,57.0365],[-134.4977,57.0312],[-134.5657,57.0237],[-134.6014,57.0338],[-134.6346,57.1099],[-134.6468,57.2263],[-134.6402,57.2399],[-134.605,57.273],[-134.571,57.2946],[-134.5173,57.3146],[-134.5434,57.3374],[-134.5598,57.3361],[-134.5741,57.3412],[-134.5755,57.3437],[-134.5785,57.4003],[-134.5555,57.4074],[-134.5276,57.4053],[-134.526,57.3978],[-134.5278,57.3939],[-134.5279,57.3899],[-134.486,57.3725],[-134.4772,57.3744],[-134.464,57.3922],[-134.5449,57.4579],[-134.6076,57.513],[-134.5985,57.5224],[-134.596,57.5341],[-134.6112,57.5631],[-134.6653,57.6057],[-134.6744,57.6144],[-134.6954,57.6853],[-134.7005,57.696],[-134.7049,57.7015],[-134.7204,57.7071],[-134.7318,57.7219],[-134.7288,57.7566],[-134.709,57.7805],[-134.7059,57.8289],[-134.7271,57.8771],[-134.7375,57.8908],[-134.7461,57.8985],[-134.7588,57.9802],[-134.7653,57.9938],[-134.777,58.0047],[-134.7968,58.0589],[-134.7838,58.0823],[-134.7849,58.0968],[-134.8207,58.1415],[-134.8572,58.1763],[-134.8643,58.1805],[-134.8779,58.1815],[-134.8859,58.184],[-134.8997,58.1943],[-134.9149,58.2149],[-134.9483,58.2813],[-134.9692,58.3675]],[[-134.4185,56.8223],[-134.4152,56.8479],[-134.3536,56.8932],[-134.2964,56.9073],[-134.2705,56.9356],[-134.2476,56.9351],[-134.1938,56.9336],[-134.1533,56.9348],[-134.1471,56.957],[-134.0478,56.923],[-134.0066,56.8516],[-133.9429,56.8056],[-133.8871,56.8087],[-133.8334,56.8032],[-133.8008,56.7852],[-133.7653,56.8075],[-133.7723,56.8095],[-133.7875,56.8214],[-133.7954,56.8246],[-133.869,56.8459],[-133.8874,56.8684],[-133.9164,56.9144],[-133.9036,56.9273],[-133.9215,56.9615],[-133.9671,56.988],[-134.0492,57.0292],[-134.034,57.0633],[-134.0089,57.0746],[-133.888,57.0977],[-133.7735,57.0787],[-133.7029,57.0652],[-133.6139,57.058],[-133.5363,57.0387],[-133.4462,57.0201],[-133.3625,57.0074],[-133.3463,57.0041],[-133.3442,57.0018],[-133.3343,57.0024],[-133.3251,57.0117],[-133.325,57.0117],[-133.3083,57.0148],[-133.1046,57.0057],[-132.9974,56.9422],[-132.9814,56.9274],[-132.9471,56.871],[-132.9359,56.84],[-132.9353,56.8229],[-132.9032,56.8036],[-132.8725,56.7981],[-132.8532,56.7978],[-132.8206,56.7938],[-132.763,56.7532],[-132.7417,56.7243],[-132.7432,56.7137],[-132.6659,56.6802],[-132.6281,56.6688],[-132.6228,56.6687],[-132.6193,56.6608],[-132.6254,56.6532],[-132.6282,56.6456],[-132.6254,56.6422],[-132.6165,56.6395],[-132.6055,56.6236],[-132.5952,56.6133],[-132.5745,56.6126],[-132.5608,56.6078],[-132.5532,56.6085],[-132.5465,56.6066],[-132.5397,56.5932],[-132.5413,56.5846],[-132.6108,56.5563],[-132.6274,56.5524],[-132.6285,56.5536],[-132.6509,56.5521],[-132.7013,56.5296],[-132.7242,56.5154],[-132.7966,56.4965],[-132.818,56.4949],[-132.8743,56.5091],[-132.9848,56.5126],[-132.9869,56.5108],[-133.0417,56.5184],[-133.0892,56.5239],[-133.1129,56.5293],[-133.1383,56.5329],[-133.1421,56.5286],[-133.1425,56.5197],[-133.1392,56.516],[-133.1247,56.5114],[-133.1222,56.492],[-133.1487,56.4674],[-133.161,56.4603],[-133.2036,56.4477],[-133.3485,56.4696],[-133.3563,56.4718],[-133.3616,56.4861],[-133.3719,56.4937],[-133.3762,56.4956],[-133.4018,56.4964],[-133.4138,56.4947],[-133.4178,56.4941],[-133.4286,56.4792],[-133.4606,56.4541],[-133.5127,56.437],[-133.533,56.4348],[-133.6037,56.4354],[-133.6383,56.4389],[-133.6555,56.4423],[-133.6631,56.4481],[-133.6717,56.4877],[-133.6758,56.5227],[-133.7145,56.55],[-133.7649,56.5249],[-133.821,56.4952],[-133.7766,56.4702],[-133.7806,56.3925],[-133.864,56.3907],[-133.8716,56.3638],[-133.8476,56.3513],[-133.8346,56.3198],[-133.8766,56.2759],[-133.8811,56.2232],[-133.903,56.2009],[-133.942,56.1801],[-133.9277,56.1459],[-133.9605,56.0914],[-133.9969,56.0822],[-134.018,56.0882],[-134.0874,56.0949],[-134.1079,56.0806],[-134.1119,56.0452],[-134.1371,56.0064],[-134.1897,56.0227],[-134.2341,56.0671],[-134.2593,56.1214],[-134.2626,56.2151],[-134.2995,56.2896],[-134.2928,56.3541],[-134.2431,56.3958],[-134.2519,56.4445],[-134.2241,56.475],[-134.198,56.531],[-134.2419,56.5555],[-134.299,56.5528],[-134.3201,56.5545],[-134.3011,56.6203],[-134.3218,56.6445],[-134.3763,56.6686],[-134.4017,56.733],[-134.3967,56.7697],[-134.4185,56.8223]],[[-134.367,55.9105],[-134.3361,55.9266],[-134.3158,55.923],[-134.2667,55.9296],[-134.2659,55.9174],[-134.2624,55.8926],[-134.2306,55.9056],[-134.1731,55.9185],[-134.1522,55.9209],[-134.1374,55.9346],[-134.1395,55.9517],[-134.1227,55.9855],[-134.0998,55.9841],[-134.1167,55.9448],[-134.1228,55.9187],[-134.1181,55.9146],[-134.1255,55.9021],[-134.1305,55.8975],[-134.1366,55.8954],[-134.1458,55.8967],[-134.1684,55.8923],[-134.2083,55.8767],[-134.2312,55.8647],[-134.2405,55.8539],[-134.2732,55.8331],[-134.2825,55.8287],[-134.3142,55.8268],[-134.3272,55.8364],[-134.3444,55.8432],[-134.3454,55.8567],[-134.317,55.8686],[-134.3308,55.8798],[-134.3482,55.8928],[-134.367,55.9105]],[[-133.9456,55.8962],[-133.9435,55.9124],[-133.9403,55.9175],[-133.935,55.9207],[-133.8919,55.9367],[-133.8765,55.9377],[-133.8641,55.9363],[-133.8543,55.9316],[-133.8468,55.9117],[-133.8461,55.9046],[-133.8408,55.8927],[-133.8403,55.8868],[-133.8476,55.8696],[-133.861,55.8488],[-133.867,55.8459],[-133.8947,55.8456],[-133.9032,55.8481],[-133.9202,55.8603],[-133.9293,55.8695],[-133.9456,55.8962]],[[-133.8827,57.3007],[-133.8535,57.3173],[-133.8284,57.322],[-133.7864,57.3115],[-133.778,57.2944],[-133.8146,57.2807],[-133.8409,57.2711],[-133.8757,57.2676],[-133.8827,57.3007]],[[-133.817,55.9521],[-133.8164,55.964],[-133.7981,55.9751],[-133.7778,55.9829],[-133.7488,56.0095],[-133.6938,56.0706],[-133.6842,56.0755],[-133.6592,56.0838],[-133.621,56.0841],[-133.5922,56.0795],[-133.559,56.0847],[-133.5523,56.0963],[-133.582,56.0978],[-133.6331,56.1079],[-133.6438,56.1277],[-133.6357,56.1477],[-133.6189,56.1438],[-133.5815,56.1292],[-133.558,56.1428],[-133.5504,56.1583],[-133.5544,56.1672],[-133.5861,56.1783],[-133.6086,56.1907],[-133.649,56.1979],[-133.6795,56.2118],[-133.6721,56.2227],[-133.6462,56.2242],[-133.6281,56.2366],[-133.6331,56.2527],[-133.6469,56.2622],[-133.6569,56.2812],[-133.6642,56.3105],[-133.6564,56.3269],[-133.6499,56.3268],[-133.6432,56.3245],[-133.6247,56.3371],[-133.6251,56.3398],[-133.6249,56.3439],[-133.5937,56.3522],[-133.5821,56.3525],[-133.4184,56.3321],[-133.3286,56.3328],[-133.2848,56.3271],[-133.2354,56.3243],[-133.197,56.333],[-133.1632,56.3174],[-133.095,56.2506],[-133.0782,56.2468],[-133.0714,56.2385],[-133.041,56.1845],[-133.052,56.1556],[-133.06,56.1508],[-133.0622,56.1412],[-133.0615,56.1353],[-133.0555,56.1253],[-133.033,56.1197],[-133.0077,56.1201],[-132.9898,56.1097],[-132.9896,56.0896],[-132.9772,56.0727],[-132.9619,56.0612],[-132.9321,56.0607],[-132.9234,56.0431],[-132.9273,56.0345],[-132.8977,56.0202],[-132.8829,56.0328],[-132.8456,56.0362],[-132.8376,56.0243],[-132.6353,55.9218],[-132.6185,55.9115],[-132.6151,55.9081],[-132.6148,55.8996],[-132.5921,55.8772],[-132.5434,55.8459],[-132.5048,55.8152],[-132.4707,55.7822],[-132.4613,55.6834],[-132.4625,55.6739],[-132.4489,55.6673],[-132.4152,55.6673],[-132.3943,55.6691],[-132.3825,55.6653],[-132.3586,55.6488],[-132.3324,55.5951],[-132.3293,55.5789],[-132.3011,55.551],[-132.2409,55.5265],[-132.1983,55.513],[-132.1888,55.5084],[-132.1461,55.4703],[-132.1426,55.461],[-132.1429,55.4579],[-132.1648,55.4512],[-132.1786,55.4528],[-132.2194,55.4722],[-132.2308,55.4799],[-132.2319,55.484],[-132.2473,55.493],[-132.3158,55.5145],[-132.3257,55.5154],[-132.5148,55.5768],[-132.5445,55.5667],[-132.5255,55.55],[-132.6088,55.4863],[-132.604,55.4768],[-132.5683,55.4798],[-132.5196,55.5203],[-132.4916,55.5036],[-132.4083,55.5125],[-132.3887,55.481],[-132.3643,55.4834],[-132.3186,55.4692],[-132.2886,55.4514],[-132.2813,55.4442],[-132.2844,55.4422],[-132.3033,55.4383],[-132.4193,55.4321],[-132.3908,55.4017],[-132.2735,55.4192],[-132.2581,55.4161],[-132.226,55.3749],[-132.1669,55.363],[-132.1499,55.3286],[-132.1264,55.2884],[-132.1156,55.2812],[-132.0985,55.2806],[-132.1027,55.2682],[-132.1095,55.2602],[-132.1427,55.2382],[-132.164,55.2376],[-132.2149,55.2457],[-132.23,55.2381],[-132.2144,55.2226],[-132.2074,55.2183],[-132.1274,55.1996],[-132.1044,55.2009],[-132.0881,55.2065],[-132.0751,55.2224],[-132.0728,55.2337],[-132.0789,55.2403],[-132.0759,55.2463],[-132.0616,55.2601],[-132.0371,55.2751],[-132.0282,55.2769],[-132.0035,55.2653],[-131.9959,55.2591],[-131.9798,55.2118],[-131.9774,55.1809],[-131.9888,55.1655],[-132.0314,55.1517],[-132.039,55.1441],[-132.0409,55.1273],[-132.039,55.125],[-132.0169,55.121],[-132.039,55.087],[-132.094,55.0395],[-132.1541,55.0182],[-132.1681,55.0156],[-132.1803,55.0156],[-132.1962,55.008],[-132.1976,55.0052],[-132.1926,54.9897],[-132.1433,54.9846],[-132.1355,54.986],[-132.0725,55.017],[-132.0392,55.0368],[-132.0283,55.0387],[-132.0004,55.0357],[-131.9846,55.028],[-131.9829,54.8531],[-131.9768,54.8489],[-131.9659,54.8355],[-131.9574,54.8043],[-131.9579,54.7912],[-131.9996,54.732],[-132.0187,54.7101],[-132.0297,54.7012],[-132.1423,54.6917],[-132.1652,54.6941],[-132.1796,54.7059],[-132.1996,54.7154],[-132.2561,54.7346],[-132.2631,54.7343],[-132.2796,54.7282],[-132.2807,54.7262],[-132.2801,54.716],[-132.2818,54.7153],[-132.3079,54.7187],[-132.3226,54.744],[-132.3664,54.7512],[-132.371,54.7829],[-132.429,54.7859],[-132.491,54.7756],[-132.5094,54.7813],[-132.4478,54.8266],[-132.351,54.8182],[-132.3506,54.8213],[-132.341,54.8267],[-132.3327,54.8263],[-132.3449,54.8519],[-132.4164,54.8875],[-132.4846,54.8993],[-132.5584,54.9326],[-132.5814,54.946],[-132.6098,54.9657],[-132.6125,54.9699],[-132.6148,54.9801],[-132.6099,54.9915],[-132.5986,54.9903],[-132.5778,54.9942],[-132.575,54.9983],[-132.5418,55.0978],[-132.549,55.1136],[-132.5505,55.1142],[-132.5618,55.1149],[-132.5946,55.1054],[-132.6199,55.0691],[-132.6246,55.0614],[-132.6243,55.0562],[-132.6267,55.0533],[-132.6309,55.0529],[-132.6333,55.055],[-132.6379,55.0736],[-132.6245,55.1144],[-132.6069,55.1417],[-132.5987,55.1505],[-132.5911,55.1557],[-132.5879,55.156],[-132.5811,55.1661],[-132.6052,55.1941],[-132.6201,55.1996],[-132.6379,55.1861],[-132.63,55.1776],[-132.6296,55.1742],[-132.6358,55.1525],[-132.6637,55.1439],[-132.6952,55.1377],[-132.7356,55.1342],[-132.7122,55.0987],[-132.684,55.0456],[-132.6897,55.0279],[-132.6929,55.0251],[-132.7489,54.996],[-132.8137,55.011],[-132.8641,55.0248],[-132.9164,55.0445],[-132.9268,55.055],[-132.9323,55.0702],[-132.9312,55.0742],[-132.9094,55.0813],[-132.8811,55.1104],[-132.8698,55.1241],[-132.8734,55.1342],[-132.8943,55.1694],[-132.9354,55.2099],[-132.9398,55.2115],[-132.9822,55.2159],[-133.0082,55.2057],[-133.0407,55.233],[-133.0439,55.2486],[-133.1047,55.2638],[-133.1193,55.2514],[-133.0734,55.1845],[-133.0123,55.1281],[-132.9909,55.0791],[-132.9904,55.0667],[-133.0114,55.0568],[-133.0197,55.0484],[-133.0142,55.0355],[-132.9595,55.021],[-132.9097,54.9236],[-132.9147,54.914],[-132.8895,54.8966],[-132.8283,54.8687],[-132.8045,54.8709],[-132.803,54.8737],[-132.8037,54.8972],[-132.808,54.9044],[-132.8143,54.9094],[-132.8174,54.9236],[-132.8008,54.9338],[-132.7309,54.9395],[-132.65,54.9044],[-132.6286,54.8833],[-132.6256,54.8075],[-132.6149,54.7772],[-132.619,54.7666],[-132.639,54.7533],[-132.6672,54.7634],[-132.6812,54.7737],[-132.7012,54.7984],[-132.7012,54.811],[-132.7093,54.8175],[-132.7235,54.8251],[-132.7294,54.827],[-132.7549,54.8212],[-132.7598,54.817],[-132.7594,54.8083],[-132.7475,54.8007],[-132.722,54.7633],[-132.6762,54.6809],[-132.6743,54.6747],[-132.6759,54.6728],[-132.694,54.6691],[-132.7757,54.6748],[-132.8664,54.7004],[-132.8696,54.7024],[-132.8641,54.7169],[-132.8656,54.7289],[-132.8772,54.7538],[-132.8916,54.7682],[-132.9095,54.7805],[-132.9188,54.7833],[-132.9405,54.7838],[-132.9502,54.7883],[-133.0328,54.8551],[-133.099,54.919],[-133.1239,54.9401],[-133.1598,54.9588],[-133.1648,54.9769],[-133.1573,55.0004],[-133.1689,55.0309],[-133.1724,55.0327],[-133.1977,55.0334],[-133.2104,55.0403],[-133.2397,55.0924],[-133.2239,55.1],[-133.2181,55.101],[-133.145,55.0992],[-133.135,55.0995],[-133.1287,55.1014],[-133.1525,55.1113],[-133.2319,55.1278],[-133.2151,55.1369],[-133.2369,55.1833],[-133.2238,55.2293],[-133.2545,55.2311],[-133.282,55.2171],[-133.323,55.207],[-133.3413,55.2057],[-133.3537,55.2212],[-133.3616,55.2256],[-133.3766,55.2283],[-133.4045,55.215],[-133.4153,55.2122],[-133.4229,55.2107],[-133.4411,55.2117],[-133.4538,55.2185],[-133.4719,55.2475],[-133.4736,55.2555],[-133.4729,55.2679],[-133.4598,55.3068],[-133.4528,55.32],[-133.4363,55.3302],[-133.3954,55.3418],[-133.3521,55.3474],[-133.3324,55.3454],[-133.3135,55.3316],[-133.3105,55.3203],[-133.3111,55.3173],[-133.2924,55.2914],[-133.269,55.287],[-133.2443,55.2919],[-133.2351,55.3042],[-133.2336,55.3088],[-133.2546,55.3188],[-133.2793,55.3333],[-133.2807,55.3415],[-133.2784,55.3492],[-133.2691,55.3593],[-133.2577,55.367],[-133.2268,55.3818],[-133.2088,55.3842],[-133.1833,55.3794],[-133.1578,55.3719],[-133.0779,55.4104],[-133.1043,55.4269],[-133.1107,55.4329],[-133.1381,55.4584],[-133.1732,55.4793],[-133.1834,55.4922],[-133.1651,55.5024],[-133.1333,55.5025],[-133.1324,55.5136],[-133.1508,55.5154],[-133.1563,55.5159],[-133.1908,55.5308],[-133.19,55.5495],[-133.1896,55.5585],[-133.1566,55.5636],[-133.165,55.5733],[-133.1768,55.5867],[-133.263,55.5688],[-133.276,55.5802],[-133.2942,55.5887],[-133.3869,55.6193],[-133.4382,55.6439],[-133.4389,55.6452],[-133.4525,55.6682],[-133.4297,55.6714],[-133.3945,55.6669],[-133.4042,55.6945],[-133.4273,55.7103],[-133.4165,55.7396],[-133.4386,55.7484],[-133.4914,55.7641],[-133.5126,55.7559],[-133.5097,55.7442],[-133.4965,55.7333],[-133.4941,55.7332],[-133.4909,55.7266],[-133.4893,55.7131],[-133.4924,55.7065],[-133.5274,55.6951],[-133.5545,55.6984],[-133.5833,55.7053],[-133.6251,55.7199],[-133.6433,55.729],[-133.7006,55.7786],[-133.7012,55.7852],[-133.6559,55.8232],[-133.6226,55.831],[-133.556,55.8351],[-133.4662,55.806],[-133.4221,55.7888],[-133.3479,55.8039],[-133.3421,55.8058],[-133.3237,55.8186],[-133.353,55.8373],[-133.3841,55.8768],[-133.447,55.8905],[-133.491,55.8736],[-133.5214,55.8782],[-133.5228,55.8874],[-133.496,55.9131],[-133.5019,55.9493],[-133.4769,56.0041],[-133.4951,56.0171],[-133.541,55.9773],[-133.6381,55.921],[-133.6747,55.9132],[-133.7001,55.8995],[-133.6724,55.881],[-133.6712,55.8632],[-133.6826,55.8504],[-133.6923,55.8551],[-133.7047,55.878],[-133.7188,55.8932],[-133.7999,55.9253],[-133.817,55.9521]],[[-133.7891,55.4579],[-133.7591,55.5374],[-133.7529,55.5443],[-133.733,55.5588],[-133.6156,55.5508],[-133.5843,55.5397],[-133.582,55.5374],[-133.5902,55.5072],[-133.5956,55.5015],[-133.6117,55.4956],[-133.6249,55.4947],[-133.633,55.4917],[-133.6442,55.4708],[-133.6446,55.4647],[-133.6387,55.4589],[-133.6184,55.457],[-133.5737,55.4721],[-133.5441,55.4918],[-133.5423,55.5071],[-133.5291,55.5277],[-133.5256,55.5291],[-133.481,55.5127],[-133.4437,55.5186],[-133.4546,55.5324],[-133.4427,55.553],[-133.4361,55.5609],[-133.4135,55.5704],[-133.3448,55.5693],[-133.3074,55.5422],[-133.2923,55.5397],[-133.2853,55.5353],[-133.2819,55.5245],[-133.2899,55.5019],[-133.3057,55.4841],[-133.359,55.4538],[-133.3736,55.4607],[-133.3912,55.472],[-133.3965,55.4732],[-133.4265,55.4667],[-133.4741,55.4372],[-133.4653,55.4234],[-133.4258,55.4255],[-133.4166,55.4221],[-133.4125,55.4176],[-133.4116,55.4067],[-133.4194,55.3861],[-133.4274,55.3818],[-133.4463,55.3822],[-133.497,55.3682],[-133.5768,55.3248],[-133.5958,55.2938],[-133.6035,55.2717],[-133.6091,55.2415],[-133.6128,55.2397],[-133.6235,55.2426],[-133.6345,55.25],[-133.6902,55.3044],[-133.6909,55.3087],[-133.6892,55.3203],[-133.6722,55.3268],[-133.6477,55.3455],[-133.633,55.3613],[-133.6224,55.3965],[-133.6363,55.4284],[-133.7391,55.4723],[-133.7494,55.4718],[-133.7643,55.4686],[-133.7891,55.4579]],[[-133.7285,55.5931],[-133.7274,55.604],[-133.7145,55.6144],[-133.6977,55.5939],[-133.6927,55.5828],[-133.716,55.5813],[-133.7285,55.5931]],[[-133.6558,55.6256],[-133.6249,55.6455],[-133.6192,55.6738],[-133.6199,55.6977],[-133.6014,55.6925],[-133.5482,55.6719],[-133.5522,55.652],[-133.5458,55.6445],[-133.5717,55.6258],[-133.5947,55.6036],[-133.6228,55.5825],[-133.6556,55.611],[-133.6558,55.6256]],[[-133.5621,54.8693],[-133.5311,54.8687],[-133.5145,54.8398],[-133.5133,54.803],[-133.5016,54.7757],[-133.4962,54.7586],[-133.5087,54.7466],[-133.5485,54.7837],[-133.5497,54.818],[-133.5569,54.8439],[-133.5621,54.8693]],[[-133.3252,55.414],[-133.3187,55.4265],[-133.2931,55.4449],[-133.2431,55.4497],[-133.2318,55.4389],[-133.233,55.43],[-133.2508,55.4098],[-133.2865,55.4021],[-133.3068,55.4009],[-133.3252,55.414]],[[-133.0709,56.3542],[-133.0694,56.3564],[-133.0604,56.3584],[-133.0457,56.3715],[-133.0066,56.4159],[-133.0063,56.4178],[-133.0109,56.4214],[-133.0108,56.4243],[-133.0024,56.4307],[-132.9772,56.4397],[-132.9574,56.449],[-132.9277,56.4569],[-132.8963,56.458],[-132.8719,56.457],[-132.8432,56.4448],[-132.8193,56.4395],[-132.8081,56.4408],[-132.7919,56.4492],[-132.7829,56.4515],[-132.7345,56.4585],[-132.7161,56.4549],[-132.6681,56.4403],[-132.6343,56.4222],[-132.6286,56.4163],[-132.6206,56.3912],[-132.6524,56.3759],[-132.6622,56.3691],[-132.6794,56.3543],[-132.6841,56.3457],[-132.6766,56.3331],[-132.6625,56.3205],[-132.6555,56.3038],[-132.6555,56.2956],[-132.6621,56.2748],[-132.7213,56.2585],[-132.776,56.2546],[-132.8437,56.2389],[-132.8776,56.2403],[-132.9408,56.2735],[-132.9611,56.2962],[-133.0106,56.3095],[-133.0454,56.3208],[-133.0676,56.3336],[-133.0709,56.3542]],[[-133.0255,56.2296],[-133.0056,56.2555],[-132.999,56.2751],[-132.9786,56.2785],[-132.9605,56.2713],[-132.9629,56.2544],[-132.9309,56.2284],[-132.9154,56.2093],[-132.8841,56.1716],[-132.8785,56.1427],[-132.8493,56.1126],[-132.8567,56.1064],[-132.8842,56.1128],[-132.8964,56.0997],[-132.9126,56.1081],[-132.9414,56.1253],[-132.9718,56.1524],[-133.0027,56.1557],[-133.0103,56.174],[-133.0127,56.1863],[-133.0043,56.1972],[-133.0083,56.2078],[-133.0255,56.2296]],[[-132.6527,56.4829],[-132.6492,56.4865],[-132.6153,56.5091],[-132.6069,56.512],[-132.5814,56.5115],[-132.5629,56.5347],[-132.5469,56.5519],[-132.5308,56.5626],[-132.5207,56.562],[-132.5183,56.5561],[-132.5213,56.5412],[-132.5385,56.5132],[-132.5623,56.4918],[-132.573,56.4883],[-132.5766,56.4561],[-132.5861,56.449],[-132.5998,56.449],[-132.651,56.4746],[-132.6527,56.4829]],[[-132.5623,56.3794],[-132.5552,56.4038],[-132.5022,56.4365],[-132.4784,56.4383],[-132.4184,56.4151],[-132.4047,56.4056],[-132.4071,56.3865],[-132.4945,56.355],[-132.5201,56.3538],[-132.5593,56.3651],[-132.5623,56.3794]],[[-132.4899,56.5034],[-132.4763,56.5306],[-132.4751,56.5446],[-132.4483,56.5437],[-132.4407,56.529],[-132.444,56.5193],[-132.4587,56.5114],[-132.4647,56.5021],[-132.4873,56.4971],[-132.4899,56.5034]],[[-131.8706,55.3646],[-131.8543,55.4211],[-131.8523,55.4238],[-131.8332,55.422],[-131.8117,55.414],[-131.8097,55.4126],[-131.8068,55.4052],[-131.7986,55.3994],[-131.7599,55.3818],[-131.7161,55.3496],[-131.6852,55.3335],[-131.6667,55.3275],[-131.6472,55.3061],[-131.6581,55.2925],[-131.6886,55.2821],[-131.6945,55.2237],[-131.7185,55.2001],[-131.7483,55.1286],[-131.7989,55.1624],[-131.8296,55.1919],[-131.8307,55.195],[-131.8284,55.1985],[-131.8508,55.2744],[-131.8622,55.2893],[-131.8706,55.3646]],[[-131.6463,55.0356],[-131.6207,55.0493],[-131.5894,55.0889],[-131.6053,55.1074],[-131.595,55.1255],[-131.5778,55.1311],[-131.5586,55.1255],[-131.5481,55.1431],[-131.5657,55.1554],[-131.5884,55.17],[-131.5985,55.1796],[-131.6074,55.2404],[-131.5891,55.274],[-131.5696,55.2841],[-131.5626,55.284],[-131.5509,55.2809],[-131.5167,55.2616],[-131.4926,55.2577],[-131.4823,55.2541],[-131.4815,55.2444],[-131.4627,55.2234],[-131.4453,55.217],[-131.4305,55.2182],[-131.417,55.2173],[-131.3977,55.2109],[-131.3556,55.1829],[-131.3414,55.1657],[-131.3527,55.1648],[-131.3623,55.1559],[-131.3506,55.067],[-131.3563,55.0412],[-131.3786,55.0173],[-131.3886,55.0122],[-131.485,55.0105],[-131.4989,55.0161],[-131.5076,55.0254],[-131.5084,55.0292],[-131.5321,55.0379],[-131.5799,55.0176],[-131.5901,55.0077],[-131.6057,55.0044],[-131.6156,55.007],[-131.641,55.0266],[-131.6463,55.0356]],[[-131.6219,54.9465],[-131.5849,54.9707],[-131.5292,55.0022],[-131.5044,54.9951],[-131.5001,54.9809],[-131.5204,54.958],[-131.5512,54.9496],[-131.5674,54.9388],[-131.5946,54.9311],[-131.6219,54.9465]],[[-131.4915,54.9304],[-131.4866,54.9504],[-131.4827,54.9527],[-131.4097,54.9712],[-131.2661,54.9988],[-131.2489,54.9972],[-131.246,54.9896],[-131.2574,54.979],[-131.2428,54.9296],[-131.233,54.9268],[-131.2178,54.9274],[-131.1979,54.9215],[-131.1952,54.9198],[-131.1954,54.9182],[-131.2002,54.9102],[-131.2537,54.8668],[-131.266,54.8594],[-131.3532,54.859],[-131.4691,54.9132],[-131.4915,54.9304]],[[-131.2465,55.0729],[-131.2412,55.0925],[-131.2073,55.1122],[-131.1906,55.108],[-131.1746,55.0878],[-131.1758,55.0818],[-131.19,55.067],[-131.1877,55.0473],[-131.19,55.0432],[-131.2132,55.045],[-131.24,55.0616],[-131.2465,55.0729]],[[-124.7332,48.1634],[-124.7317,48.17],[-124.7042,48.1844],[-124.6961,48.1986],[-124.6909,48.2126],[-124.6904,48.2197],[-124.705,48.2388],[-124.7059,48.2399],[-124.6997,48.2458],[-124.6847,48.2552],[-124.6809,48.2653],[-124.6794,48.2753],[-124.6763,48.2951],[-124.6693,48.2964],[-124.6659,48.2993],[-124.6621,48.3104],[-124.6589,48.3311],[-124.6701,48.3413],[-124.6967,48.3497],[-124.7138,48.3663],[-124.727,48.3711],[-124.7309,48.3762],[-124.7318,48.3812],[-124.7258,48.386],[-124.7169,48.3898],[-124.6945,48.389],[-124.6532,48.3907],[-124.6394,48.3855],[-124.6311,48.3765],[-124.6238,48.3691],[-124.6103,48.3667],[-124.5994,48.3705],[-124.5907,48.3736],[-124.5729,48.3662],[-124.5648,48.3679],[-124.5475,48.3546],[-124.5463,48.3536],[-124.5388,48.3499],[-124.5255,48.349],[-124.5106,48.3432],[-124.414,48.3009],[-124.3956,48.2888],[-124.3809,48.2847],[-124.3614,48.2876],[-124.3424,48.2777],[-124.2991,48.2682],[-124.2956,48.263],[-124.2969,48.2618],[-124.2976,48.2607],[-124.2957,48.2593],[-124.272,48.2544],[-124.2658,48.2548],[-124.2551,48.259],[-124.2523,48.261],[-124.2509,48.2648],[-124.2386,48.2625],[-124.2179,48.2533],[-124.1927,48.2463],[-124.1413,48.2274],[-124.111,48.2206],[-124.1018,48.2169],[-124.1072,48.2001],[-124.0907,48.1965],[-124.0721,48.1899],[-124.0507,48.1777],[-123.981,48.1648],[-123.9553,48.1655],[-123.9442,48.1629],[-123.9349,48.1608],[-123.9156,48.1594],[-123.8801,48.1606],[-123.8667,48.1548],[-123.8588,48.1543],[-123.8316,48.1579],[-123.7781,48.1555],[-123.7564,48.1611],[-123.7287,48.1628],[-123.7283,48.1609],[-123.7254,48.1592],[-123.7184,48.1587],[-123.7062,48.1634],[-123.7064,48.1658],[-123.7027,48.1668],[-123.6724,48.1627],[-123.6514,48.157],[-123.637,48.1503],[-123.6411,48.1461],[-123.6288,48.1393],[-123.5908,48.1349],[-123.5742,48.1408],[-123.565,48.1475],[-123.5606,48.1507],[-123.5511,48.1514],[-123.5349,48.1458],[-123.5223,48.1355],[-123.5203,48.135],[-123.5072,48.1318],[-123.4734,48.1341],[-123.4555,48.14],[-123.4401,48.142],[-123.4391,48.1413],[-123.442,48.1243],[-123.4379,48.1228],[-123.4301,48.12],[-123.4247,48.1181],[-123.4155,48.1169],[-123.4057,48.1156],[-123.395,48.1142],[-123.3609,48.1159],[-123.344,48.1141],[-123.3327,48.113],[-123.3146,48.1137],[-123.2896,48.1207],[-123.2883,48.121],[-123.2802,48.1173],[-123.2689,48.1161],[-123.2486,48.1157],[-123.2391,48.1182],[-123.2172,48.1272],[-123.1945,48.1419],[-123.1915,48.1438],[-123.1644,48.1659],[-123.1448,48.1759],[-123.1334,48.1773],[-123.1324,48.1747],[-123.1393,48.1665],[-123.1432,48.1566],[-123.1376,48.1548],[-123.1314,48.1527],[-123.1248,48.1535],[-123.1165,48.1502],[-123.0852,48.1271],[-123.0662,48.1205],[-123.0504,48.1028],[-123.0398,48.0831],[-123.0391,48.0818],[-123.0387,48.0811],[-123.0167,48.0854],[-123.0041,48.0905],[-122.9794,48.0959],[-122.9461,48.0986],[-122.9291,48.0962],[-122.9179,48.0915],[-122.9209,48.0882],[-122.9266,48.0741],[-122.928,48.0666],[-122.9272,48.0653],[-122.9269,48.0646],[-122.9186,48.0582],[-122.8776,48.047],[-122.861,48.0213],[-122.8758,47.996],[-122.8509,47.9959],[-122.8395,48.0018],[-122.8319,48.0194],[-122.8275,48.0468],[-122.846,48.0528],[-122.8493,48.0538],[-122.8577,48.0658],[-122.8783,48.0761],[-122.882,48.1008],[-122.8763,48.1109],[-122.8332,48.1344],[-122.8218,48.1364],[-122.7926,48.1415],[-122.7841,48.143],[-122.7604,48.1432],[-122.7489,48.117],[-122.7541,48.1149],[-122.7732,48.1069],[-122.7785,48.1061],[-122.7813,48.1044],[-122.7929,48.0972],[-122.7985,48.0925],[-122.8014,48.0876],[-122.7706,48.0534],[-122.7706,48.0528],[-122.7705,48.0479],[-122.7666,48.0443],[-122.7423,48.0493],[-122.74,48.0541],[-122.7393,48.0692],[-122.7412,48.071],[-122.7474,48.0708],[-122.7483,48.0721],[-122.7333,48.0912],[-122.7186,48.0976],[-122.6985,48.1031],[-122.6872,48.1017],[-122.6916,48.0967],[-122.6922,48.0871],[-122.6823,48.0427],[-122.6772,48.0363],[-122.6689,48.032],[-122.6699,48.0172],[-122.6869,48.0083],[-122.6901,48.0084],[-122.6972,48.015],[-122.7018,48.0161],[-122.7104,48.0129],[-122.7234,48.0081],[-122.7181,47.9877],[-122.7013,47.973],[-122.6832,47.9722],[-122.6788,47.9679],[-122.6762,47.9587],[-122.6847,47.944],[-122.6845,47.9396],[-122.6819,47.9364],[-122.6691,47.9327],[-122.6624,47.9307],[-122.6577,47.9312],[-122.6511,47.921],[-122.654,47.9159],[-122.6551,47.9051],[-122.6465,47.8948],[-122.6374,47.8899],[-122.6189,47.8902],[-122.6103,47.8873],[-122.6319,47.8748],[-122.6339,47.8684],[-122.6364,47.8662],[-122.6501,47.8639],[-122.6664,47.8675],[-122.6938,47.868],[-122.691,47.8601],[-122.6816,47.8504],[-122.6837,47.8388],[-122.6886,47.8314],[-122.7196,47.813],[-122.732,47.8097],[-122.74,47.8051],[-122.7481,47.8005],[-122.7505,47.774],[-122.7579,47.7577],[-122.7585,47.746],[-122.7817,47.7039],[-122.8119,47.6799],[-122.8321,47.6955],[-122.7906,47.7926],[-122.8126,47.84],[-122.8202,47.8359],[-122.815,47.8075],[-122.8456,47.7775],[-122.849,47.7719],[-122.8805,47.7206],[-122.8965,47.6748],[-122.9724,47.6149],[-122.9795,47.6067],[-123.1065,47.4582],[-123.156,47.3557],[-123.1402,47.3475],[-123.1263,47.3548],[-123.1113,47.3626],[-123.0721,47.3516],[-123.0303,47.3509],[-122.9839,47.3746],[-122.9388,47.3833],[-122.9114,47.3891],[-122.9021,47.3952],[-122.8779,47.411],[-122.8724,47.4235],[-122.873,47.4235],[-122.9012,47.4216],[-122.9086,47.4178],[-122.9167,47.4137],[-122.9775,47.3962],[-123.0132,47.3786],[-123.0569,47.3685],[-123.0856,47.3748],[-123.1155,47.3761],[-123.1202,47.3915],[-123.0339,47.497],[-123.0164,47.5203],[-122.9673,47.5857],[-122.9624,47.5891],[-122.9238,47.6161],[-122.9171,47.6207],[-122.8589,47.6485],[-122.8566,47.6496],[-122.8045,47.6534],[-122.7875,47.6595],[-122.7542,47.6716],[-122.7437,47.72],[-122.7402,47.7362],[-122.733,47.7376],[-122.7227,47.7488],[-122.7197,47.761],[-122.7148,47.7682],[-122.7054,47.7722],[-122.6906,47.7784],[-122.6841,47.7986],[-122.682,47.8009],[-122.6581,47.818],[-122.6481,47.8251],[-122.6232,47.8362],[-122.6146,47.8508],[-122.6081,47.8567],[-122.5779,47.8575],[-122.5737,47.8576],[-122.5731,47.8741],[-122.5863,47.902],[-122.5882,47.9129],[-122.5962,47.9202],[-122.6167,47.9251],[-122.6203,47.9316],[-122.617,47.939],[-122.612,47.9408],[-122.6039,47.9405],[-122.5789,47.9258],[-122.5491,47.9191],[-122.5355,47.9108],[-122.5276,47.9059],[-122.514,47.8808],[-122.5128,47.8639],[-122.5061,47.8317],[-122.5022,47.8264],[-122.4825,47.8155],[-122.4824,47.8093],[-122.4852,47.8041],[-122.4953,47.797],[-122.4955,47.7867],[-122.4714,47.766],[-122.4703,47.7571],[-122.4718,47.7498],[-122.4771,47.7462],[-122.4773,47.746],[-122.4885,47.7436],[-122.5076,47.743],[-122.5152,47.7439],[-122.5193,47.7462],[-122.5373,47.7471],[-122.5545,47.7457],[-122.5478,47.7252],[-122.5432,47.7109],[-122.5309,47.7048],[-122.5259,47.7051],[-122.524,47.708],[-122.5112,47.7087],[-122.5046,47.6991],[-122.5045,47.6859],[-122.5087,47.6708],[-122.5183,47.6513],[-122.5181,47.6512],[-122.5021,47.6391],[-122.4932,47.6351],[-122.4928,47.6296],[-122.4945,47.6236],[-122.4979,47.6203],[-122.5004,47.6178],[-122.4982,47.5982],[-122.4939,47.589],[-122.4838,47.5867],[-122.4791,47.5837],[-122.5037,47.5752],[-122.5184,47.5741],[-122.5299,47.5684],[-122.5347,47.5661],[-122.5431,47.5563],[-122.5424,47.5378],[-122.5472,47.5283],[-122.5466,47.5235],[-122.5462,47.5235],[-122.5329,47.5222],[-122.523,47.524],[-122.5005,47.5153],[-122.4949,47.5103],[-122.5305,47.469],[-122.5307,47.4626],[-122.5319,47.4288],[-122.537,47.4197],[-122.5461,47.4034],[-122.5511,47.3945],[-122.537,47.3759],[-122.5515,47.3595],[-122.5558,47.3475],[-122.5713,47.3272],[-122.5754,47.3265],[-122.576,47.3264],[-122.5737,47.3184],[-122.5718,47.3162],[-122.5712,47.3156],[-122.5501,47.2905],[-122.5475,47.2853],[-122.5582,47.2747],[-122.5782,47.2548],[-122.5798,47.2522],[-122.5889,47.2371],[-122.5905,47.2278],[-122.6025,47.2175],[-122.6142,47.2209],[-122.627,47.2356],[-122.6686,47.2704],[-122.6776,47.2741],[-122.6924,47.28],[-122.6974,47.284],[-122.6755,47.334],[-122.6713,47.3438],[-122.6348,47.3706],[-122.6325,47.3764],[-122.6342,47.3768],[-122.6391,47.3778],[-122.6715,47.3669],[-122.6872,47.3563],[-122.7257,47.3305],[-122.7453,47.2972],[-122.7496,47.2767],[-122.7496,47.2764],[-122.7181,47.25],[-122.7248,47.2359],[-122.7087,47.232],[-122.7046,47.231],[-122.6852,47.2324],[-122.6799,47.2312],[-122.6675,47.2234],[-122.6596,47.2193],[-122.6487,47.2156],[-122.6418,47.205],[-122.6443,47.1996],[-122.6573,47.1935],[-122.6777,47.1911],[-122.6798,47.1796],[-122.6739,47.1747],[-122.6734,47.1499],[-122.6755,47.142],[-122.6842,47.1399],[-122.693,47.1307],[-122.6947,47.1259],[-122.7024,47.1239],[-122.712,47.1277],[-122.7222,47.1371],[-122.7429,47.1515],[-122.7506,47.1569],[-122.7638,47.1661],[-122.7716,47.1671],[-122.8328,47.2434],[-122.8397,47.2527],[-122.8433,47.2575],[-122.8423,47.2676],[-122.8337,47.2738],[-122.8166,47.2765],[-122.799,47.2893],[-122.7966,47.3417],[-122.7976,47.3434],[-122.8028,47.3534],[-122.8046,47.3568],[-122.8175,47.3615],[-122.8219,47.3631],[-122.8252,47.3534],[-122.8197,47.328],[-122.8223,47.3198],[-122.8366,47.3068],[-122.8459,47.2984],[-122.8637,47.2702],[-122.8562,47.2338],[-122.8383,47.2084],[-122.859,47.1674],[-122.8599,47.1656],[-122.852,47.1644],[-122.8414,47.1686],[-122.8261,47.1747],[-122.8142,47.1795],[-122.7843,47.1364],[-122.7751,47.1231],[-122.7247,47.1044],[-122.7214,47.1032],[-122.6937,47.1036],[-122.6781,47.1039],[-122.6506,47.1324],[-122.6451,47.1351],[-122.6435,47.1352],[-122.6362,47.1356],[-122.6384,47.1423],[-122.6406,47.1491],[-122.6359,47.164],[-122.6311,47.1677],[-122.6149,47.1691],[-122.6053,47.1727],[-122.5908,47.1781],[-122.5903,47.1799],[-122.5897,47.1817],[-122.5879,47.1874],[-122.5805,47.2104],[-122.5751,47.2202],[-122.562,47.2441],[-122.5606,47.246],[-122.5593,47.2478],[-122.559,47.2481],[-122.5568,47.2512],[-122.5466,47.2653],[-122.5386,47.2764],[-122.5283,47.2905],[-122.5276,47.2915],[-122.5477,47.3164],[-122.5474,47.3177],[-122.5402,47.3185],[-122.5333,47.3166],[-122.4989,47.2947],[-122.4773,47.2809],[-122.4717,47.2773],[-122.4653,47.2749],[-122.4516,47.2696],[-122.4487,47.2685],[-122.4442,47.2667],[-122.4296,47.2697],[-122.4181,47.2818],[-122.4092,47.2886],[-122.4137,47.2939],[-122.4242,47.2975],[-122.4323,47.296],[-122.4446,47.3004],[-122.443,47.3063],[-122.4235,47.3191],[-122.418,47.3207],[-122.4059,47.3241],[-122.3823,47.3308],[-122.381,47.3312],[-122.3801,47.3314],[-122.3642,47.336],[-122.3467,47.3395],[-122.3369,47.3414],[-122.3248,47.3485],[-122.3253,47.3721],[-122.3257,47.3915],[-122.3276,47.3979],[-122.3284,47.4006],[-122.3318,47.4045],[-122.3326,47.4054],[-122.3352,47.4084],[-122.348,47.4159],[-122.3512,47.4231],[-122.3512,47.4308],[-122.3551,47.4419],[-122.3619,47.4452],[-122.367,47.4476],[-122.3831,47.4505],[-122.368,47.4592],[-122.3667,47.4637],[-122.3613,47.4814],[-122.3652,47.4884],[-122.3766,47.4957],[-122.3866,47.5022],[-122.3965,47.5152],[-122.3952,47.5202],[-122.3939,47.5248],[-122.3941,47.5258],[-122.3966,47.5399],[-122.3983,47.5501],[-122.4049,47.5608],[-122.4098,47.5689],[-122.4211,47.576],[-122.4018,47.5839],[-122.3871,47.5957],[-122.3761,47.5858],[-122.3754,47.5852],[-122.3702,47.5831],[-122.3582,47.5848],[-122.3443,47.5906],[-122.3429,47.5912],[-122.3395,47.5991],[-122.3396,47.5992],[-122.3412,47.6022],[-122.3423,47.6043],[-122.3449,47.6091],[-122.3463,47.61],[-122.3509,47.613],[-122.3593,47.6186],[-122.3595,47.6187],[-122.3678,47.6242],[-122.386,47.6317],[-122.3897,47.6314],[-122.3937,47.631],[-122.4042,47.6339],[-122.4146,47.6398],[-122.423,47.6503],[-122.4298,47.6589],[-122.4131,47.675],[-122.4078,47.6801],[-122.405,47.6867],[-122.4038,47.6894],[-122.4009,47.6928],[-122.3932,47.7016],[-122.3921,47.7023],[-122.3808,47.7089],[-122.3804,47.7091],[-122.3787,47.7123],[-122.3764,47.7165],[-122.3731,47.7292],[-122.3755,47.7342],[-122.3826,47.7491],[-122.3802,47.7585],[-122.3853,47.7634],[-122.3944,47.7722],[-122.3964,47.7779],[-122.397,47.7797],[-122.3949,47.8033],[-122.392,47.8077],[-122.3803,47.8177],[-122.3607,47.8343],[-122.3532,47.8406],[-122.3465,47.8424],[-122.3399,47.8467],[-122.3359,47.8523],[-122.3331,47.8599],[-122.3314,47.8646],[-122.3295,47.8694],[-122.3301,47.8753],[-122.3329,47.8793],[-122.3335,47.8802],[-122.3285,47.8979],[-122.3276,47.8999],[-122.3218,47.9118],[-122.3119,47.9237],[-122.3107,47.9251],[-122.3097,47.9291],[-122.3111,47.9367],[-122.307,47.9491],[-122.2911,47.9532],[-122.278,47.9565],[-122.2597,47.9584],[-122.249,47.9595],[-122.2313,47.9701],[-122.23,47.9709],[-122.2263,47.9764],[-122.2288,47.981],[-122.2321,47.9872],[-122.2324,47.9877],[-122.2302,48.0072],[-122.2288,48.0125],[-122.225,48.0166],[-122.2258,48.0182],[-122.2307,48.0278],[-122.2318,48.0299],[-122.2811,48.0498],[-122.2883,48.0567],[-122.3058,48.0734],[-122.3217,48.0855],[-122.3261,48.0929],[-122.3432,48.0976],[-122.3634,48.1233],[-122.3638,48.1239],[-122.3651,48.1258],[-122.3638,48.1428],[-122.3647,48.1513],[-122.3701,48.1645],[-122.3703,48.1648],[-122.3635,48.1744],[-122.362,48.1876],[-122.3725,48.193],[-122.3821,48.2071],[-122.3857,48.2178],[-122.3954,48.2285],[-122.3961,48.2292],[-122.4256,48.2329],[-122.4306,48.2362],[-122.4338,48.2365],[-122.4496,48.2326],[-122.4537,48.2289],[-122.4536,48.2268],[-122.4495,48.2147],[-122.4445,48.2145],[-122.4417,48.2118],[-122.4421,48.2093],[-122.4549,48.1966],[-122.4619,48.1931],[-122.4648,48.1948],[-122.4702,48.194],[-122.4785,48.1881],[-122.479,48.1757],[-122.4783,48.1737],[-122.4767,48.1692],[-122.4758,48.1668],[-122.4424,48.1308],[-122.4116,48.1132],[-122.3795,48.0874],[-122.3603,48.0615],[-122.3584,48.0561],[-122.3631,48.0545],[-122.3771,48.0576],[-122.3877,48.0652],[-122.3908,48.0695],[-122.3934,48.0785],[-122.4007,48.0853],[-122.4237,48.1029],[-122.4497,48.114],[-122.4675,48.1304],[-122.478,48.129],[-122.4867,48.121],[-122.49,48.1206],[-122.512,48.1339],[-122.5142,48.1397],[-122.5226,48.1617],[-122.5372,48.1837],[-122.5383,48.1999],[-122.5389,48.2097],[-122.5344,48.223],[-122.5352,48.2402],[-122.531,48.2498],[-122.5038,48.257],[-122.4996,48.2566],[-122.4977,48.2534],[-122.4934,48.252],[-122.4837,48.2518],[-122.4809,48.2517],[-122.4745,48.2552],[-122.4668,48.2696],[-122.464,48.2705],[-122.4065,48.2516],[-122.3953,48.2572],[-122.3921,48.2696],[-122.3717,48.2878],[-122.3768,48.2961],[-122.3843,48.3041],[-122.4087,48.3264],[-122.4241,48.3343],[-122.4427,48.3379],[-122.4755,48.3599],[-122.4786,48.3607],[-122.4824,48.3617],[-122.4921,48.3618],[-122.4977,48.3618],[-122.5074,48.3647],[-122.5291,48.3802],[-122.5335,48.3834],[-122.5394,48.3972],[-122.5475,48.3999],[-122.5545,48.406],[-122.5584,48.4268],[-122.5512,48.4395],[-122.5544,48.4421],[-122.5573,48.4444],[-122.5683,48.445],[-122.5753,48.4433],[-122.5816,48.4292],[-122.6127,48.4183],[-122.6548,48.4111],[-122.6653,48.4165],[-122.6742,48.4247],[-122.6789,48.4395],[-122.6771,48.4441],[-122.6742,48.4433],[-122.6741,48.442],[-122.6672,48.4425],[-122.6548,48.4541],[-122.6575,48.4715],[-122.6578,48.4729],[-122.6646,48.4781],[-122.6704,48.4778],[-122.6854,48.477],[-122.6891,48.4768],[-122.6957,48.4648],[-122.6956,48.4606],[-122.7006,48.4576],[-122.7104,48.4616],[-122.7123,48.4641],[-122.713,48.4788],[-122.7081,48.4869],[-122.7016,48.4976],[-122.6845,48.5091],[-122.6791,48.5078],[-122.6782,48.5065],[-122.6769,48.5045],[-122.6714,48.504],[-122.6365,48.5148],[-122.6155,48.5213],[-122.6152,48.5214],[-122.607,48.5222],[-122.6,48.5209],[-122.5985,48.5122],[-122.5868,48.4966],[-122.5857,48.4966],[-122.5568,48.4962],[-122.5374,48.4667],[-122.5328,48.4661],[-122.5279,48.4677],[-122.5269,48.468],[-122.5151,48.4656],[-122.5113,48.4618],[-122.5007,48.4609],[-122.4718,48.4707],[-122.4696,48.4722],[-122.4697,48.475],[-122.4738,48.4798],[-122.4789,48.4817],[-122.4835,48.4924],[-122.485,48.5096],[-122.484,48.52],[-122.4839,48.5219],[-122.4853,48.5281],[-122.4985,48.5562],[-122.5044,48.5648],[-122.5254,48.5673],[-122.532,48.5686],[-122.5347,48.5742],[-122.5348,48.576],[-122.5124,48.5781],[-122.4959,48.5759],[-122.4884,48.5647],[-122.4824,48.5597],[-122.4784,48.5593],[-122.4549,48.5668],[-122.4446,48.5701],[-122.4331,48.5816],[-122.4253,48.5995],[-122.4487,48.6226],[-122.4643,48.6257],[-122.4869,48.6431],[-122.4888,48.6454],[-122.494,48.6516],[-122.5003,48.6562],[-122.5067,48.6697],[-122.5106,48.6831],[-122.5192,48.7131],[-122.5155,48.721],[-122.5057,48.7245],[-122.505,48.7253],[-122.4953,48.7373],[-122.4928,48.7445],[-122.4913,48.7487],[-122.4904,48.7511],[-122.4961,48.753],[-122.5109,48.7577],[-122.5117,48.7582],[-122.5282,48.7684],[-122.5303,48.7706],[-122.5358,48.7761],[-122.5675,48.7792],[-122.5731,48.7777],[-122.5968,48.7715],[-122.598,48.7695],[-122.6068,48.7591],[-122.6278,48.7447],[-122.6371,48.7357],[-122.6381,48.7325],[-122.6263,48.7209],[-122.6126,48.7149],[-122.6057,48.7011],[-122.6061,48.6986],[-122.6152,48.6938],[-122.6203,48.6937],[-122.6304,48.6966],[-122.6463,48.708],[-122.6735,48.7331],[-122.667,48.7484],[-122.6611,48.754],[-122.6474,48.774],[-122.6457,48.7815],[-122.6468,48.785],[-122.6565,48.785],[-122.6597,48.7865],[-122.6642,48.7901],[-122.6802,48.8028],[-122.6937,48.8045],[-122.6972,48.8028],[-122.6987,48.8005],[-122.6995,48.7949],[-122.6993,48.7891],[-122.7031,48.7863],[-122.7098,48.7862],[-122.7112,48.7915],[-122.7092,48.8178],[-122.7095,48.8195],[-122.7118,48.8324],[-122.7171,48.8472],[-122.7227,48.8529],[-122.7857,48.8851],[-122.7932,48.8929],[-122.7926,48.8947],[-122.7837,48.8946],[-122.7696,48.9019],[-122.7513,48.9112],[-122.7475,48.9156],[-122.7454,48.9212],[-122.7466,48.9307],[-122.7494,48.9332],[-122.7556,48.9387],[-122.7648,48.9415],[-122.7661,48.942],[-122.7704,48.9425],[-122.7875,48.9317],[-122.8182,48.9391],[-122.8216,48.9414],[-122.8225,48.9449],[-122.8172,48.956],[-122.7969,48.975],[-122.7743,48.991],[-122.7686,48.9915],[-122.7663,48.9917],[-122.7563,48.9969],[-122.756,48.9995],[-122.758,49.0024],[-122.7353,49.0023],[-122.5507,49.0023],[-122.4628,49.0022],[-122.406,49.0022],[-122.2511,49.0025],[-122.1366,49.0022],[-122.0984,49.0021],[-121.9495,49.0001],[-121.7513,48.9974],[-121.3955,48.9999],[-121.3453,49.0008],[-121.2569,49.0001],[-121.2512,49.0002],[-121.2489,49.0009],[-121.2299,49.0012],[-121.1262,49.0014],[-121.06,49.0006],[-120.979,49.0004],[-120.8516,49.0003],[-120.7166,49.0002],[-120.3762,49.0007],[-120.0012,48.9994],[-119.9193,49.0001],[-119.8762,49.0004],[-119.702,49.0003],[-118.8366,49.0003],[-118.1974,49.0004],[-118.002,49.0004],[-118.0011,48.9999],[-117.8844,48.9999],[-117.8761,49.0005],[-117.6309,49.0008],[-117.6073,49.0008],[-117.43,49.0004],[-117.2682,48.9999],[-117.2682,48.9998],[-117.1261,48.9989],[-117.0324,48.9992],[-116.7572,48.9998],[-116.7572,48.9999],[-116.5042,49.0001],[-116.4175,49.0001],[-116.376,49.0005],[-116.3691,49.0011],[-116.0491,49.0008],[-115.876,49.001],[-115.6498,49.0008],[-115.4123,49.0002],[-115.1707,48.9997],[-115.1298,48.9996],[-115.0558,48.9998],[-114.9316,49],[-114.7271,49.0005],[-114.727,49.0005],[-114.6033,49.0009],[-114.4385,49.0011],[-114.3099,49.0008],[-114.2322,49.0002],[-114.0682,48.9989],[-113.77,48.9979],[-113.6091,48.9978],[-113.3568,48.9978],[-113.1155,48.9983],[-112.9202,48.9986],[-112.7587,48.9986],[-112.5686,48.9987],[-112.4101,48.9986],[-112.365,48.9986],[-112.1934,48.9985],[-112.0036,48.9986],[-111.8361,48.998],[-111.7206,48.9973],[-111.5555,48.9967],[-111.3771,48.997],[-111.2699,48.9972],[-111.0039,48.9975],[-110.8875,48.9981],[-110.8867,48.9981],[-110.7431,48.9986],[-110.5769,48.9988],[-110.5441,48.9989],[-110.3635,48.9991],[-110.0313,48.9996],[-109.6702,49],[-109.4895,49.0003],[-109.2404,49.0001],[-109.1119,48.9996],[-108.9982,48.9991],[-108.8751,48.9992],[-108.6257,48.9991],[-108.389,48.9993],[-108.2364,48.9996],[-108.0769,48.9996],[-107.7449,48.9998],[-107.4156,48.9995],[-107.3556,49.0002],[-107.1798,49.0001],[-106.9626,49],[-106.6578,48.9999],[-106.4744,48.9997],[-106.2455,48.9995],[-106.1121,48.9995],[-106.0503,48.9994],[-105.8181,48.9996],[-105.6336,48.9997],[-105.4213,48.9995],[-105.2311,48.9992],[-105.0576,48.999],[-104.882,48.9988],[-104.6076,48.9987],[-104.366,48.9991],[-104.3048,48.9992],[-104.0487,48.9996],[-104.0205,48.9995],[-103.9809,48.9996],[-103.9694,48.9995],[-103.8523,48.9996],[-103.8069,48.9993],[-103.6434,48.9994],[-103.5,48.9993],[-103.3765,48.9989],[-103.3566,48.9995],[-102.9399,48.9993],[-102.939,48.9993],[-102.6776,48.9991],[-102.3725,48.9987],[-102.2181,48.9985],[-102.1967,48.9985],[-102.0222,48.999],[-102.0212,48.999],[-101.7602,48.9991],[-101.4978,48.9994],[-101.4966,48.9994],[-101.4578,48.9993],[-101.2515,48.9993],[-101.2067,48.9992],[-101.1265,48.999],[-100.9583,48.9994],[-100.919,48.9995],[-100.8204,48.9993],[-100.434,48.9994],[-100.4317,48.9994],[-100.1826,48.9993],[-100.1664,48.9992],[-99.7238,48.9991],[-99.6585,48.9991],[-99.5268,48.9993],[-99.5258,48.9993],[-99.2638,48.9995],[-99.0104,48.9998],[-99.0004,49],[-98.9998,49],[-98.4887,49.0003],[-97.9513,49.0004],[-97.95,49.0004],[-97.5569,49.0005],[-97.4123,49.0005],[-97.2287,49.0006],[-96.8426,49],[-96.8003,49],[-96.4054,48.9999],[-96.1092,49],[-95.7664,48.9995],[-95.748,48.9995],[-95.5165,48.9993],[-95.3199,48.9988],[-95.1537,48.9989],[-95.1533,49.1849],[-95.1534,49.25],[-95.1533,49.3057],[-95.1533,49.3437],[-95.1534,49.3544],[-95.1533,49.3659],[-95.1533,49.3691],[-95.1534,49.3831],[-95.1533,49.3844],[-95.1502,49.383],[-95.1497,49.3806],[-95.1453,49.3783],[-95.1418,49.3783],[-95.1265,49.3694],[-95.1159,49.3665],[-95.1095,49.3663],[-95.1051,49.365],[-95.1028,49.3636],[-95.0898,49.3611],[-95.0584,49.3532],[-95.0494,49.3531],[-95.0144,49.3564],[-94.9889,49.3689],[-94.9743,49.3677],[-94.9575,49.3702],[-94.9521,49.3687],[-94.9093,49.3502],[-94.907,49.3485],[-94.8785,49.3332],[-94.8542,49.3242],[-94.8369,49.3241],[-94.8162,49.321],[-94.8243,49.3088],[-94.8252,49.2943],[-94.7972,49.2143],[-94.7975,49.1978],[-94.7742,49.125],[-94.7732,49.1207],[-94.7502,49.0998],[-94.7189,49],[-94.6831,48.8839],[-94.6831,48.8834],[-94.6842,48.8724],[-94.6925,48.869],[-94.6903,48.8637],[-94.6902,48.8634],[-94.693,48.8534],[-94.6857,48.8401],[-94.6971,48.8357],[-94.702,48.8318],[-94.7043,48.8243],[-94.695,48.8092],[-94.696,48.7998],[-94.6948,48.7927],[-94.6943,48.7894],[-94.6909,48.7781],[-94.6909,48.778],[-94.688,48.7759],[-94.6728,48.7693],[-94.6671,48.7661],[-94.6601,48.7603],[-94.6518,48.7559],[-94.6452,48.75],[-94.6463,48.75],[-94.6452,48.749],[-94.6451,48.7441],[-94.6408,48.7412],[-94.619,48.7374],[-94.6105,48.7319],[-94.6014,48.7284],[-94.5959,48.7242],[-94.591,48.7195],[-94.5872,48.7176],[-94.5684,48.7155],[-94.5558,48.7162],[-94.5491,48.7147],[-94.5455,48.7122],[-94.5384,48.7028],[-94.5331,48.7013],[-94.5246,48.7016],[-94.5089,48.7004],[-94.5002,48.6982],[-94.4865,48.6981],[-94.4729,48.6968],[-94.4645,48.6955],[-94.4523,48.6924],[-94.4466,48.6929],[-94.4387,48.6949],[-94.4303,48.701],[-94.4242,48.7054],[-94.4214,48.7088],[-94.4189,48.7102],[-94.4162,48.7109],[-94.4063,48.7105],[-94.3888,48.7119],[-94.3842,48.7118],[-94.3782,48.7103],[-94.3686,48.7064],[-94.353,48.7041],[-94.3428,48.7034],[-94.3284,48.7045],[-94.3084,48.7102],[-94.2907,48.7077],[-94.2818,48.7053],[-94.2743,48.6999],[-94.2645,48.6989],[-94.2605,48.6964],[-94.2581,48.6918],[-94.2528,48.6863],[-94.2512,48.6835],[-94.2506,48.6782],[-94.2546,48.6639],[-94.2546,48.6614],[-94.2505,48.6567],[-94.2502,48.6563],[-94.2468,48.6542],[-94.2444,48.6534],[-94.2336,48.6523],[-94.2243,48.6495],[-94.2144,48.6494],[-94.1995,48.651],[-94.1886,48.6504],[-94.1677,48.6481],[-94.1574,48.6458],[-94.1387,48.6457],[-94.1263,48.6444],[-94.11,48.6442],[-94.0999,48.6459],[-94.0912,48.6437],[-94.0767,48.6442],[-94.0714,48.6459],[-94.0658,48.6461],[-94.0642,48.6437],[-94.0603,48.6431],[-94.0525,48.644],[-94.0432,48.6434],[-94.0356,48.641],[-94.0295,48.6409],[-94.0069,48.6432],[-94.0007,48.6428],[-93.9901,48.6397],[-93.9765,48.6376],[-93.9634,48.6372],[-93.9606,48.6365],[-93.9544,48.6337],[-93.9442,48.6323],[-93.927,48.6312],[-93.9166,48.6322],[-93.9155,48.6327],[-93.9144,48.6343],[-93.9115,48.6347],[-93.8869,48.6308],[-93.8516,48.6301],[-93.844,48.6294],[-93.8408,48.6285],[-93.8374,48.6271],[-93.8343,48.625],[-93.828,48.613],[-93.8241,48.6107],[-93.8226,48.6091],[-93.8201,48.6038],[-93.8185,48.5953],[-93.812,48.5849],[-93.808,48.5803],[-93.8068,48.5776],[-93.8053,48.5703],[-93.8054,48.5684],[-93.8067,48.5618],[-93.809,48.5559],[-93.8121,48.5507],[-93.8123,48.5491],[-93.8113,48.5455],[-93.8112,48.5424],[-93.8122,48.5405],[-93.8176,48.5358],[-93.8184,48.5344],[-93.8189,48.5327],[-93.8183,48.53],[-93.8152,48.5265],[-93.8121,48.5248],[-93.8015,48.5206],[-93.7974,48.5184],[-93.7945,48.516],[-93.7847,48.5155],[-93.7717,48.5158],[-93.7632,48.5161],[-93.7565,48.5154],[-93.7529,48.5151],[-93.7418,48.5173],[-93.7321,48.518],[-93.7237,48.5173],[-93.7091,48.518],[-93.7033,48.5171],[-93.6947,48.5148],[-93.6909,48.5146],[-93.6746,48.5163],[-93.6567,48.5157],[-93.6454,48.5173],[-93.6431,48.5183],[-93.6414,48.5192],[-93.6382,48.5225],[-93.6355,48.5277],[-93.6323,48.5301],[-93.6289,48.5312],[-93.6264,48.531],[-93.6223,48.5265],[-93.6183,48.524],[-93.6128,48.5219],[-93.6106,48.5217],[-93.6059,48.5225],[-93.6038,48.5233],[-93.5982,48.5272],[-93.5944,48.5288],[-93.588,48.5289],[-93.5807,48.5267],[-93.5783,48.5265],[-93.5621,48.5289],[-93.5472,48.5287],[-93.5404,48.5299],[-93.5321,48.5325],[-93.5187,48.534],[-93.5155,48.5348],[-93.5002,48.5412],[-93.483,48.543],[-93.4815,48.5431],[-93.4675,48.5457],[-93.4654,48.5467],[-93.4608,48.5506],[-93.4582,48.5553],[-93.4567,48.5618],[-93.457,48.5672],[-93.4617,48.574],[-93.466,48.5873],[-93.4652,48.5907],[-93.4643,48.5918],[-93.4385,48.5934],[-93.4341,48.5951],[-93.4283,48.5998],[-93.4255,48.6013],[-93.4147,48.6054],[-93.414,48.6056],[-93.4086,48.6084],[-93.4053,48.6093],[-93.4042,48.6094],[-93.4037,48.6076],[-93.399,48.6039],[-93.395,48.6033],[-93.3838,48.6051],[-93.3712,48.6051],[-93.3677,48.607],[-93.367,48.6083],[-93.3621,48.6138],[-93.3564,48.6118],[-93.3554,48.6116],[-93.3541,48.6123],[-93.3532,48.6134],[-93.3532,48.6149],[-93.3531,48.6157],[-93.3491,48.6249],[-93.3482,48.6264],[-93.3475,48.6266],[-93.2549,48.6428],[-93.2074,48.6425],[-93.1841,48.6284],[-93.18,48.6249],[-93.1781,48.6233],[-93.1424,48.6249],[-93.0886,48.6276],[-93.0884,48.6276],[-92.985,48.6237],[-92.9549,48.6315],[-92.9501,48.6304],[-92.9498,48.6083],[-92.9296,48.6069],[-92.9099,48.5963],[-92.8947,48.5949],[-92.728,48.5393],[-92.6579,48.5463],[-92.6349,48.5429],[-92.6278,48.5222],[-92.6257,48.5182],[-92.6255,48.5175],[-92.6266,48.5144],[-92.6264,48.5136],[-92.6252,48.513],[-92.6254,48.5129],[-92.6311,48.5083],[-92.6311,48.5081],[-92.6315,48.5068],[-92.6291,48.5053],[-92.6272,48.5034],[-92.6306,48.5009],[-92.6367,48.4994],[-92.6471,48.4999],[-92.654,48.5016],[-92.6614,48.4966],[-92.6849,48.4976],[-92.6988,48.4949],[-92.7013,48.4846],[-92.7093,48.4731],[-92.7086,48.4703],[-92.7126,48.463],[-92.688,48.4439],[-92.6633,48.4402],[-92.656,48.4367],[-92.5756,48.4408],[-92.5372,48.4477],[-92.5149,48.4483],[-92.5073,48.4479],[-92.4921,48.4337],[-92.4892,48.4303],[-92.4841,48.4295],[-92.4821,48.4287],[-92.4808,48.4266],[-92.4812,48.4253],[-92.4756,48.4188],[-92.4563,48.4142],[-92.4564,48.4011],[-92.4767,48.3718],[-92.4699,48.3518],[-92.4585,48.3361],[-92.4537,48.3295],[-92.4413,48.3156],[-92.4378,48.3098],[-92.432,48.3051],[-92.4289,48.3058],[-92.4261,48.3045],[-92.4163,48.2955],[-92.4067,48.2794],[-92.3976,48.2655],[-92.3938,48.2606],[-92.3893,48.2533],[-92.387,48.2493],[-92.3881,48.2467],[-92.3872,48.2446],[-92.3864,48.2442],[-92.3839,48.2447],[-92.3844,48.2429],[-92.3844,48.2407],[-92.3832,48.2384],[-92.3789,48.2358],[-92.3783,48.2334],[-92.3784,48.2308],[-92.3779,48.2296],[-92.3728,48.2237],[-92.3692,48.2203],[-92.3621,48.2229],[-92.3532,48.2303],[-92.3492,48.2314],[-92.3412,48.2325],[-92.3394,48.2345],[-92.3368,48.2354],[-92.3354,48.2352],[-92.3336,48.2339],[-92.3322,48.2339],[-92.3253,48.237],[-92.3217,48.2373],[-92.3147,48.2405],[-92.2807,48.2443],[-92.2697,48.2482],[-92.2737,48.2567],[-92.2904,48.2655],[-92.2945,48.2716],[-92.293,48.2764],[-92.2951,48.2766],[-92.2957,48.2781],[-92.3015,48.2886],[-92.2945,48.3065],[-92.3063,48.3164],[-92.3046,48.323],[-92.2954,48.324],[-92.289,48.343],[-92.2623,48.3549],[-92.2228,48.3492],[-92.2197,48.3481],[-92.217,48.3451],[-92.2068,48.3456],[-92.207,48.3469],[-92.2077,48.3478],[-92.2037,48.3521],[-92.1949,48.3504],[-92.1942,48.3487],[-92.1936,48.3486],[-92.1784,48.3519],[-92.1789,48.3553],[-92.1774,48.3572],[-92.1622,48.3633],[-92.145,48.3657],[-92.1436,48.3561],[-92.0923,48.3546],[-92.0835,48.3539],[-92.078,48.3583],[-92.0663,48.3596],[-92.0552,48.3592],[-92.0486,48.3489],[-92.0457,48.3479],[-92.0452,48.3458],[-92.0477,48.3438],[-92.0466,48.3347],[-92.0377,48.3332],[-92.0309,48.3258],[-92.0001,48.3214],[-92.013,48.2974],[-92.0121,48.2873],[-92.0072,48.2804],[-92.0066,48.2654],[-91.9895,48.2602],[-91.9808,48.2478],[-91.9776,48.2471],[-91.9775,48.2463],[-91.9777,48.2457],[-91.9769,48.2446],[-91.9758,48.2445],[-91.9711,48.2477],[-91.9704,48.2494],[-91.9726,48.2504],[-91.9718,48.253],[-91.9702,48.2536],[-91.9596,48.2536],[-91.9544,48.2517],[-91.9544,48.2512],[-91.9538,48.2494],[-91.9521,48.2471],[-91.9522,48.2444],[-91.9577,48.2427],[-91.9578,48.2395],[-91.9592,48.2363],[-91.9578,48.233],[-91.9534,48.233],[-91.9513,48.2326],[-91.9452,48.2304],[-91.9418,48.2306],[-91.9407,48.232],[-91.9374,48.2342],[-91.929,48.2358],[-91.9208,48.2367],[-91.9158,48.2389],[-91.9076,48.2382],[-91.907,48.2378],[-91.906,48.2371],[-91.9038,48.237],[-91.8935,48.2377],[-91.8847,48.2273],[-91.8679,48.2191],[-91.8644,48.207],[-91.8458,48.2086],[-91.8395,48.2096],[-91.8344,48.2098],[-91.832,48.2093],[-91.8158,48.2117],[-91.8145,48.2087],[-91.809,48.206],[-91.7983,48.2029],[-91.7981,48.2028],[-91.7918,48.2025],[-91.789,48.1965],[-91.7861,48.1964],[-91.7812,48.2004],[-91.7647,48.2006],[-91.7632,48.2015],[-91.7609,48.2048],[-91.7566,48.205],[-91.7539,48.2012],[-91.7491,48.1988],[-91.745,48.1985],[-91.7419,48.1991],[-91.7423,48.2045],[-91.7389,48.2042],[-91.7149,48.1991],[-91.7105,48.1939],[-91.7116,48.1891],[-91.7124,48.1875],[-91.7214,48.1803],[-91.7226,48.1783],[-91.7246,48.1707],[-91.7233,48.1693],[-91.7175,48.1718],[-91.7094,48.1727],[-91.7053,48.1708],[-91.7051,48.1597],[-91.7073,48.1537],[-91.7085,48.1527],[-91.7036,48.1454],[-91.7017,48.1448],[-91.6993,48.1447],[-91.6984,48.1438],[-91.6982,48.1416],[-91.7,48.1318],[-91.7041,48.1249],[-91.7081,48.123],[-91.7122,48.1169],[-91.7125,48.1157],[-91.712,48.1147],[-91.7035,48.1135],[-91.6928,48.1164],[-91.6915,48.1176],[-91.6924,48.1193],[-91.6828,48.1221],[-91.6838,48.1177],[-91.6876,48.1117],[-91.6809,48.1081],[-91.6769,48.1073],[-91.6715,48.1084],[-91.6675,48.1084],[-91.6652,48.107],[-91.6631,48.1089],[-91.6626,48.1115],[-91.6533,48.1141],[-91.6522,48.1137],[-91.6516,48.1127],[-91.6536,48.1096],[-91.6402,48.0969],[-91.6153,48.1019],[-91.589,48.1022],[-91.5759,48.1065],[-91.5593,48.1083],[-91.553,48.103],[-91.5697,48.0933],[-91.5755,48.0663],[-91.573,48.0573],[-91.5757,48.0488],[-91.5673,48.0437],[-91.5425,48.0533],[-91.4886,48.0681],[-91.4655,48.0668],[-91.4503,48.0688],[-91.4466,48.0674],[-91.4471,48.0632],[-91.4381,48.0521],[-91.4389,48.05],[-91.4376,48.0492],[-91.4296,48.0486],[-91.4139,48.0535],[-91.3911,48.0571],[-91.3795,48.0653],[-91.3709,48.0694],[-91.3651,48.067],[-91.3505,48.0717],[-91.3402,48.0732],[-91.3367,48.0709],[-91.3366,48.0696],[-91.3326,48.0693],[-91.33,48.0698],[-91.3287,48.0706],[-91.3279,48.0714],[-91.3248,48.0726],[-91.3147,48.0734],[-91.3118,48.0729],[-91.3026,48.073],[-91.2902,48.0739],[-91.276,48.0785],[-91.2664,48.0787],[-91.2501,48.0841],[-91.2349,48.0959],[-91.2262,48.0997],[-91.2144,48.1029],[-91.1905,48.1249],[-91.1832,48.1222],[-91.1762,48.1258],[-91.1561,48.1405],[-91.1377,48.1492],[-91.1383,48.151],[-91.1385,48.1515],[-91.1394,48.1532],[-91.1394,48.1547],[-91.1386,48.1558],[-91.12,48.1604],[-91.118,48.1621],[-91.1149,48.1661],[-91.1089,48.1684],[-91.0979,48.1712],[-91.0923,48.1731],[-91.0887,48.1774],[-91.0827,48.1808],[-91.0812,48.1804],[-91.0804,48.1793],[-91.0757,48.1792],[-91.0655,48.1812],[-91.0629,48.1852],[-91.0566,48.1876],[-91.0436,48.1892],[-91.0359,48.1894],[-91.0356,48.1895],[-91.0348,48.189],[-91.0321,48.1885],[-91.0316,48.1885],[-91.0242,48.1901],[-91.0227,48.1925],[-91.0124,48.1981],[-91.0034,48.2002],[-91.0042,48.2026],[-90.977,48.2195],[-90.9251,48.2299],[-90.915,48.2306],[-90.9068,48.2373],[-90.8855,48.2458],[-90.8815,48.2405],[-90.8751,48.2378],[-90.8671,48.2382],[-90.8474,48.2444],[-90.8436,48.2436],[-90.8392,48.2395],[-90.8378,48.2347],[-90.8398,48.2283],[-90.8396,48.2277],[-90.8377,48.2265],[-90.8373,48.2256],[-90.8349,48.2022],[-90.8342,48.1887],[-90.8363,48.177],[-90.8326,48.1738],[-90.8261,48.1771],[-90.8254,48.1812],[-90.8257,48.1836],[-90.8211,48.1847],[-90.8193,48.1827],[-90.8177,48.1796],[-90.8106,48.1797],[-90.8042,48.1778],[-90.8007,48.1632],[-90.7966,48.1594],[-90.7859,48.1609],[-90.7834,48.1639],[-90.7813,48.1647],[-90.7779,48.1638],[-90.7763,48.1619],[-90.7775,48.1567],[-90.778,48.1487],[-90.7858,48.1455],[-90.7968,48.1395],[-90.798,48.1369],[-90.7953,48.1355],[-90.7938,48.1356],[-90.7903,48.1358],[-90.7881,48.1351],[-90.7873,48.1342],[-90.7873,48.1337],[-90.7876,48.1329],[-90.7899,48.1299],[-90.7871,48.1277],[-90.7835,48.1269],[-90.7768,48.1241],[-90.7761,48.1225],[-90.776,48.1222],[-90.7742,48.1189],[-90.7742,48.1186],[-90.773,48.1175],[-90.7691,48.1166],[-90.7676,48.1103],[-90.7616,48.1001],[-90.7616,48.0983],[-90.7516,48.091],[-90.7415,48.0946],[-90.7037,48.096],[-90.6866,48.1005],[-90.6416,48.1035],[-90.6269,48.1118],[-90.6203,48.1119],[-90.6162,48.1125],[-90.6064,48.116],[-90.5915,48.1175],[-90.5906,48.1198],[-90.5822,48.1238],[-90.5799,48.1239],[-90.5771,48.1213],[-90.5759,48.1209],[-90.5705,48.1215],[-90.5661,48.1226],[-90.5593,48.1217],[-90.5558,48.1171],[-90.5698,48.107],[-90.5675,48.1012],[-90.5643,48.0988],[-90.5568,48.096],[-90.5171,48.0994],[-90.5109,48.0974],[-90.5081,48.0992],[-90.5055,48.0996],[-90.4961,48.0988],[-90.4956,48.0994],[-90.4954,48.0998],[-90.4938,48.1013],[-90.4899,48.099],[-90.4871,48.0991],[-90.4834,48.1004],[-90.4803,48.1021],[-90.4776,48.1055],[-90.471,48.1061],[-90.4677,48.1088],[-90.4655,48.1087],[-90.4632,48.1074],[-90.452,48.105],[-90.4474,48.1034],[-90.4435,48.1006],[-90.4384,48.0987],[-90.4103,48.105],[-90.4032,48.1051],[-90.3935,48.1004],[-90.3902,48.1001],[-90.3864,48.0982],[-90.3856,48.0958],[-90.3846,48.0946],[-90.3823,48.0932],[-90.3745,48.0909],[-90.373,48.0912],[-90.3723,48.0936],[-90.3677,48.0946],[-90.3537,48.095],[-90.3467,48.0941],[-90.3442,48.0944],[-90.3435,48.0951],[-90.3429,48.0956],[-90.3384,48.0962],[-90.3372,48.0998],[-90.3301,48.1024],[-90.3172,48.1038],[-90.3124,48.1053],[-90.3056,48.1051],[-90.2981,48.1025],[-90.2933,48.0991],[-90.2893,48.099],[-90.2746,48.1033],[-90.265,48.1033],[-90.2539,48.1022],[-90.2338,48.1071],[-90.2247,48.1081],[-90.2164,48.1065],[-90.2114,48.1063],[-90.1951,48.1084],[-90.1887,48.1079],[-90.1766,48.1124],[-90.1642,48.1097],[-90.1507,48.1103],[-90.1452,48.1116],[-90.1438,48.1126],[-90.1362,48.1121],[-90.1326,48.1118],[-90.1286,48.1084],[-90.1251,48.1077],[-90.1239,48.1071],[-90.1226,48.1056],[-90.1163,48.1043],[-90.0916,48.1046],[-90.0739,48.1011],[-90.0576,48.0964],[-90.049,48.0917],[-90.0456,48.0914],[-90.0296,48.0876],[-90.0236,48.0847],[-90.0188,48.072],[-90.0151,48.0672],[-90.0109,48.0679],[-90.01,48.0689],[-90.0084,48.0684],[-89.9979,48.0576],[-89.9938,48.049],[-89.996,48.0416],[-89.9967,48.0354],[-89.9947,48.0307],[-89.993,48.0284],[-89.9889,48.0257],[-89.9873,48.0255],[-89.9852,48.0262],[-89.9843,48.0261],[-89.9772,48.0235],[-89.9734,48.0204],[-89.9683,48.0145],[-89.9635,48.0146],[-89.9546,48.0115],[-89.9506,48.0159],[-89.9345,48.0156],[-89.933,48.0132],[-89.9326,48.0104],[-89.9307,48.0082],[-89.9216,47.9999],[-89.9153,47.9949],[-89.9113,47.9933],[-89.9048,47.9923],[-89.9035,47.9917],[-89.9002,47.9888],[-89.8974,47.9876],[-89.8865,47.9863],[-89.8807,47.9864],[-89.8733,47.9854],[-89.8712,47.9859],[-89.8682,47.9899],[-89.8476,47.9924],[-89.8462,47.9927],[-89.8427,47.9974],[-89.8426,48.0014],[-89.8426,48.0024],[-89.8422,48.0028],[-89.8417,48.0029],[-89.8387,48.0022],[-89.834,47.9995],[-89.8318,47.9994],[-89.8304,48.0003],[-89.8226,48.0107],[-89.8205,48.0147],[-89.8198,48.0151],[-89.8074,48.0172],[-89.806,48.014],[-89.8049,48.0138],[-89.7977,48.0145],[-89.7962,48.0149],[-89.7952,48.0172],[-89.7942,48.0177],[-89.7919,48.0182],[-89.7827,48.0178],[-89.7794,48.0184],[-89.7739,48.0217],[-89.764,48.023],[-89.7493,48.0233],[-89.7442,48.0222],[-89.743,48.02],[-89.7426,48.0198],[-89.7391,48.0204],[-89.7369,48.0213],[-89.7313,48.0197],[-89.7312,48.0188],[-89.724,48.019],[-89.7236,48.0192],[-89.7241,48.0202],[-89.7232,48.0205],[-89.7222,48.0202],[-89.721,48.018],[-89.7216,48.0175],[-89.723,48.0176],[-89.7243,48.0165],[-89.724,48.0137],[-89.7213,48.0144],[-89.7192,48.0163],[-89.7171,48.0172],[-89.7161,48.0164],[-89.7164,48.0103],[-89.7159,48.0092],[-89.7132,48.01],[-89.7081,48.0102],[-89.7071,48.0095],[-89.7061,48.008],[-89.7025,48.0063],[-89.7014,48.0062],[-89.6889,48.0108],[-89.6865,48.0106],[-89.686,48.0098],[-89.6849,48.0098],[-89.6798,48.0103],[-89.6769,48.0112],[-89.6738,48.0115],[-89.6719,48.0109],[-89.6716,48.0102],[-89.6694,48.0083],[-89.6671,48.0074],[-89.6648,48.0079],[-89.6632,48.0106],[-89.6571,48.01],[-89.6558,48.0075],[-89.6532,48.0046],[-89.6511,48.0036],[-89.6491,48.0039],[-89.6478,48.0051],[-89.6454,48.0062],[-89.6415,48.0059],[-89.6398,48.004],[-89.638,48.0038],[-89.6373,48.0041],[-89.6372,48.0049],[-89.6377,48.0067],[-89.6388,48.0082],[-89.6372,48.0093],[-89.6251,48.0115],[-89.6205,48.0107],[-89.6179,48.0109],[-89.6161,48.0124],[-89.6142,48.0155],[-89.6117,48.0175],[-89.6104,48.0178],[-89.6094,48.0167],[-89.6085,48.0125],[-89.6097,48.0094],[-89.6078,48.0066],[-89.6017,48.0048],[-89.5947,48.0043],[-89.589,48.0018],[-89.586,47.9999],[-89.5821,47.9963],[-89.581,47.9959],[-89.5707,47.998],[-89.5643,48.0029],[-89.4892,48.0145],[-89.4917,48.0052],[-89.4953,48.0024],[-89.5415,47.9928],[-89.5516,47.9873],[-89.5529,47.9807],[-89.555,47.9748],[-89.5723,47.9672],[-89.5882,47.9662],[-89.5959,47.971],[-89.6114,47.9807],[-89.6246,47.9832],[-89.6318,47.98],[-89.637,47.9735],[-89.6401,47.9679],[-89.6398,47.9598],[-89.6383,47.9543],[-89.6395,47.9536],[-89.6606,47.9512],[-89.6976,47.9413],[-89.7297,47.9252],[-89.7375,47.9182],[-89.7587,47.907],[-89.7935,47.8914],[-89.854,47.874],[-89.8716,47.8742],[-89.9236,47.8621],[-89.9308,47.8577],[-89.9275,47.8508],[-89.9339,47.8468],[-89.9456,47.8421],[-89.9743,47.8305],[-90.0137,47.8214],[-90.0428,47.8176],[-90.072,47.8111],[-90.0722,47.8077],[-90.0756,47.8033],[-90.0824,47.8036],[-90.0882,47.803],[-90.1168,47.7954],[-90.1321,47.7957],[-90.1608,47.7928],[-90.1788,47.7864],[-90.1876,47.7781],[-90.2291,47.7762],[-90.2488,47.7728],[-90.261,47.7692],[-90.296,47.7591],[-90.3063,47.7566],[-90.314,47.7567],[-90.3214,47.7544],[-90.3234,47.7538],[-90.3303,47.7509],[-90.3327,47.7464],[-90.3862,47.7411],[-90.3938,47.7383],[-90.4214,47.7351],[-90.4377,47.7316],[-90.4419,47.7264],[-90.4584,47.7214],[-90.5176,47.7076],[-90.5371,47.7031],[-90.5513,47.6903],[-90.585,47.6807],[-90.6478,47.6562],[-90.6864,47.6436],[-90.7359,47.6243],[-90.8683,47.5569],[-90.9075,47.5329],[-90.9101,47.5302],[-90.9098,47.5262],[-90.9142,47.5226],[-90.9194,47.5198],[-90.928,47.519],[-90.9391,47.5145],[-91.0231,47.465],[-91.0329,47.4582],[-91.0456,47.4565],[-91.0777,47.4288],[-91.0976,47.4139],[-91.1062,47.4118],[-91.1281,47.3996],[-91.1313,47.3936],[-91.147,47.3815],[-91.1565,47.3788],[-91.17,47.3663],[-91.185,47.3454],[-91.1888,47.3401],[-91.2062,47.3292],[-91.2387,47.305],[-91.2502,47.2905],[-91.2625,47.2793],[-91.266,47.2795],[-91.2707,47.2771],[-91.2885,47.266],[-91.326,47.239],[-91.3538,47.2127],[-91.3578,47.2067],[-91.3742,47.1978],[-91.387,47.1873],[-91.3985,47.1839],[-91.4057,47.1797],[-91.4188,47.1722],[-91.452,47.1452],[-91.457,47.1392],[-91.4774,47.1257],[-91.4979,47.1226],[-91.5051,47.1193],[-91.507,47.1185],[-91.5188,47.1081],[-91.5738,47.0899],[-91.5915,47.0687],[-91.601,47.0634],[-91.6049,47.0633],[-91.6132,47.0592],[-91.6268,47.05],[-91.6331,47.0442],[-91.6372,47.0404],[-91.6446,47.0265],[-91.6602,47.0193],[-91.6665,47.0143],[-91.6886,47.009],[-91.7046,47.0052],[-91.7371,46.9829],[-91.7773,46.9518],[-91.7807,46.9459],[-91.7944,46.9395],[-91.8069,46.9337],[-91.8261,46.9272],[-91.8349,46.9271],[-91.8413,46.9252],[-91.8713,46.9084],[-91.8832,46.9057],[-91.9065,46.8912],[-91.9148,46.884],[-91.915,46.8838],[-91.953,46.867],[-91.9851,46.8496],[-91.998,46.8387],[-92.0134,46.8337],[-92.0279,46.8262],[-92.0417,46.8189],[-92.0589,46.8099],[-92.0598,46.8082],[-92.0621,46.804],[-92.068,46.8017],[-92.0762,46.7983],[-92.0861,46.7943],[-92.0928,46.7889],[-92.0941,46.7878],[-92.0907,46.7794],[-92.0883,46.7736],[-92.0508,46.7364],[-92.0141,46.707],[-92.008,46.705],[-91.9879,46.6927],[-91.9734,46.6864],[-91.9619,46.6825],[-91.9616,46.6825],[-91.943,46.6799],[-91.9199,46.6842],[-91.887,46.6902],[-91.8787,46.6908],[-91.8575,46.6924],[-91.8403,46.6897],[-91.82,46.6902],[-91.7901,46.6947],[-91.7497,46.7091],[-91.6455,46.7347],[-91.5907,46.7543],[-91.5743,46.7575],[-91.5514,46.7557],[-91.5371,46.7548],[-91.5111,46.7575],[-91.4997,46.7612],[-91.4924,46.7667],[-91.4702,46.7689],[-91.4493,46.7733],[-91.4237,46.7822],[-91.4086,46.7927],[-91.4029,46.7927],[-91.3886,46.7895],[-91.3688,46.7938],[-91.3608,46.7981],[-91.3522,46.8074],[-91.3382,46.8177],[-91.3148,46.8268],[-91.3023,46.8303],[-91.2659,46.8339],[-91.2567,46.8369],[-91.2508,46.8411],[-91.2327,46.86],[-91.2268,46.8636],[-91.2116,46.8668],[-91.2075,46.8658],[-91.2044,46.8588],[-91.2001,46.854],[-91.1783,46.8443],[-91.1645,46.8474],[-91.1547,46.8585],[-91.1495,46.8644],[-91.1345,46.8644],[-91.1314,46.8616],[-91.1262,46.8569],[-91.1111,46.8559],[-91.0966,46.8615],[-91.0937,46.8799],[-91.0909,46.8827],[-91.081,46.8836],[-91.0682,46.8783],[-91.053,46.8813],[-91.0399,46.8892],[-91.0366,46.8936],[-91.0345,46.9031],[-91.0191,46.9115],[-91.0052,46.9162],[-90.9988,46.916],[-90.9951,46.9176],[-90.9846,46.9256],[-90.9738,46.9413],[-90.9684,46.9439],[-90.9649,46.9438],[-90.9545,46.9384],[-90.9218,46.9313],[-90.9138,46.9334],[-90.9086,46.9413],[-90.8809,46.9508],[-90.8796,46.9581],[-90.8711,46.9611],[-90.8559,46.9622],[-90.8377,46.9574],[-90.8303,46.9509],[-90.8306,46.9358],[-90.8288,46.9322],[-90.8207,46.9295],[-90.8143,46.9315],[-90.806,46.9379],[-90.797,46.9366],[-90.7856,46.9264],[-90.782,46.91],[-90.7683,46.9076],[-90.7546,46.8983],[-90.7509,46.893],[-90.751,46.888],[-90.7547,46.8849],[-90.7616,46.8832],[-90.7702,46.8763],[-90.781,46.859],[-90.7989,46.8231],[-90.8257,46.8039],[-90.8281,46.7974],[-90.8356,46.7898],[-90.8565,46.7889],[-90.8635,46.7806],[-90.8594,46.774],[-90.8623,46.7681],[-90.8666,46.7644],[-90.885,46.7563],[-90.8834,46.747],[-90.8783,46.7377],[-90.8704,46.7233],[-90.8527,46.6996],[-90.8538,46.6935],[-90.8685,46.6804],[-90.8859,46.6704],[-90.9113,46.6631],[-90.9152,46.6584],[-90.9208,46.6374],[-90.9209,46.6316],[-90.9245,46.6254],[-90.9387,46.6083],[-90.9496,46.603],[-90.9515,46.6006],[-90.9515,46.597],[-90.9419,46.5884],[-90.9328,46.5863],[-90.9271,46.5851],[-90.9183,46.5831],[-90.9098,46.5827],[-90.9056,46.5835],[-90.8966,46.5884],[-90.8823,46.5962],[-90.8732,46.6012],[-90.8671,46.6019],[-90.829,46.6161],[-90.8222,46.6178],[-90.7948,46.6249],[-90.7702,46.6361],[-90.7553,46.6463],[-90.7565,46.6646],[-90.7481,46.6698],[-90.7397,46.6887],[-90.7322,46.6887],[-90.6947,46.6644],[-90.6279,46.6238],[-90.5862,46.5999],[-90.5581,46.5864],[-90.5496,46.5841],[-90.538,46.5811],[-90.5255,46.5869],[-90.5059,46.5896],[-90.4738,46.5742],[-90.4376,46.5615],[-90.4181,46.5661],[-90.3484,46.6006],[-90.3276,46.6077],[-90.3066,46.6027],[-90.2653,46.6185],[-90.2376,46.6245],[-90.164,46.6455],[-90.1007,46.6551],[-90.0454,46.6683],[-90.0284,46.6744],[-89.996,46.6932],[-89.9858,46.7032],[-89.9738,46.7103],[-89.9571,46.7169],[-89.9185,46.7403],[-89.8924,46.7631],[-89.8891,46.7655],[-89.8487,46.7957],[-89.832,46.8041],[-89.7907,46.8185],[-89.7203,46.8304],[-89.6734,46.8332],[-89.6606,46.8311],[-89.6423,46.8253],[-89.6349,46.8195],[-89.6193,46.8189],[-89.5698,46.8319],[-89.5357,46.8359],[-89.5139,46.8418],[-89.4991,46.8416],[-89.4913,46.8384],[-89.4715,46.8374],[-89.437,46.8395],[-89.4152,46.844],[-89.372,46.8574],[-89.3455,46.8673],[-89.2491,46.9033],[-89.2279,46.913],[-89.2015,46.9311],[-89.1975,46.9353],[-89.1682,46.9655],[-89.1426,46.9849],[-89.1287,46.9926],[-89.1183,46.9942],[-89.1132,46.9894],[-89.1063,46.9865],[-89.0867,46.9853],[-89.0631,46.9885],[-89.0395,46.9994],[-89.0289,47.0011],[-89.023,46.9951],[-88.9984,46.9953],[-88.9872,46.9972],[-88.9728,47.0021],[-88.9594,47.0085],[-88.944,47.0201],[-88.9333,47.0322],[-88.9245,47.0422],[-88.9142,47.0592],[-88.9037,47.0862],[-88.8891,47.1006],[-88.8554,47.1143],[-88.8482,47.1151],[-88.8148,47.1414],[-88.7898,47.1509],[-88.778,47.1505],[-88.7644,47.1558],[-88.7297,47.1858],[-88.6997,47.2048],[-88.6724,47.2191],[-88.6564,47.2256],[-88.6403,47.2268],[-88.6289,47.2306],[-88.6236,47.2324],[-88.6098,47.2389],[-88.5849,47.2424],[-88.574,47.246],[-88.5124,47.2859],[-88.5008,47.2935],[-88.4777,47.3135],[-88.4705,47.3277],[-88.4593,47.3399],[-88.4187,47.3712],[-88.4089,47.3756],[-88.4079,47.3761],[-88.3895,47.3844],[-88.3241,47.4035],[-88.3034,47.4122],[-88.2852,47.4224],[-88.2392,47.43],[-88.2274,47.4351],[-88.2184,47.4416],[-88.217,47.4455],[-88.2178,47.4487],[-88.1818,47.4577],[-88.1506,47.4601],[-88.1397,47.4627],[-88.0853,47.469],[-88.0764,47.4678],[-88.0493,47.4698],[-88.0482,47.47],[-88.0481,47.475],[-88.0403,47.476],[-87.9789,47.4794],[-87.9293,47.4787],[-87.9024,47.477],[-87.898,47.4749],[-87.817,47.472],[-87.8012,47.4733],[-87.7567,47.4607],[-87.7308,47.4491],[-87.7159,47.4398],[-87.7105,47.4062],[-87.7124,47.4014],[-87.7213,47.401],[-87.7424,47.4058],[-87.7514,47.4051],[-87.7591,47.403],[-87.765,47.3987],[-87.8003,47.3921],[-87.8154,47.3848],[-87.8271,47.3862],[-87.8348,47.3905],[-87.8483,47.3949],[-87.8567,47.3954],[-87.8822,47.3956],[-87.9416,47.3901],[-87.9571,47.3873],[-87.9651,47.3744],[-87.9656,47.3686],[-87.9626,47.3625],[-87.9548,47.3568],[-87.9474,47.3555],[-87.9388,47.3468],[-87.9383,47.3423],[-87.9434,47.3359],[-87.9464,47.3343],[-87.9584,47.3344],[-87.9686,47.3326],[-87.9891,47.3226],[-88.0165,47.3063],[-88.0548,47.2982],[-88.0601,47.2958],[-88.0715,47.2868],[-88.0969,47.2614],[-88.1088,47.2591],[-88.1175,47.2552],[-88.1319,47.2396],[-88.1631,47.2163],[-88.1942,47.2092],[-88.2048,47.2105],[-88.2124,47.2094],[-88.2276,47.1999],[-88.229,47.199],[-88.2369,47.1892],[-88.242,47.1748],[-88.2427,47.1584],[-88.2395,47.1511],[-88.2367,47.1493],[-88.2318,47.1496],[-88.2322,47.146],[-88.2399,47.1394],[-88.2476,47.136],[-88.2496,47.1362],[-88.2508,47.1402],[-88.2553,47.1436],[-88.263,47.1452],[-88.272,47.1435],[-88.2817,47.1382],[-88.289,47.1297],[-88.2895,47.1266],[-88.2879,47.1254],[-88.2872,47.1204],[-88.2883,47.1145],[-88.2976,47.0985],[-88.3401,47.0805],[-88.3467,47.0794],[-88.35,47.0764],[-88.3532,47.0691],[-88.354,47.058],[-88.3591,47.0397],[-88.3676,47.0192],[-88.374,47.0123],[-88.3856,47.0045],[-88.4045,46.9834],[-88.4111,46.978],[-88.4343,46.9739],[-88.4439,46.9723],[-88.4486,46.9468],[-88.4508,46.939],[-88.4554,46.9233],[-88.4759,46.886],[-88.4779,46.8506],[-88.4837,46.8317],[-88.4826,46.8262],[-88.4733,46.8062],[-88.4623,46.7867],[-88.4821,46.7826],[-88.4971,46.7647],[-88.4965,46.7565],[-88.4764,46.7495],[-88.4585,46.7577],[-88.455,46.7593],[-88.4384,46.7867],[-88.4338,46.7935],[-88.4152,46.8117],[-88.3811,46.8368],[-88.3802,46.8424],[-88.3973,46.8531],[-88.3948,46.8642],[-88.3806,46.866],[-88.3585,46.8552],[-88.3509,46.8567],[-88.3103,46.8897],[-88.2812,46.9066],[-88.2616,46.9155],[-88.2444,46.9296],[-88.2026,46.9455],[-88.1999,46.9465],[-88.1672,46.9589],[-88.1554,46.9651],[-88.1437,46.9667],[-88.1329,46.9622],[-88.1501,46.9436],[-88.1875,46.919],[-88.212,46.909],[-88.2288,46.8983],[-88.2427,46.8851],[-88.2512,46.8712],[-88.2828,46.832],[-88.2834,46.823],[-88.2677,46.8217],[-88.2516,46.8436],[-88.2419,46.8601],[-88.2113,46.8841],[-88.1752,46.9046],[-88.1619,46.9049],[-88.1269,46.9098],[-88.1013,46.9172],[-88.0819,46.9205],[-88.0652,46.9186],[-88.0446,46.9125],[-88.0324,46.9089],[-88.0043,46.907],[-87.9861,46.906],[-87.956,46.9091],[-87.9003,46.9097],[-87.8745,46.8926],[-87.8462,46.8839],[-87.8412,46.8844],[-87.8272,46.8897],[-87.8168,46.8912],[-87.8132,46.888],[-87.7932,46.8808],[-87.7825,46.8799],[-87.7769,46.8767],[-87.7763,46.8726],[-87.7788,46.8704],[-87.7768,46.8668],[-87.766,46.8613],[-87.7559,46.8605],[-87.7466,46.8654],[-87.741,46.8652],[-87.7349,46.8501],[-87.7367,46.8472],[-87.7343,46.837],[-87.7315,46.8312],[-87.7274,46.8277],[-87.7137,46.8255],[-87.6946,46.8272],[-87.6857,46.8325],[-87.6879,46.8392],[-87.6872,46.8417],[-87.6807,46.8425],[-87.6745,46.837],[-87.6732,46.8276],[-87.6743,46.824],[-87.672,46.8204],[-87.6623,46.8152],[-87.6515,46.8124],[-87.6419,46.8137],[-87.6333,46.8121],[-87.6281,46.8052],[-87.608,46.7884],[-87.5953,46.783],[-87.5908,46.753],[-87.5827,46.7305],[-87.5732,46.7205],[-87.5233,46.6885],[-87.5244,46.6776],[-87.503,46.6475],[-87.4929,46.6426],[-87.4686,46.6358],[-87.468,46.6356],[-87.4665,46.6316],[-87.4676,46.6262],[-87.4641,46.6148],[-87.4514,46.6059],[-87.4426,46.6028],[-87.4112,46.6017],[-87.405,46.5966],[-87.4033,46.5952],[-87.384,46.5931],[-87.3816,46.5801],[-87.393,46.5725],[-87.3928,46.5709],[-87.3839,46.5565],[-87.3822,46.5537],[-87.3756,46.5471],[-87.3903,46.5426],[-87.3904,46.5422],[-87.3925,46.537],[-87.394,46.5332],[-87.3893,46.5245],[-87.3813,46.5173],[-87.3668,46.5073],[-87.366,46.507],[-87.3643,46.5063],[-87.3511,46.5007],[-87.3155,46.493],[-87.3108,46.492],[-87.2587,46.4883],[-87.2024,46.4908],[-87.1751,46.4975],[-87.1274,46.494],[-87.1166,46.4952],[-87.1076,46.4961],[-87.0988,46.5036],[-87.0773,46.5153],[-87.046,46.52],[-87.0299,46.5256],[-87.0171,46.5336],[-87.0087,46.5327],[-86.977,46.5266],[-86.9645,46.5165],[-86.9628,46.5096],[-86.947,46.4846],[-86.9462,46.4791],[-86.9495,46.4763],[-86.9471,46.4721],[-86.9277,46.4646],[-86.9037,46.4661],[-86.8891,46.4585],[-86.884,46.451],[-86.8839,46.4415],[-86.8752,46.4373],[-86.8501,46.4341],[-86.8374,46.4342],[-86.816,46.4379],[-86.811,46.4497],[-86.8088,46.4606],[-86.8036,46.4667],[-86.7879,46.4777],[-86.7685,46.4791],[-86.7502,46.4791],[-86.7359,46.4752],[-86.7311,46.4718],[-86.7308,46.4681],[-86.7106,46.4449],[-86.7032,46.4394],[-86.6981,46.4386],[-86.6864,46.455],[-86.6888,46.4632],[-86.6865,46.4717],[-86.6838,46.4981],[-86.696,46.5032],[-86.7019,46.5116],[-86.7093,46.5439],[-86.6956,46.555],[-86.6782,46.561],[-86.6758,46.5571],[-86.6709,46.5565],[-86.6565,46.5585],[-86.6529,46.5606],[-86.6274,46.5337],[-86.6291,46.5181],[-86.6321,46.5089],[-86.6345,46.5045],[-86.6411,46.5004],[-86.6455,46.492],[-86.6464,46.4858],[-86.6367,46.4783],[-86.6274,46.4775],[-86.6206,46.4839],[-86.6181,46.4895],[-86.6122,46.4933],[-86.6094,46.493],[-86.6069,46.4785],[-86.609,46.4702],[-86.598,46.4669],[-86.5862,46.4633],[-86.5577,46.4874],[-86.525,46.5054],[-86.4951,46.5249],[-86.484,46.536],[-86.482,46.5427],[-86.4693,46.5514],[-86.4599,46.5519],[-86.4444,46.5481],[-86.4372,46.549],[-86.3904,46.5632],[-86.3499,46.578],[-86.188,46.654],[-86.1617,46.6695],[-86.1383,46.6729],[-86.1199,46.6573],[-86.1121,46.655],[-86.0998,46.6546],[-86.0742,46.6578],[-86.037,46.6676],[-85.995,46.6737],[-85.9537,46.6769],[-85.924,46.6847],[-85.8779,46.6909],[-85.8645,46.6902],[-85.8411,46.6889],[-85.7949,46.6811],[-85.7506,46.6774],[-85.7144,46.6772],[-85.6688,46.6804],[-85.6246,46.6789],[-85.5873,46.6746],[-85.5425,46.6743],[-85.5095,46.6758],[-85.4821,46.6804],[-85.3698,46.7138],[-85.2898,46.7446],[-85.2569,46.7534],[-85.2379,46.7557],[-85.173,46.7636],[-85.0636,46.7579],[-85.0363,46.7604],[-85.0092,46.7692],[-84.9895,46.7724],[-84.9647,46.7728],[-84.954,46.7714],[-84.9516,46.7695],[-84.9875,46.7455],[-85.0076,46.7283],[-85.0202,46.7125],[-85.0275,46.6975],[-85.0301,46.6848],[-85.0283,46.6751],[-85.0355,46.625],[-85.0371,46.601],[-85.0355,46.5815],[-85.0315,46.5687],[-85.0296,46.5544],[-85.0274,46.5538],[-85.0255,46.5464],[-85.0271,46.543],[-85.0455,46.5377],[-85.053,46.5328],[-85.0561,46.5265],[-85.0549,46.5147],[-85.0498,46.504],[-85.0338,46.4877],[-85.0256,46.483],[-85.0152,46.4797],[-84.9695,46.4763],[-84.9553,46.4803],[-84.9473,46.4874],[-84.9371,46.4893],[-84.9344,46.4803],[-84.9219,46.47],[-84.9161,46.4678],[-84.9152,46.4675],[-84.8934,46.4654],[-84.8751,46.4668],[-84.8614,46.4699],[-84.8498,46.4602],[-84.8439,46.4487],[-84.8295,46.4441],[-84.8001,46.4462],[-84.7692,46.4535],[-84.7233,46.4683],[-84.6897,46.4839],[-84.6784,46.4877],[-84.6539,46.4823],[-84.631,46.4849],[-84.6165,46.4719],[-84.6079,46.4567],[-84.5919,46.4453],[-84.5991,46.4402],[-84.6042,46.4318],[-84.6011,46.4244],[-84.5963,46.4151],[-84.5833,46.4135],[-84.5745,46.4149],[-84.5515,46.4185],[-84.5037,46.4392],[-84.4934,46.4403],[-84.4795,46.4326],[-84.4718,46.4343],[-84.4626,46.4409],[-84.4555,46.4539],[-84.4553,46.4628],[-84.4557,46.4631],[-84.4633,46.4674],[-84.4451,46.489],[-84.4203,46.5011],[-84.3947,46.4992],[-84.3883,46.5023],[-84.375,46.5087],[-84.374,46.5091],[-84.3436,46.5077],[-84.3377,46.5056],[-84.3295,46.5019],[-84.3254,46.5],[-84.3069,46.4959],[-84.293,46.4928],[-84.2758,46.4928],[-84.2654,46.4944],[-84.2643,46.4951],[-84.2544,46.5008],[-84.2261,46.5339],[-84.1937,46.5399],[-84.1774,46.5269],[-84.166,46.5262],[-84.153,46.5283],[-84.1465,46.5311],[-84.1394,46.5322],[-84.1289,46.5301],[-84.1233,46.5209],[-84.1179,46.5176],[-84.1112,46.5041],[-84.125,46.4701],[-84.1462,46.4185],[-84.1389,46.3722],[-84.1191,46.337],[-84.1062,46.322],[-84.1196,46.315],[-84.1156,46.2682],[-84.0978,46.2565],[-84.1081,46.2412],[-84.1182,46.234],[-84.125,46.2329],[-84.1347,46.2321],[-84.1459,46.225],[-84.1471,46.2242],[-84.1492,46.2238],[-84.1507,46.2238],[-84.1517,46.2242],[-84.152,46.2249],[-84.1522,46.2263],[-84.1525,46.2279],[-84.1595,46.2332],[-84.1768,46.2349],[-84.1827,46.2355],[-84.2195,46.232],[-84.2331,46.224],[-84.2492,46.2065],[-84.2452,46.1926],[-84.2477,46.1799],[-84.2514,46.1759],[-84.221,46.1631],[-84.1967,46.1661],[-84.1773,46.184],[-84.1716,46.1817],[-84.125,46.1802],[-84.1149,46.1741],[-84.1133,46.1689],[-84.1001,46.1508],[-84.0958,46.1477],[-84.0893,46.1464],[-84.0604,46.1461],[-84.0265,46.1316],[-84.031,46.1232],[-84.0387,46.1256],[-84.0519,46.1198],[-84.0613,46.1135],[-84.0691,46.104],[-84.0724,46.0967],[-84.0717,46.0924],[-84.0663,46.0874],[-84.0517,46.0792],[-84.0279,46.0548],[-84.0061,46.0446],[-83.9895,46.0328],[-83.9638,46.0278],[-83.9514,46.029],[-83.9439,46.0315],[-83.939,46.0292],[-83.9355,46.0204],[-83.9312,46.0179],[-83.9262,46.0165],[-83.9086,46.0115],[-83.9005,45.9989],[-83.8731,45.9934],[-83.8682,45.9951],[-83.8454,46.0257],[-83.8301,46.0223],[-83.8182,46.0024],[-83.7941,45.9958],[-83.7764,46.0042],[-83.7653,46.0184],[-83.7652,46.0319],[-83.7738,46.0515],[-83.7966,46.0567],[-83.8125,46.0735],[-83.824,46.1036],[-83.8158,46.1085],[-83.8124,46.1086],[-83.7929,46.102],[-83.78,46.0935],[-83.7718,46.091],[-83.756,46.0922],[-83.7282,46.091],[-83.7233,46.0938],[-83.7198,46.101],[-83.7039,46.1034],[-83.6612,46.1003],[-83.635,46.104],[-83.6256,46.1022],[-83.6153,46.096],[-83.5986,46.0901],[-83.5813,46.0896],[-83.5761,46.0835],[-83.5726,46.0749],[-83.5726,46.0699],[-83.5654,46.0619],[-83.5541,46.0589],[-83.5472,46.0479],[-83.5434,46.0372],[-83.5408,46.0212],[-83.5329,46.0113],[-83.4948,45.9995],[-83.4883,45.9995],[-83.4806,45.9962],[-83.4739,45.9886],[-83.4732,45.9844],[-83.4818,45.9719],[-83.4888,45.9687],[-83.5106,45.9293],[-83.5172,45.9236],[-83.5263,45.9186],[-83.5618,45.9126],[-83.5831,45.9159],[-83.6322,45.9323],[-83.6577,45.9455],[-83.6877,45.9354],[-83.7194,45.9341],[-83.733,45.9376],[-83.7428,45.938],[-83.7662,45.9352],[-83.7689,45.9321],[-83.7861,45.9334],[-83.801,45.9376],[-83.8033,45.9434],[-83.8081,45.9457],[-83.8228,45.944],[-83.8276,45.9412],[-83.8355,45.9418],[-83.8409,45.9527],[-83.8464,45.9532],[-83.8649,45.9595],[-83.8796,45.9662],[-83.8811,45.9682],[-83.9108,45.9656],[-83.9213,45.9581],[-83.9522,45.9655],[-83.9851,45.9671],[-83.9965,45.9615],[-84.0176,45.959],[-84.0761,45.9701],[-84.0801,45.9708],[-84.0904,45.9673],[-84.1054,45.9729],[-84.1072,45.9772],[-84.1112,45.9787],[-84.1143,45.9783],[-84.1408,45.9753],[-84.1722,45.9661],[-84.1781,45.9692],[-84.2382,45.9676],[-84.255,45.9561],[-84.33,45.9562],[-84.3533,45.9417],[-84.3764,45.932],[-84.4287,45.9584],[-84.4376,45.9738],[-84.4431,45.9779],[-84.4631,45.9689],[-84.4804,45.9778],[-84.4831,45.9822],[-84.4824,45.9854],[-84.484,45.9882],[-84.5072,45.9912],[-84.5141,45.9872],[-84.5141,45.9713],[-84.5251,45.9686],[-84.5324,45.9694],[-84.5344,45.9728],[-84.5346,45.9781],[-84.5304,45.9914],[-84.5334,46.0057],[-84.5345,46.0077],[-84.541,46.0195],[-84.5444,46.0229],[-84.5631,46.0321],[-84.5639,46.0325],[-84.5811,46.031],[-84.5866,46.0266],[-84.6091,46.0264],[-84.6476,46.0497],[-84.6566,46.0527],[-84.6667,46.0505],[-84.6758,46.046],[-84.6873,46.0349],[-84.6927,46.027],[-84.6927,46.017],[-84.6922,46.014],[-84.6863,45.9791],[-84.6844,45.9775],[-84.6853,45.9735],[-84.6877,45.9713],[-84.7039,45.9709],[-84.723,45.9673],[-84.7302,45.9612],[-84.7388,45.9458],[-84.7394,45.9418],[-84.733,45.9328],[-84.719,45.9274],[-84.7136,45.9204],[-84.7133,45.916],[-84.725,45.9109],[-84.734,45.907],[-84.7303,45.8973],[-84.7295,45.8953],[-84.7213,45.8739],[-84.7155,45.8659],[-84.7012,45.8531],[-84.7023,45.8505],[-84.7064,45.8487],[-84.7208,45.8481],[-84.7228,45.8466],[-84.7241,45.8423],[-84.7257,45.837],[-84.747,45.8356],[-84.7928,45.8587],[-84.8314,45.872],[-84.8385,45.8815],[-84.8376,45.8891],[-84.8422,45.8982],[-84.8529,45.9001],[-84.8733,45.9098],[-84.8798,45.9158],[-84.9029,45.9237],[-84.9175,45.9307],[-84.9371,45.9559],[-84.9736,45.9861],[-85.0036,46.0061],[-85.014,46.0108],[-85.0422,46.0192],[-85.0556,46.0231],[-85.0888,46.0284],[-85.1029,46.0325],[-85.1304,46.0461],[-85.1408,46.0496],[-85.152,46.0507],[-85.1906,46.0476],[-85.1975,46.0449],[-85.2225,46.0607],[-85.2664,46.0658],[-85.2877,46.0723],[-85.3163,46.0866],[-85.3359,46.0926],[-85.3422,46.0924],[-85.3562,46.0921],[-85.3666,46.0868],[-85.3814,46.082],[-85.3938,46.0955],[-85.4121,46.1014],[-85.4269,46.102],[-85.4419,46.0958],[-85.4423,46.0939],[-85.4402,46.0926],[-85.447,46.0852],[-85.4806,46.0964],[-85.5001,46.0969],[-85.5127,46.0947],[-85.5216,46.0913],[-85.5409,46.0796],[-85.6038,46.0304],[-85.6177,46.0085],[-85.6486,45.9837],[-85.6547,45.9737],[-85.664,45.967],[-85.6972,45.9602],[-85.7242,45.9654],[-85.7436,45.9652],[-85.7709,45.9713],[-85.7906,45.9776],[-85.8104,45.9801],[-85.8176,45.9794],[-85.8258,45.9763],[-85.8326,45.9677],[-85.8424,45.9652],[-85.8612,45.9682],[-85.8654,45.9683],[-85.8824,45.9686],[-85.8932,45.9673],[-85.9091,45.9591],[-85.9227,45.9483],[-85.9262,45.9381],[-85.926,45.9321],[-85.9172,45.9278],[-85.9103,45.9221],[-85.9138,45.9194],[-85.9206,45.921],[-85.9541,45.9366],[-85.9989,45.951],[-86.051,45.9622],[-86.0721,45.9653],[-86.0948,45.9667],[-86.1236,45.9647],[-86.1457,45.9574],[-86.1502,45.9545],[-86.1594,45.9538],[-86.1964,45.9631],[-86.1966,45.9632],[-86.2083,45.963],[-86.2205,45.9589],[-86.2291,45.9486],[-86.2336,45.9458],[-86.2473,45.9449],[-86.2479,45.9449],[-86.248,45.9448],[-86.2548,45.9486],[-86.278,45.9421],[-86.2781,45.942],[-86.316,45.9152],[-86.3242,45.9061],[-86.3326,45.8518],[-86.3491,45.8342],[-86.3551,45.8054],[-86.3517,45.7981],[-86.3638,45.7901],[-86.3699,45.7893],[-86.3958,45.7897],[-86.4017,45.7954],[-86.416,45.7938],[-86.4248,45.7897],[-86.4284,45.7856],[-86.4289,45.7825],[-86.4272,45.779],[-86.4283,45.7756],[-86.4319,45.7678],[-86.4397,45.7607],[-86.4555,45.7568],[-86.4599,45.758],[-86.466,45.7597],[-86.4791,45.7574],[-86.486,45.7466],[-86.4963,45.7493],[-86.5042,45.7542],[-86.5146,45.7523],[-86.5183,45.7477],[-86.5232,45.7365],[-86.5252,45.7208],[-86.5333,45.7108],[-86.5373,45.7084],[-86.5414,45.7081],[-86.5706,45.7164],[-86.5809,45.7119],[-86.5858,45.7049],[-86.5848,45.682],[-86.5875,45.6665],[-86.5936,45.6656],[-86.6113,45.6697],[-86.6204,45.6671],[-86.6251,45.6638],[-86.6279,45.6593],[-86.617,45.6206],[-86.6169,45.6068],[-86.6239,45.6133],[-86.6332,45.6182],[-86.6484,45.616],[-86.6661,45.6217],[-86.6872,45.6343],[-86.6888,45.64],[-86.6953,45.6482],[-86.708,45.6492],[-86.7178,45.6681],[-86.7182,45.6773],[-86.7158,45.6839],[-86.7052,45.6909],[-86.6891,45.6879],[-86.6762,45.6919],[-86.6657,45.7022],[-86.6655,45.709],[-86.6693,45.7109],[-86.6715,45.7205],[-86.6628,45.729],[-86.6473,45.7326],[-86.6331,45.7477],[-86.6349,45.7635],[-86.631,45.782],[-86.6173,45.7835],[-86.6121,45.7794],[-86.5977,45.7754],[-86.5834,45.7782],[-86.5769,45.7885],[-86.5811,45.7918],[-86.5818,45.7948],[-86.5769,45.8015],[-86.5712,45.8055],[-86.5634,45.8045],[-86.5572,45.8082],[-86.5555,45.8135],[-86.559,45.8223],[-86.5552,45.8317],[-86.5497,45.836],[-86.5456,45.8365],[-86.5388,45.8401],[-86.5292,45.853],[-86.5282,45.857],[-86.5296,45.875],[-86.533,45.8827],[-86.5415,45.8902],[-86.5536,45.8965],[-86.5677,45.9005],[-86.5833,45.8988],[-86.5932,45.8851],[-86.6033,45.8766],[-86.6135,45.876],[-86.6257,45.8683],[-86.6332,45.8601],[-86.6325,45.8433],[-86.646,45.8339],[-86.7211,45.8454],[-86.7285,45.8488],[-86.7425,45.8647],[-86.7496,45.8678],[-86.7584,45.8673],[-86.7821,45.8602],[-86.7842,45.8546],[-86.7823,45.8299],[-86.7772,45.8272],[-86.7746,45.8217],[-86.7733,45.8114],[-86.7857,45.7945],[-86.8015,45.78],[-86.8215,45.7704],[-86.8237,45.7655],[-86.8209,45.7608],[-86.8218,45.7572],[-86.8387,45.7418],[-86.8405,45.7345],[-86.8418,45.7291],[-86.8387,45.7223],[-86.8704,45.7101],[-86.8769,45.7119],[-86.8953,45.7115],[-86.9041,45.7095],[-86.9211,45.6979],[-86.9442,45.6958],[-86.9643,45.6728],[-86.9669,45.675],[-86.9673,45.6849],[-86.9698,45.6919],[-86.9813,45.6965],[-86.9846,45.7058],[-86.9824,45.7199],[-86.9777,45.7288],[-86.9752,45.7531],[-86.9813,45.7662],[-86.9816,45.7922],[-86.9884,45.8106],[-87.0051,45.8317],[-87.0062,45.8323],[-87.0189,45.8389],[-87.0314,45.8372],[-87.0375,45.8351],[-87.0398,45.8342],[-87.052,45.8219],[-87.0574,45.8125],[-87.0588,45.8015],[-87.0581,45.7792],[-87.0598,45.7756],[-87.064,45.7665],[-87.0643,45.7588],[-87.0624,45.7533],[-87.0555,45.7515],[-87.0529,45.748],[-87.0574,45.7368],[-87.0617,45.7328],[-87.0704,45.7188],[-87.0657,45.7143],[-87.0595,45.7085],[-87.0955,45.701],[-87.0994,45.6986],[-87.0997,45.6952],[-87.1116,45.6859],[-87.1294,45.6817],[-87.1722,45.6618],[-87.1969,45.6363],[-87.2236,45.5993],[-87.2346,45.5888],[-87.2635,45.552],[-87.2642,45.5505],[-87.2887,45.5016],[-87.3061,45.4755],[-87.3197,45.4649],[-87.3331,45.4472],[-87.3342,45.4423],[-87.3332,45.4369],[-87.33,45.4319],[-87.3258,45.43],[-87.3277,45.4253],[-87.3362,45.4154],[-87.3497,45.4084],[-87.3509,45.4077],[-87.3595,45.3998],[-87.3644,45.3885],[-87.3925,45.369],[-87.4,45.3493],[-87.4317,45.3164],[-87.4373,45.3055],[-87.4389,45.2934],[-87.4652,45.2734],[-87.5123,45.2243],[-87.549,45.1916],[-87.5634,45.1841],[-87.5707,45.1783],[-87.5857,45.1664],[-87.6008,45.1468],[-87.6036,45.1421],[-87.6093,45.1323],[-87.612,45.1234],[-87.6101,45.1141],[-87.6001,45.103],[-87.5903,45.0964],[-87.5902,45.0953],[-87.5871,45.0895],[-87.588,45.0853],[-87.5916,45.0838],[-87.5947,45.0851],[-87.6018,45.0823],[-87.6104,45.0756],[-87.6257,45.0452],[-87.6257,45.0447],[-87.6247,45.0142],[-87.6287,44.9858],[-87.647,44.9839],[-87.6579,44.9735],[-87.6965,44.9742],[-87.7625,44.9662],[-87.7719,44.9651],[-87.813,44.954],[-87.8195,44.9511],[-87.839,44.9317],[-87.8434,44.9244],[-87.8443,44.9185],[-87.8427,44.9121],[-87.8396,44.9056],[-87.8305,44.8943],[-87.8309,44.8938],[-87.8342,44.8895],[-87.8362,44.8834],[-87.8463,44.8804],[-87.8467,44.8719],[-87.8528,44.8649],[-87.8547,44.8578],[-87.8662,44.8405],[-87.8741,44.8395],[-87.8782,44.839],[-87.9011,44.8274],[-87.9045,44.8187],[-87.9268,44.7786],[-87.9415,44.7561],[-87.9516,44.7531],[-87.9647,44.7436],[-87.9663,44.7415],[-87.9835,44.7202],[-87.9897,44.6866],[-87.9899,44.6776],[-87.9901,44.6685],[-88.0021,44.664],[-88.0098,44.6371],[-88.0095,44.6304],[-87.9987,44.6093],[-88.0019,44.6039],[-88.0124,44.6024],[-88.0164,44.5921],[-88.0271,44.579],[-88.0361,44.5768],[-88.0412,44.5726],[-88.0424,44.5666],[-88.0354,44.5614],[-88.0055,44.5392],[-88.005,44.5391],[-87.979,44.5324],[-87.9707,44.5303],[-87.9553,44.5299],[-87.945,44.5297],[-87.9438,44.5297],[-87.929,44.536],[-87.917,44.5481],[-87.9012,44.5689],[-87.8989,44.5741],[-87.8992,44.5747],[-87.9037,44.5813],[-87.9012,44.5845],[-87.8917,44.589],[-87.8669,44.6084],[-87.8308,44.6236],[-87.8088,44.6363],[-87.7752,44.6393],[-87.7658,44.642],[-87.7624,44.6446],[-87.7546,44.6504],[-87.7509,44.6562],[-87.7501,44.6622],[-87.7484,44.6671],[-87.7361,44.677],[-87.7298,44.682],[-87.7198,44.6932],[-87.7184,44.7078],[-87.7218,44.719],[-87.7209,44.7245],[-87.7059,44.7382],[-87.6882,44.7589],[-87.6463,44.7987],[-87.6371,44.8136],[-87.6101,44.8384],[-87.5813,44.8518],[-87.5732,44.8531],[-87.5503,44.8513],[-87.531,44.8574],[-87.5183,44.8671],[-87.5151,44.8696],[-87.5016,44.8643],[-87.4785,44.8636],[-87.4371,44.8927],[-87.4331,44.8927],[-87.4203,44.8876],[-87.4191,44.8854],[-87.42,44.8759],[-87.41,44.862],[-87.4055,44.86],[-87.3959,44.8626],[-87.3848,44.8655],[-87.3836,44.8851],[-87.3854,44.89],[-87.3934,44.8982],[-87.4062,44.9045],[-87.405,44.9118],[-87.3984,44.9252],[-87.3934,44.9344],[-87.3873,44.9394],[-87.3825,44.946],[-87.3748,44.9566],[-87.3603,44.9876],[-87.3365,45.0135],[-87.3221,45.0342],[-87.3028,45.0524],[-87.2843,45.0637],[-87.2649,45.0814],[-87.2629,45.0864],[-87.2605,45.0926],[-87.2606,45.106],[-87.2574,45.1216],[-87.2505,45.1313],[-87.2403,45.1379],[-87.2429,45.1494],[-87.2382,45.1673],[-87.2312,45.1729],[-87.222,45.175],[-87.2144,45.1657],[-87.1952,45.1631],[-87.1751,45.1731],[-87.1672,45.1836],[-87.1632,45.1853],[-87.1477,45.1907],[-87.133,45.1928],[-87.1237,45.1899],[-87.12,45.1911],[-87.1196,45.2002],[-87.1194,45.2054],[-87.1216,45.2098],[-87.1228,45.223],[-87.1164,45.2415],[-87.1087,45.257],[-87.0783,45.2657],[-87.071,45.2804],[-87.0576,45.2928],[-87.0517,45.2859],[-87.0439,45.2848],[-87.0342,45.2878],[-87.017,45.2993],[-86.9941,45.2981],[-86.9834,45.2954],[-86.9778,45.2907],[-86.9704,45.2785],[-86.9745,45.2718],[-86.9844,45.2644],[-86.985,45.2587],[-86.9827,45.2491],[-86.9767,45.2461],[-86.973,45.2464],[-86.9788,45.2273],[-86.986,45.2159],[-87.0028,45.2118],[-87.0054,45.2137],[-87.0075,45.2221],[-87.0325,45.2223],[-87.0409,45.2115],[-87.0459,45.1739],[-87.0452,45.1584],[-87.0288,45.1464],[-87.0331,45.1418],[-87.0457,45.135],[-87.0543,45.12],[-87.051,45.1162],[-87.049,45.1087],[-87.0482,45.0891],[-87.0574,45.0875],[-87.0632,45.0793],[-87.0796,45.0708],[-87.0819,45.0591],[-87.0916,45.0551],[-87.1212,45.0583],[-87.1247,45.0529],[-87.1248,45.0422],[-87.1394,45.0126],[-87.1501,45.01],[-87.1541,45.0091],[-87.1635,45.0049],[-87.1819,44.9809],[-87.1894,44.9686],[-87.1884,44.9481],[-87.1752,44.9398],[-87.1717,44.9315],[-87.1749,44.9277],[-87.1867,44.9255],[-87.2042,44.9168],[-87.216,44.9066],[-87.2172,44.8978],[-87.2063,44.8859],[-87.2045,44.8756],[-87.2668,44.8472],[-87.2674,44.8469],[-87.2748,44.8352],[-87.276,44.8332],[-87.2826,44.8147],[-87.3048,44.8046],[-87.3138,44.7938],[-87.3152,44.7918],[-87.3204,44.785],[-87.319,44.7713],[-87.3376,44.7378],[-87.3435,44.7192],[-87.3538,44.7019],[-87.3683,44.6841],[-87.3733,44.6755],[-87.3935,44.6407],[-87.4016,44.6312],[-87.4054,44.6272],[-87.418,44.6209],[-87.422,44.6177],[-87.4375,44.6051],[-87.4459,44.5885],[-87.447,44.5863],[-87.4681,44.5519],[-87.4837,44.5114],[-87.4839,44.5044],[-87.49,44.4772],[-87.4987,44.4607],[-87.4989,44.4594],[-87.5064,44.4238],[-87.5116,44.414],[-87.518,44.3944],[-87.5176,44.3757],[-87.521,44.3675],[-87.5336,44.3511],[-87.5429,44.3275],[-87.5454,44.3214],[-87.5447,44.3069],[-87.5412,44.2931],[-87.5218,44.26],[-87.5084,44.2297],[-87.5074,44.2108],[-87.5129,44.1928],[-87.5197,44.1799],[-87.5268,44.1727],[-87.5399,44.1597],[-87.5442,44.1569],[-87.5626,44.1446],[-87.5632,44.1442],[-87.6009,44.1317],[-87.6201,44.1224],[-87.6211,44.1219],[-87.6416,44.1081],[-87.6466,44.1047],[-87.6514,44.0919],[-87.6552,44.0819],[-87.6535,44.0672],[-87.6561,44.0518],[-87.6713,44.0373],[-87.6714,44.0372],[-87.6809,44.0237],[-87.6834,44.0201],[-87.6955,43.9896],[-87.697,43.9795],[-87.6989,43.9659],[-87.704,43.9567],[-87.716,43.9437],[-87.719,43.9378],[-87.7268,43.9031],[-87.7313,43.8922],[-87.7362,43.8804],[-87.736,43.8737],[-87.7287,43.8525],[-87.7296,43.8318],[-87.7264,43.8104],[-87.7236,43.8057],[-87.7145,43.7909],[-87.7118,43.7864],[-87.7003,43.7674],[-87.7001,43.7614],[-87.7003,43.7607],[-87.703,43.7497],[-87.7034,43.7488],[-87.7052,43.7451],[-87.7083,43.7429],[-87.7099,43.7358],[-87.7094,43.7319],[-87.7082,43.7229],[-87.703,43.7064],[-87.7029,43.7017],[-87.7027,43.6876],[-87.7062,43.6795],[-87.7343,43.6392],[-87.7418,43.6295],[-87.7813,43.5785],[-87.7901,43.5631],[-87.7943,43.543],[-87.7976,43.5273],[-87.7973,43.5106],[-87.7932,43.4928],[-87.8078,43.4611],[-87.8116,43.456],[-87.8273,43.4348],[-87.8556,43.4054],[-87.865,43.3936],[-87.8668,43.3905],[-87.8725,43.3802],[-87.8728,43.3796],[-87.8774,43.3692],[-87.8776,43.3686],[-87.8824,43.3521],[-87.8892,43.3077],[-87.9018,43.2841],[-87.903,43.2803],[-87.9118,43.2504],[-87.9118,43.2502],[-87.9101,43.2359],[-87.9048,43.2211],[-87.8963,43.1971],[-87.8921,43.192],[-87.8876,43.1866],[-87.8811,43.1706],[-87.8815,43.1697],[-87.8923,43.1487],[-87.9003,43.1373],[-87.9014,43.1332],[-87.9005,43.1259],[-87.8932,43.114],[-87.8761,43.099],[-87.8694,43.0819],[-87.8666,43.0747],[-87.8665,43.0744],[-87.8702,43.0644],[-87.8827,43.0526],[-87.8951,43.0423],[-87.8987,43.0288],[-87.8979,43.0252],[-87.8958,43.0158],[-87.8877,43.0006],[-87.8877,43.0005],[-87.8832,42.9965],[-87.8787,42.9924],[-87.8722,42.9881],[-87.8695,42.9863],[-87.8572,42.978],[-87.8485,42.9665],[-87.8452,42.962],[-87.8427,42.9441],[-87.844,42.9302],[-87.8461,42.9074],[-87.8474,42.8931],[-87.8478,42.8892],[-87.8409,42.872],[-87.8349,42.8567],[-87.827,42.8422],[-87.8233,42.8353],[-87.7941,42.8063],[-87.794,42.8062],[-87.7788,42.7967],[-87.7737,42.7935],[-87.7667,42.7849],[-87.7698,42.7737],[-87.7726,42.77],[-87.7782,42.7628],[-87.7801,42.7555],[-87.7822,42.7477],[-87.7809,42.7405],[-87.7797,42.7335],[-87.7786,42.7273],[-87.7789,42.726],[-87.7824,42.7082],[-87.7837,42.7045],[-87.7851,42.7008],[-87.7868,42.7007],[-87.7949,42.6899],[-87.8031,42.6754],[-87.8059,42.6679],[-87.8147,42.644],[-87.8177,42.6272],[-87.8197,42.6158],[-87.8194,42.6066],[-87.8151,42.5941],[-87.8117,42.5886],[-87.8109,42.5873],[-87.8128,42.5807],[-87.8133,42.5792],[-87.8128,42.5562],[-87.8125,42.5407],[-87.8123,42.5298],[-87.8097,42.5148],[-87.8005,42.4919],[-87.7991,42.4806],[-87.7982,42.4725],[-87.7981,42.4717],[-87.8004,42.4497],[-87.801,42.4435],[-87.8011,42.4421],[-87.8034,42.4206],[-87.8035,42.4182],[-87.8038,42.4138],[-87.8054,42.3847],[-87.8055,42.3846],[-87.8165,42.3638],[-87.8218,42.3624],[-87.8236,42.3619],[-87.8238,42.3619],[-87.8248,42.3573],[-87.826,42.3519],[-87.8285,42.3412],[-87.831,42.3303],[-87.8312,42.3285],[-87.8314,42.3269],[-87.8317,42.3249],[-87.8343,42.3048],[-87.8348,42.3015],[-87.8335,42.2949],[-87.8327,42.2912],[-87.8286,42.2699],[-87.828,42.2687],[-87.8269,42.266],[-87.8266,42.2653],[-87.8262,42.2643],[-87.8253,42.2623],[-87.8156,42.2396],[-87.8123,42.2318],[-87.8119,42.2312],[-87.8092,42.2259],[-87.8084,42.2242],[-87.8001,42.208],[-87.7966,42.2033],[-87.7914,42.1962],[-87.791,42.1956],[-87.7871,42.1903],[-87.7784,42.1784],[-87.7759,42.175],[-87.7592,42.1523],[-87.7544,42.1456],[-87.7504,42.1402],[-87.7417,42.1282],[-87.7413,42.1278],[-87.739,42.125],[-87.7339,42.1189],[-87.7247,42.1077],[-87.711,42.0953],[-87.7109,42.0953],[-87.7024,42.0894],[-87.6978,42.0863],[-87.6916,42.082],[-87.6824,42.0757],[-87.6822,42.0754],[-87.6807,42.0732],[-87.6798,42.0717],[-87.6735,42.0615],[-87.6715,42.0583],[-87.6705,42.053],[-87.6711,42.0509],[-87.6712,42.0505],[-87.6719,42.048],[-87.6711,42.0428],[-87.6708,42.0411],[-87.6697,42.0338],[-87.669,42.0291],[-87.6666,42.0231],[-87.6651,42.0193],[-87.6625,42.0128],[-87.6567,41.9982],[-87.656,41.9964],[-87.6551,41.9942],[-87.6548,41.9933],[-87.6546,41.9928],[-87.6544,41.9924],[-87.6542,41.9919],[-87.6537,41.9905],[-87.6536,41.9904],[-87.6536,41.9902],[-87.6528,41.9882],[-87.6527,41.9881],[-87.6524,41.9873],[-87.6511,41.984],[-87.6507,41.983],[-87.649,41.9786],[-87.6484,41.9773],[-87.6454,41.9697],[-87.6416,41.9599],[-87.6398,41.9554],[-87.6397,41.9551],[-87.6396,41.9549],[-87.6394,41.9544],[-87.6393,41.9542],[-87.6371,41.9487],[-87.637,41.9485],[-87.6356,41.9448],[-87.634,41.9408],[-87.6327,41.9376],[-87.6324,41.9368],[-87.631,41.9331],[-87.6309,41.933],[-87.6294,41.9265],[-87.6275,41.9188],[-87.6275,41.9187],[-87.6272,41.9174],[-87.627,41.9167],[-87.6268,41.9157],[-87.6257,41.9112],[-87.6248,41.9072],[-87.6241,41.9046],[-87.6241,41.9042],[-87.6229,41.902],[-87.6199,41.9014],[-87.6189,41.9001],[-87.6174,41.898],[-87.6165,41.8968],[-87.6159,41.8959],[-87.6143,41.8936],[-87.6142,41.8934],[-87.6139,41.8934],[-87.6123,41.8933],[-87.6117,41.8922],[-87.6117,41.8907],[-87.6118,41.8906],[-87.6127,41.8892],[-87.6142,41.8884],[-87.6136,41.8845],[-87.6165,41.8824],[-87.6165,41.8809],[-87.6163,41.8733],[-87.6163,41.8689],[-87.6162,41.8689],[-87.6116,41.8528],[-87.6107,41.8497],[-87.6106,41.8493],[-87.6105,41.849],[-87.6102,41.8477],[-87.6095,41.8452],[-87.6091,41.8445],[-87.6064,41.8389],[-87.6062,41.8385],[-87.6027,41.8313],[-87.6005,41.8268],[-87.5994,41.8255],[-87.5924,41.8169],[-87.5877,41.8112],[-87.587,41.8104],[-87.5834,41.8059],[-87.5815,41.8037],[-87.5812,41.8026],[-87.5808,41.8011],[-87.5807,41.8007],[-87.5807,41.8006],[-87.5804,41.7994],[-87.5802,41.7985],[-87.58,41.7977],[-87.5798,41.7971],[-87.5793,41.7952],[-87.5791,41.7941],[-87.5779,41.7897],[-87.577,41.7861],[-87.5769,41.7858],[-87.5764,41.7836],[-87.5742,41.781],[-87.5732,41.7798],[-87.5728,41.7793],[-87.5666,41.7721],[-87.5616,41.7663],[-87.5602,41.7646],[-87.5599,41.7644],[-87.5458,41.7542],[-87.5428,41.7521],[-87.5307,41.7482],[-87.5268,41.7339],[-87.5246,41.7257],[-87.5241,41.724],[-87.524,41.7083],[-87.517,41.7086],[-87.511,41.706],[-87.5029,41.691],[-87.5024,41.69],[-87.5003,41.6888],[-87.4753,41.6734],[-87.4666,41.6732],[-87.4622,41.6759],[-87.4489,41.6841],[-87.4463,41.684],[-87.4363,41.684],[-87.4289,41.6879],[-87.4249,41.6901],[-87.4165,41.6884],[-87.4076,41.681],[-87.4052,41.6737],[-87.4212,41.6595],[-87.4336,41.6565],[-87.4341,41.6496],[-87.4331,41.649],[-87.4234,41.6428],[-87.3956,41.6374],[-87.3945,41.6372],[-87.3654,41.6295],[-87.3436,41.6261],[-87.3243,41.623],[-87.2888,41.6223],[-87.2876,41.6222],[-87.2784,41.6197],[-87.2615,41.6203],[-87.2226,41.6242],[-87.2207,41.6244],[-87.2028,41.6272],[-87.1877,41.6297],[-87.1835,41.6308],[-87.1606,41.6373],[-87.1608,41.6454],[-87.1445,41.6477],[-87.1258,41.6503],[-87.1204,41.6457],[-87.1203,41.6457],[-87.0675,41.6614],[-87.066,41.6618],[-87.0279,41.6747],[-87.0096,41.6815],[-86.9348,41.7096],[-86.9327,41.711],[-86.911,41.7257],[-86.9091,41.7269],[-86.8755,41.7379],[-86.8754,41.7379],[-86.8376,41.7546],[-86.8248,41.7602],[-86.7772,41.7847],[-86.7494,41.8008],[-86.717,41.8193],[-86.704,41.8282],[-86.6794,41.8448],[-86.6194,41.8938],[-86.6166,41.897],[-86.6143,41.8996],[-86.5979,41.9183],[-86.5822,41.9422],[-86.5628,41.9857],[-86.5564,42],[-86.5376,42.0289],[-86.5322,42.0372],[-86.524,42.0498],[-86.5234,42.0507],[-86.509,42.0728],[-86.5089,42.073],[-86.5013,42.0845],[-86.4901,42.1051],[-86.4852,42.1182],[-86.479,42.1235],[-86.4663,42.1344],[-86.4637,42.137],[-86.4429,42.1577],[-86.4371,42.1635],[-86.4041,42.1964],[-86.4022,42.1985],[-86.3852,42.2173],[-86.3649,42.2431],[-86.3562,42.2542],[-86.3218,42.3107],[-86.3114,42.3308],[-86.2972,42.3582],[-86.2923,42.372],[-86.2844,42.3946],[-86.2847,42.398],[-86.285,42.4018],[-86.2769,42.4133],[-86.2616,42.4439],[-86.2497,42.4802],[-86.2447,42.5131],[-86.2406,42.54],[-86.2353,42.565],[-86.2281,42.5834],[-86.226,42.5931],[-86.2256,42.5948],[-86.2274,42.6169],[-86.2291,42.6377],[-86.2266,42.6449],[-86.216,42.6644],[-86.2115,42.6813],[-86.2094,42.6895],[-86.2087,42.6921],[-86.2068,42.7194],[-86.2068,42.7198],[-86.2079,42.7499],[-86.2083,42.7628],[-86.2089,42.7675],[-86.2096,42.773],[-86.2108,42.7832],[-86.2109,42.7838],[-86.2113,42.8041],[-86.2117,42.8252],[-86.2118,42.8314],[-86.2118,42.8332],[-86.2109,42.8555],[-86.2107,42.8591],[-86.2141,42.8836],[-86.2154,42.9057],[-86.2162,42.919],[-86.2197,42.9426],[-86.2263,42.9883],[-86.2327,43.0158],[-86.2388,43.0336],[-86.2443,43.0497],[-86.2501,43.0575],[-86.2501,43.0581],[-86.2505,43.067],[-86.2546,43.0834],[-86.2567,43.0874],[-86.272,43.1184],[-86.2808,43.136],[-86.2872,43.1468],[-86.299,43.1665],[-86.3113,43.1869],[-86.3163,43.1951],[-86.3212,43.2026],[-86.3215,43.2031],[-86.3298,43.2158],[-86.3429,43.2357],[-86.3487,43.2445],[-86.358,43.2587],[-86.3841,43.2985],[-86.3957,43.3162],[-86.4078,43.3384],[-86.4092,43.3413],[-86.4251,43.3752],[-86.4351,43.3967],[-86.4426,43.416],[-86.4487,43.432],[-86.4622,43.4723],[-86.4687,43.492],[-86.4793,43.5153],[-86.5202,43.5767],[-86.5295,43.5935],[-86.5385,43.6175],[-86.5409,43.6332],[-86.5408,43.6446],[-86.5405,43.6464],[-86.5385,43.6588],[-86.5292,43.6779],[-86.5103,43.6986],[-86.4819,43.7251],[-86.4733,43.7342],[-86.4616,43.7467],[-86.4451,43.7716],[-86.4374,43.7893],[-86.431,43.816],[-86.4311,43.8194],[-86.4312,43.8407],[-86.4339,43.8556],[-86.4455,43.8897],[-86.4479,43.9181],[-86.4577,43.9521],[-86.4593,43.9575],[-86.4631,43.971],[-86.4833,44.0012],[-86.5017,44.0219],[-86.5074,44.0306],[-86.5088,44.0328],[-86.5147,44.0479],[-86.5147,44.0581],[-86.5088,44.0679],[-86.5005,44.0756],[-86.4469,44.106],[-86.4299,44.1198],[-86.4211,44.1295],[-86.4006,44.1568],[-86.3869,44.1787],[-86.3801,44.1895],[-86.3628,44.2081],[-86.3521,44.2286],[-86.3516,44.2294],[-86.3438,44.2496],[-86.3432,44.2501],[-86.3273,44.2631],[-86.3246,44.268],[-86.316,44.2842],[-86.3092,44.2946],[-86.3003,44.3082],[-86.2687,44.3453],[-86.2646,44.359],[-86.2519,44.401],[-86.2481,44.4209],[-86.2482,44.4278],[-86.2483,44.4348],[-86.2518,44.4516],[-86.2516,44.4654],[-86.2489,44.483],[-86.2437,44.4889],[-86.2387,44.5017],[-86.2335,44.5183],[-86.2238,44.549],[-86.2207,44.5667],[-86.2254,44.5946],[-86.2318,44.6091],[-86.2435,44.6297],[-86.2539,44.6481],[-86.259,44.6637],[-86.2582,44.6719],[-86.2568,44.6868],[-86.2554,44.6908],[-86.255,44.6919],[-86.2485,44.699],[-86.2325,44.7061],[-86.1722,44.7206],[-86.1603,44.7282],[-86.1561,44.7282],[-86.1211,44.728],[-86.1062,44.7311],[-86.0892,44.7415],[-86.0779,44.7582],[-86.0735,44.7698],[-86.0731,44.7781],[-86.0717,44.8047],[-86.066,44.8215],[-86.066,44.8349],[-86.0711,44.8654],[-86.0725,44.8848],[-86.071,44.8959],[-86.0667,44.9057],[-86.0589,44.911],[-86.0383,44.9157],[-86.0312,44.9073],[-86.0215,44.9028],[-86.0094,44.8995],[-85.9925,44.9],[-85.9802,44.9061],[-85.9728,44.9148],[-85.9672,44.9295],[-85.9616,44.9356],[-85.9527,44.9408],[-85.9519,44.9418],[-85.9421,44.9543],[-85.9386,44.9646],[-85.9316,44.9688],[-85.9159,44.9683],[-85.8976,44.962],[-85.8915,44.9578],[-85.8799,44.9433],[-85.8728,44.9403],[-85.8699,44.939],[-85.8543,44.9381],[-85.8362,44.9403],[-85.8155,44.9456],[-85.8116,44.9476],[-85.8074,44.9498],[-85.7804,44.9779],[-85.7783,44.9831],[-85.7762,45.0006],[-85.7714,45.0152],[-85.7619,45.0235],[-85.7464,45.0512],[-85.7408,45.0556],[-85.7123,45.0656],[-85.6957,45.0765],[-85.6912,45.0814],[-85.6811,45.0927],[-85.6757,45.1055],[-85.6749,45.1162],[-85.656,45.1458],[-85.6186,45.1868],[-85.6132,45.1846],[-85.6117,45.1811],[-85.607,45.1785],[-85.5931,45.1785],[-85.586,45.1804],[-85.5647,45.1925],[-85.5618,45.2005],[-85.5511,45.2107],[-85.5405,45.2102],[-85.5267,45.1893],[-85.5315,45.1772],[-85.5369,45.1734],[-85.5522,45.1674],[-85.5617,45.1589],[-85.5621,45.157],[-85.5631,45.1554],[-85.5639,45.1544],[-85.5649,45.154],[-85.5665,45.1538],[-85.5685,45.1538],[-85.5702,45.1551],[-85.5739,45.1555],[-85.5904,45.1532],[-85.5998,45.1493],[-85.6143,45.1276],[-85.6093,45.1135],[-85.5832,45.0713],[-85.5734,45.0684],[-85.5649,45.0594],[-85.5644,45.0436],[-85.5769,45.0419],[-85.5823,45.0518],[-85.5905,45.0516],[-85.5953,45.0457],[-85.5962,45.0408],[-85.5997,45.0217],[-85.6091,45.0131],[-85.6219,45.0045],[-85.6298,45.0025],[-85.6357,44.9932],[-85.6451,44.98],[-85.6493,44.9741],[-85.6457,44.9714],[-85.6415,44.9682],[-85.6335,44.9668],[-85.6208,44.9742],[-85.6066,44.9907],[-85.6043,44.991],[-85.6024,44.9743],[-85.602,44.9267],[-85.6047,44.9262],[-85.6214,44.9231],[-85.6255,44.9211],[-85.6398,44.8903],[-85.6455,44.8836],[-85.6461,44.8817],[-85.6489,44.874],[-85.6524,44.8491],[-85.6514,44.8316],[-85.6417,44.8108],[-85.6382,44.7953],[-85.637,44.7901],[-85.6408,44.7756],[-85.6402,44.7751],[-85.637,44.7721],[-85.6361,44.7713],[-85.628,44.7675],[-85.6228,44.7668],[-85.6196,44.7664],[-85.6108,44.7652],[-85.6054,44.7655],[-85.5993,44.7659],[-85.5936,44.7688],[-85.591,44.7839],[-85.5817,44.8078],[-85.5459,44.864],[-85.5329,44.8732],[-85.5306,44.8898],[-85.5373,44.8958],[-85.5595,44.8881],[-85.5645,44.8952],[-85.5397,44.9168],[-85.5336,44.9258],[-85.5202,44.9603],[-85.5221,44.9667],[-85.52,44.974],[-85.4926,44.9898],[-85.4752,44.9911],[-85.4705,44.9807],[-85.4649,44.9611],[-85.4666,44.9588],[-85.4723,44.9594],[-85.4857,44.9536],[-85.4913,44.9276],[-85.4925,44.9082],[-85.4886,44.9017],[-85.498,44.8655],[-85.5022,44.8558],[-85.5086,44.8479],[-85.5191,44.8453],[-85.5399,44.8342],[-85.5559,44.8183],[-85.5602,44.8101],[-85.5604,44.7957],[-85.5605,44.7897],[-85.5766,44.7602],[-85.5749,44.7587],[-85.5713,44.7553],[-85.5543,44.7487],[-85.5383,44.7468],[-85.5272,44.7482],[-85.5266,44.7488],[-85.5078,44.7654],[-85.5048,44.7681],[-85.5039,44.773],[-85.5052,44.7816],[-85.5093,44.7873],[-85.4996,44.8038],[-85.4748,44.815],[-85.4629,44.8251],[-85.4604,44.8357],[-85.4423,44.8598],[-85.4258,44.8816],[-85.423,44.895],[-85.4062,44.9118],[-85.3958,44.931],[-85.3783,44.9986],[-85.3817,45.0184],[-85.3816,45.0199],[-85.3807,45.0463],[-85.3776,45.0557],[-85.3664,45.069],[-85.3669,45.1169],[-85.3726,45.1262],[-85.3769,45.1429],[-85.3805,45.1809],[-85.3867,45.1895],[-85.3875,45.2078],[-85.3886,45.2352],[-85.3716,45.2708],[-85.3555,45.2828],[-85.335,45.294],[-85.3239,45.3034],[-85.3165,45.3078],[-85.3076,45.3131],[-85.2948,45.3164],[-85.2896,45.3141],[-85.2738,45.3154],[-85.263,45.3195],[-85.2551,45.3257],[-85.2522,45.3309],[-85.2356,45.3394],[-85.2097,45.3569],[-85.1967,45.3606],[-85.1825,45.3608],[-85.1437,45.3704],[-85.096,45.367],[-85.0548,45.3641],[-85.0431,45.3615],[-85.0328,45.3613],[-85.0222,45.3667],[-84.9768,45.3734],[-84.9608,45.3757],[-84.9591,45.376],[-84.9177,45.3924],[-84.9159,45.3931],[-84.9125,45.4028],[-84.913,45.4098],[-84.9162,45.4176],[-84.922,45.4219],[-84.981,45.4294],[-84.99,45.4276],[-84.9908,45.4253],[-84.9949,45.4234],[-84.995,45.4234],[-85.0409,45.4367],[-85.0696,45.4592],[-85.0884,45.4769],[-85.1093,45.5216],[-85.1155,45.5394],[-85.1197,45.569],[-85.1186,45.5752],[-85.1119,45.5858],[-85.0935,45.6001],[-85.0795,45.6171],[-85.0757,45.6237],[-85.0749,45.6292],[-85.0615,45.6395],[-85.0178,45.6509],[-85.0153,45.6516],[-85.007,45.6564],[-85.0012,45.6612],[-84.9963,45.6697],[-84.9709,45.6863],[-84.9438,45.7103],[-84.9405,45.7218],[-84.9421,45.7285],[-84.9508,45.7369],[-84.976,45.7515],[-84.9753,45.7586],[-84.9383,45.7599],[-84.9247,45.7569],[-84.9104,45.75],[-84.867,45.7521],[-84.841,45.7448],[-84.8066,45.7462],[-84.7996,45.7471],[-84.7888,45.7523],[-84.7814,45.7611],[-84.7798,45.7696],[-84.7923,45.7785],[-84.7932,45.7805],[-84.7803,45.7872],[-84.7728,45.7893],[-84.7516,45.7827],[-84.742,45.7841],[-84.7341,45.7882],[-84.7324,45.7879],[-84.7262,45.7869],[-84.7189,45.7776],[-84.716,45.7662],[-84.682,45.7562],[-84.6795,45.7491],[-84.6448,45.74],[-84.6047,45.7217],[-84.5736,45.7104],[-84.5555,45.7023],[-84.5533,45.6986],[-84.539,45.6904],[-84.5305,45.6862],[-84.4662,45.6546],[-84.4617,45.6524],[-84.4423,45.6548],[-84.4354,45.6641],[-84.4275,45.6692],[-84.4136,45.6694],[-84.4003,45.6633],[-84.3935,45.6611],[-84.3764,45.6556],[-84.3295,45.6644],[-84.2897,45.6533],[-84.2702,45.6448],[-84.2153,45.6348],[-84.2042,45.6271],[-84.196,45.6215],[-84.1805,45.6046],[-84.1571,45.5853],[-84.1395,45.5737],[-84.1289,45.5623],[-84.1265,45.5566],[-84.127,45.5424],[-84.1223,45.5238],[-84.1167,45.5131],[-84.1092,45.5052],[-84.0959,45.4973],[-84.0758,45.4905],[-84.0561,45.4893],[-84.04,45.4937],[-84.0363,45.4962],[-84.0288,45.4972],[-84.0096,45.4951],[-83.9984,45.4912],[-83.978,45.4941],[-83.9393,45.4932],[-83.9095,45.4858],[-83.8818,45.4679],[-83.8586,45.4469],[-83.8415,45.4353],[-83.8351,45.4323],[-83.8066,45.4192],[-83.7888,45.4164],[-83.7732,45.4173],[-83.7556,45.411],[-83.7438,45.411],[-83.7373,45.4109],[-83.7218,45.4133],[-83.6973,45.3962],[-83.6679,45.3847],[-83.6438,45.3717],[-83.5993,45.3526],[-83.5733,45.3478],[-83.5704,45.3472],[-83.5503,45.3508],[-83.5468,45.3526],[-83.5457,45.3584],[-83.5383,45.3582],[-83.5203,45.3472],[-83.5147,45.3465],[-83.4871,45.3436],[-83.4822,45.3304],[-83.4674,45.3315],[-83.4457,45.3106],[-83.433,45.3037],[-83.4251,45.2968],[-83.4224,45.2908],[-83.4011,45.2796],[-83.3883,45.2769],[-83.3851,45.2742],[-83.3817,45.269],[-83.3906,45.2534],[-83.4115,45.254],[-83.4124,45.2389],[-83.4059,45.2272],[-83.3876,45.2071],[-83.3843,45.2035],[-83.3816,45.2034],[-83.3689,45.1822],[-83.368,45.1725],[-83.3637,45.1665],[-83.3599,45.163],[-83.3487,45.1615],[-83.3378,45.1471],[-83.3161,45.142],[-83.3172,45.1292],[-83.316,45.1241],[-83.3121,45.1116],[-83.3105,45.1075],[-83.3018,45.0939],[-83.3073,45.088],[-83.3166,45.0789],[-83.3109,45.0707],[-83.3093,45.0661],[-83.3139,45.0534],[-83.3038,45.0481],[-83.2803,45.046],[-83.277,45.0448],[-83.2715,45.0381],[-83.2659,45.0268],[-83.2715,45.0234],[-83.288,45.0265],[-83.3022,45.0323],[-83.3403,45.0415],[-83.3576,45.0506],[-83.3675,45.0623],[-83.3652,45.0729],[-83.3804,45.0771],[-83.3867,45.0724],[-83.392,45.0685],[-83.3993,45.0704],[-83.4306,45.0588],[-83.4338,45.0576],[-83.4421,45.0511],[-83.4484,45.0422],[-83.4534,45.0353],[-83.4535,45.0286],[-83.4507,45.0219],[-83.4357,45.0126],[-83.4365,45.0056],[-83.4612,45.0008],[-83.4622,44.9939],[-83.4461,44.9813],[-83.4437,44.9522],[-83.4389,44.9408],[-83.433,44.9329],[-83.4253,44.9267],[-83.4046,44.9188],[-83.3989,44.9064],[-83.394,44.9031],[-83.3528,44.8862],[-83.3205,44.8806],[-83.3211,44.8585],[-83.3212,44.853],[-83.3144,44.8422],[-83.3006,44.8298],[-83.2955,44.7934],[-83.297,44.7585],[-83.2983,44.7549],[-83.2973,44.7461],[-83.2907,44.7293],[-83.2841,44.7218],[-83.2734,44.7139],[-83.2768,44.6894],[-83.2894,44.653],[-83.3075,44.6298],[-83.3145,44.6087],[-83.3156,44.5951],[-83.3153,44.5911],[-83.3136,44.5646],[-83.3089,44.5484],[-83.3085,44.5399],[-83.3183,44.5144],[-83.3182,44.5117],[-83.3176,44.4861],[-83.3232,44.4607],[-83.3268,44.4444],[-83.3272,44.4292],[-83.3246,44.415],[-83.3216,44.4091],[-83.3216,44.4045],[-83.332,44.3771],[-83.3338,44.3725],[-83.3352,44.358],[-83.3325,44.3405],[-83.337,44.3329],[-83.3437,44.3298],[-83.3521,44.3324],[-83.3643,44.3326],[-83.3736,44.3278],[-83.3907,44.3121],[-83.4018,44.3018],[-83.4143,44.2945],[-83.4192,44.2878],[-83.4258,44.2725],[-83.4297,44.2697],[-83.4427,44.2654],[-83.4458,44.2734],[-83.463,44.2788],[-83.4795,44.2801],[-83.5004,44.2766],[-83.5088,44.2737],[-83.5143,44.2696],[-83.5248,44.2616],[-83.536,44.25],[-83.5377,44.2482],[-83.5491,44.2273],[-83.5529,44.2107],[-83.5538,44.198],[-83.5656,44.1635],[-83.5683,44.1556],[-83.5695,44.1287],[-83.5682,44.1194],[-83.5731,44.1013],[-83.588,44.0868],[-83.5885,44.0857],[-83.5914,44.0792],[-83.5904,44.0696],[-83.5841,44.0567],[-83.6012,44.0547],[-83.6211,44.0562],[-83.6501,44.0524],[-83.6797,44.0364],[-83.6879,44.0207],[-83.6801,43.9942],[-83.6855,43.9901],[-83.7074,43.9987],[-83.7288,44.0034],[-83.7473,44.0028],[-83.7516,43.9922],[-83.7638,43.9852],[-83.7868,43.9874],[-83.8001,43.9877],[-83.802,43.9939],[-83.8067,43.9946],[-83.8124,43.9956],[-83.8253,43.9922],[-83.8367,43.9966],[-83.8505,43.9867],[-83.8483,43.9816],[-83.8549,43.9771],[-83.8553,43.9757],[-83.8561,43.9726],[-83.8657,43.9634],[-83.8761,43.9614],[-83.8853,43.9467],[-83.8901,43.9347],[-83.8909,43.9233],[-83.9074,43.9181],[-83.9092,43.9105],[-83.9213,43.8583],[-83.9221,43.8245],[-83.9222,43.8165],[-83.9263,43.7874],[-83.9294,43.7771],[-83.943,43.7644],[-83.9543,43.7642],[-83.9568,43.761],[-83.9543,43.7506],[-83.9492,43.7386],[-83.9393,43.7154],[-83.9297,43.7013],[-83.9119,43.6752],[-83.8971,43.664],[-83.8834,43.6582],[-83.8521,43.6449],[-83.8496,43.6459],[-83.8374,43.6504],[-83.816,43.6414],[-83.7585,43.626],[-83.7124,43.6077],[-83.7054,43.6011],[-83.6994,43.5954],[-83.6924,43.5889],[-83.6705,43.5881],[-83.6259,43.6242],[-83.5869,43.659],[-83.585,43.6608],[-83.5598,43.6851],[-83.5398,43.7086],[-83.5344,43.7091],[-83.5284,43.7143],[-83.5149,43.7095],[-83.514,43.6976],[-83.4966,43.6974],[-83.48,43.716],[-83.4723,43.729],[-83.4664,43.7349],[-83.4495,43.7542],[-83.4474,43.7566],[-83.4307,43.7851],[-83.4084,43.808],[-83.3984,43.8122],[-83.3894,43.8321],[-83.3911,43.8481],[-83.3829,43.8532],[-83.3637,43.8545],[-83.3479,43.8686],[-83.3277,43.881],[-83.3251,43.8934],[-83.3274,43.9006],[-83.3302,43.9008],[-83.4008,43.907],[-83.4005,43.9186],[-83.3187,43.9176],[-83.3057,43.9225],[-83.2823,43.938],[-83.2737,43.9497],[-83.269,43.9561],[-83.2618,43.969],[-83.2615,43.9735],[-83.2271,43.981],[-83.2054,43.9825],[-83.1957,43.9831],[-83.1806,43.9821],[-83.1454,43.9894],[-83.1349,43.9931],[-83.1262,43.9979],[-83.1207,44.001],[-83.1078,44.0032],[-83.0793,44.0011],[-83.066,44.0034],[-83.0587,44.0062],[-83.0466,44.0157],[-83.0369,44.0304],[-83.0299,44.0412],[-83.0246,44.0452],[-82.9993,44.0465],[-82.9907,44.0488],[-82.9674,44.0661],[-82.9587,44.0658],[-82.9567,44.0633],[-82.9474,44.0622],[-82.9289,44.0694],[-82.916,44.0705],[-82.8898,44.051],[-82.8759,44.045],[-82.8331,44.0369],[-82.8302,44.0359],[-82.7932,44.0232],[-82.7883,44.0137],[-82.7832,44.0094],[-82.765,44.0068],[-82.7463,43.996],[-82.739,43.9895],[-82.7285,43.9726],[-82.7122,43.9496],[-82.7098,43.9482],[-82.6935,43.918],[-82.6786,43.8837],[-82.6555,43.8679],[-82.6512,43.8625],[-82.6432,43.8525],[-82.6429,43.8464],[-82.6475,43.8445],[-82.6478,43.8427],[-82.6443,43.8375],[-82.6336,43.8312],[-82.618,43.7686],[-82.6191,43.7561],[-82.6172,43.7468],[-82.6122,43.7398],[-82.6062,43.6904],[-82.6048,43.6789],[-82.6058,43.6695],[-82.6005,43.6029],[-82.5979,43.59],[-82.5938,43.5815],[-82.5857,43.544],[-82.5657,43.5029],[-82.5655,43.4971],[-82.557,43.4737],[-82.5535,43.4641],[-82.5395,43.4375],[-82.5386,43.4316],[-82.5399,43.4224],[-82.5356,43.3681],[-82.5368,43.3485],[-82.5347,43.3438],[-82.5301,43.3338],[-82.5294,43.3162],[-82.5324,43.3058],[-82.5264,43.2541],[-82.5231,43.2254],[-82.5191,43.2127],[-82.5089,43.1967],[-82.5072,43.1845],[-82.5035,43.1689],[-82.5013,43.1597],[-82.4948,43.145],[-82.4906,43.1182],[-82.486,43.1025],[-82.4711,43.0876],[-82.4688,43.0834],[-82.4611,43.0687],[-82.4572,43.0613],[-82.4434,43.0399],[-82.427,43.0145],[-82.4228,43.008],[-82.4159,43.0056],[-82.4226,43],[-82.4233,42.9987],[-82.4242,42.9969],[-82.4246,42.9934],[-82.4231,42.9887],[-82.4209,42.9853],[-82.4203,42.9845],[-82.413,42.977],[-82.415,42.9715],[-82.4164,42.9675],[-82.4167,42.9666],[-82.4286,42.952],[-82.4471,42.9378],[-82.4476,42.9371],[-82.455,42.9269],[-82.464,42.9015],[-82.4699,42.8875],[-82.47,42.8814],[-82.4697,42.8775],[-82.4682,42.8591],[-82.469,42.8523],[-82.4717,42.841],[-82.4727,42.8368],[-82.4786,42.8252],[-82.482,42.8086],[-82.4818,42.8069],[-82.4816,42.8055],[-82.4804,42.8023],[-82.4712,42.784],[-82.4674,42.7693],[-82.4675,42.7619],[-82.4836,42.7336],[-82.4837,42.7285],[-82.4839,42.718],[-82.4945,42.7008],[-82.4969,42.6954],[-82.5105,42.6652],[-82.5103,42.6532],[-82.5099,42.6373],[-82.5116,42.633],[-82.5157,42.6223],[-82.5186,42.6148],[-82.5248,42.606],[-82.5384,42.5977],[-82.5481,42.5918],[-82.5541,42.5847],[-82.5643,42.5766],[-82.5777,42.5669],[-82.5801,42.5641],[-82.584,42.554],[-82.59,42.551],[-82.6057,42.5482],[-82.6109,42.55],[-82.6168,42.5546],[-82.6249,42.5572],[-82.6331,42.5568],[-82.6431,42.5543],[-82.6533,42.5477],[-82.6617,42.5419],[-82.6668,42.5349],[-82.6884,42.5598],[-82.681,42.5747],[-82.6786,42.5821],[-82.6888,42.5912],[-82.7074,42.5927],[-82.7132,42.5986],[-82.7018,42.6056],[-82.6769,42.6135],[-82.6825,42.6259],[-82.6584,42.6337],[-82.6547,42.6339],[-82.6513,42.6341],[-82.6457,42.6324],[-82.637,42.6397],[-82.6326,42.6406],[-82.6238,42.654],[-82.6255,42.6649],[-82.626,42.6679],[-82.6415,42.6751],[-82.6532,42.6722],[-82.6598,42.6786],[-82.6743,42.687],[-82.6855,42.69],[-82.701,42.6895],[-82.7061,42.6836],[-82.7078,42.6835],[-82.7264,42.6828],[-82.7333,42.6794],[-82.7533,42.6697],[-82.7566,42.666],[-82.7656,42.6557],[-82.7808,42.6522],[-82.7924,42.6551],[-82.7973,42.654],[-82.8073,42.6459],[-82.8135,42.6408],[-82.818,42.631],[-82.8201,42.6263],[-82.819,42.6163],[-82.811,42.6109],[-82.8046,42.6088],[-82.789,42.6034],[-82.7876,42.5983],[-82.7886,42.594],[-82.789,42.5927],[-82.7887,42.5862],[-82.7806,42.575],[-82.7814,42.5678],[-82.7853,42.5656],[-82.7967,42.5694],[-82.8101,42.5708],[-82.8124,42.5708],[-82.821,42.5707],[-82.8342,42.5678],[-82.8359,42.5668],[-82.8456,42.5608],[-82.8459,42.5606],[-82.8493,42.5557],[-82.851,42.5489],[-82.8593,42.5419],[-82.8602,42.5408],[-82.8676,42.5319],[-82.8721,42.5264],[-82.8744,42.5235],[-82.8751,42.5216],[-82.8789,42.5107],[-82.8823,42.501],[-82.8824,42.4995],[-82.8826,42.4966],[-82.8831,42.4863],[-82.8837,42.4762],[-82.8839,42.4718],[-82.8821,42.469],[-82.8788,42.464],[-82.8704,42.451],[-82.8703,42.4509],[-82.8834,42.4156],[-82.8861,42.4081],[-82.8863,42.4072],[-82.8884,42.3982],[-82.894,42.3894],[-82.8984,42.3854],[-82.9002,42.3847],[-82.9064,42.382],[-82.9119,42.3795],[-82.9151,42.3781],[-82.9191,42.3744],[-82.9292,42.3592],[-82.9298,42.3583],[-82.9292,42.3511],[-82.9454,42.3473],[-82.948,42.3459],[-82.9594,42.3396],[-82.9886,42.3324],[-83.008,42.3307],[-83.0183,42.3297],[-83.0237,42.3283],[-83.0408,42.3238],[-83.0641,42.3177],[-83.0642,42.3177],[-83.0741,42.3119],[-83.0789,42.3091],[-83.0797,42.3086],[-83.0965,42.2901],[-83.0985,42.2861],[-83.1109,42.2606],[-83.114,42.2567],[-83.128,42.2388],[-83.1284,42.2348],[-83.1308,42.2087],[-83.1313,42.2028],[-83.1339,42.1747],[-83.1327,42.1699],[-83.1244,42.1376],[-83.1213,42.1257],[-83.1324,42.0915],[-83.1736,42.0897],[-83.1832,42.0852],[-83.1852,42.0842],[-83.1895,42.0778],[-83.1917,42.0745],[-83.1903,42.0593],[-83.1865,42.0525],[-83.1876,42.0321],[-83.1868,42.0299],[-83.1859,42.0275],[-83.1815,42.0193],[-83.1872,42.0076],[-83.1905,42.0062],[-83.2086,42.005],[-83.2094,41.9957],[-83.2168,41.9886],[-83.2169,41.9886],[-83.2234,41.9892],[-83.2285,41.9873],[-83.2487,41.9727],[-83.2492,41.9724],[-83.257,41.9597],[-83.2573,41.9507],[-83.2695,41.939],[-83.2871,41.9444],[-83.296,41.9447],[-83.3029,41.9431],[-83.3035,41.9428],[-83.3159,41.9359],[-83.326,41.925],[-83.3271,41.9226],[-83.3336,41.9073],[-83.3357,41.892],[-83.336,41.8897],[-83.3416,41.88],[-83.3507,41.8738],[-83.3595,41.8678],[-83.3662,41.8655],[-83.3722,41.8741],[-83.3724,41.8745],[-83.382,41.8709],[-83.3938,41.856],[-83.3962,41.853],[-83.4096,41.8303],[-83.4173,41.8255],[-83.4223,41.8223],[-83.4342,41.8186],[-83.4396,41.8132],[-83.4417,41.8086],[-83.4434,41.7891],[-83.4375,41.7697],[-83.4273,41.7502],[-83.4241,41.7407],[-83.4344,41.7371],[-83.4519,41.7345],[-83.4538,41.7326],[-83.4556,41.7274],[-83.4681,41.7159],[-83.4681,41.7157],[-83.4709,41.7035],[-83.4674,41.7008],[-83.4632,41.6975],[-83.4626,41.697],[-83.43,41.6935],[-83.4095,41.6912],[-83.3926,41.6919],[-83.3758,41.6867],[-83.3757,41.6866],[-83.3571,41.6878],[-83.3435,41.692],[-83.3391,41.6973],[-83.3374,41.7021],[-83.3296,41.7027],[-83.3049,41.6875],[-83.3019,41.6797],[-83.2785,41.6721],[-83.2382,41.6512],[-83.2317,41.6442],[-83.1945,41.631],[-83.1657,41.6232],[-83.1459,41.6179],[-83.1039,41.6136],[-83.086,41.6067],[-83.0666,41.5953],[-83.0489,41.5747],[-83.0431,41.568],[-83.0281,41.5557],[-82.9999,41.5385],[-82.9696,41.5242],[-82.9383,41.5155],[-82.9344,41.5144],[-82.9077,41.5179],[-82.8977,41.5192],[-82.8882,41.5225],[-82.876,41.5292],[-82.8752,41.5297],[-82.8694,41.534],[-82.8568,41.5483],[-82.8558,41.5584],[-82.8552,41.5641],[-82.8595,41.5764],[-82.853,41.5833],[-82.8477,41.5856],[-82.8341,41.5876],[-82.8202,41.5707],[-82.8142,41.5651],[-82.7943,41.5465],[-82.7855,41.5407],[-82.772,41.5406],[-82.7499,41.5465],[-82.7179,41.5419],[-82.7109,41.5366],[-82.7116,41.5272],[-82.7219,41.5167],[-82.7198,41.5103],[-82.7139,41.5017],[-82.71,41.4976],[-82.6947,41.4939],[-82.6879,41.4923],[-82.6583,41.4619],[-82.6177,41.4318],[-82.617,41.4284],[-82.593,41.4169],[-82.5581,41.4],[-82.5505,41.3973],[-82.5194,41.3862],[-82.5138,41.3843],[-82.4991,41.3815],[-82.4812,41.3813],[-82.4688,41.3843],[-82.4606,41.3863],[-82.4313,41.3969],[-82.3981,41.4139],[-82.3907,41.4165],[-82.3618,41.4266],[-82.3481,41.4284],[-82.3342,41.4302],[-82.2916,41.4284],[-82.2835,41.4293],[-82.2685,41.4308],[-82.2547,41.4344],[-82.2266,41.4482],[-82.1998,41.4614],[-82.1934,41.4645],[-82.1908,41.4666],[-82.1889,41.4681],[-82.1862,41.4734],[-82.1848,41.474],[-82.1816,41.4716],[-82.1743,41.4729],[-82.1654,41.4744],[-82.1532,41.478],[-82.1307,41.4845],[-82.0944,41.495],[-82.0942,41.495],[-82.0666,41.502],[-82.0467,41.5069],[-82.0185,41.514],[-82.012,41.5156],[-81.9971,41.5146],[-81.9946,41.5144],[-81.9681,41.5064],[-81.9649,41.5054],[-81.9627,41.5013],[-81.9585,41.4986],[-81.9541,41.4971],[-81.9379,41.4914],[-81.9226,41.4894],[-81.9075,41.4874],[-81.8774,41.4834],[-81.8736,41.4835],[-81.8603,41.4838],[-81.8548,41.4851],[-81.8364,41.4895],[-81.811,41.4956],[-81.8108,41.4956],[-81.8069,41.4959],[-81.7944,41.4966],[-81.7942,41.4966],[-81.7823,41.4961],[-81.7689,41.4916],[-81.7686,41.4916],[-81.751,41.4883],[-81.7448,41.4872],[-81.7388,41.4885],[-81.7304,41.4925],[-81.711,41.5017],[-81.7106,41.5021],[-81.7069,41.5059],[-81.6649,41.5314],[-81.6649,41.5315],[-81.6522,41.5351],[-81.6337,41.5405],[-81.627,41.5444],[-81.5997,41.5606],[-81.588,41.5692],[-81.5749,41.5788],[-81.5671,41.5844],[-81.5628,41.5875],[-81.5621,41.5881],[-81.55,41.5981],[-81.5323,41.6125],[-81.5297,41.6145],[-81.5094,41.6207],[-81.5004,41.6234],[-81.4886,41.6313],[-81.466,41.6491],[-81.4626,41.6527],[-81.4477,41.668],[-81.4426,41.6733],[-81.4314,41.6803],[-81.4088,41.6945],[-81.3886,41.7071],[-81.3675,41.7194],[-81.3532,41.7277],[-81.3016,41.7505],[-81.2889,41.7589],[-81.2869,41.7602],[-81.2803,41.76],[-81.2799,41.7599],[-81.2642,41.7581],[-81.2638,41.7582],[-81.2487,41.7613],[-81.1911,41.784],[-81.1844,41.7867],[-81.1129,41.8176],[-81.0989,41.8213],[-81.0956,41.8222],[-81.0927,41.823],[-81.0747,41.8303],[-81.0519,41.8396],[-81.0492,41.8402],[-81.0245,41.8465],[-81.0105,41.854],[-81.0027,41.8548],[-81.0021,41.8549],[-80.9689,41.8587],[-80.9362,41.8624],[-80.9221,41.8649],[-80.9003,41.8689],[-80.8555,41.884],[-80.8149,41.8977],[-80.8087,41.9016],[-80.8008,41.9096],[-80.7984,41.9099],[-80.7847,41.9115],[-80.7821,41.9066],[-80.7781,41.9077],[-80.7579,41.9134],[-80.7208,41.9197],[-80.7131,41.9218],[-80.6193,41.9474],[-80.5819,41.9576],[-80.5755,41.9599],[-80.5538,41.9678],[-80.5489,41.9692],[-80.5194,41.9775],[-80.4355,42.0056],[-80.4098,42.0116],[-80.3857,42.0198],[-80.3731,42.0241],[-80.3719,42.024],[-80.3648,42.0272],[-80.3633,42.028],[-80.3492,42.0302],[-80.3442,42.0318],[-80.33,42.0362],[-80.2989,42.0483],[-80.2968,42.0491],[-80.2305,42.078],[-80.2121,42.085],[-80.1881,42.0943],[-80.1742,42.1015],[-80.1659,42.1059],[-80.1541,42.1148],[-80.1537,42.1156],[-80.1362,42.1499],[-80.1304,42.1563],[-80.1174,42.1663],[-80.0885,42.1732],[-80.0774,42.1713],[-80.0734,42.1687],[-80.08,42.1636],[-80.072,42.1554],[-80.0771,42.1524],[-80.0788,42.1515],[-80.0763,42.1479],[-80.072,42.1461],[-80.0658,42.1454],[-80.0611,42.1449],[-80.0417,42.1535],[-80.0211,42.1628],[-79.9892,42.1771],[-79.9845,42.1795],[-79.9313,42.2067],[-79.9239,42.2075],[-79.9071,42.2143],[-79.901,42.2167],[-79.8862,42.2249],[-79.868,42.231],[-79.8447,42.2355],[-79.7984,42.2559],[-79.762,42.2699],[-79.7178,42.2847],[-79.6454,42.3156],[-79.6447,42.316],[-79.594,42.3416],[-79.5463,42.3634],[-79.528,42.3732],[-79.511,42.3824],[-79.4748,42.4043],[-79.4535,42.4112],[-79.4291,42.4284],[-79.4115,42.4469],[-79.4055,42.4533],[-79.3819,42.4665],[-79.3636,42.4792],[-79.3621,42.4802],[-79.352,42.4889],[-79.3423,42.4897],[-79.3359,42.4885],[-79.3351,42.4883],[-79.3315,42.4891],[-79.3231,42.4948],[-79.3177,42.4999],[-79.3092,42.5027],[-79.2941,42.5077],[-79.2834,42.5112],[-79.2646,42.5232],[-79.2429,42.5318],[-79.2232,42.5361],[-79.1932,42.5459],[-79.1782,42.5485],[-79.1487,42.5537],[-79.1386,42.5645],[-79.1367,42.5697],[-79.1311,42.5856],[-79.1296,42.5898],[-79.1263,42.5909],[-79.1219,42.5942],[-79.1137,42.606],[-79.1123,42.6105],[-79.1114,42.6134],[-79.0898,42.631],[-79.0843,42.6355],[-79.0788,42.6401],[-79.0733,42.64],[-79.0638,42.6448],[-79.0637,42.6452],[-79.0627,42.6622],[-79.0623,42.6684],[-79.0489,42.6892],[-79.0189,42.7016],[-79.0062,42.7046],[-78.9912,42.7054],[-78.9698,42.7175],[-78.952,42.7275],[-78.9442,42.732],[-78.9182,42.7373],[-78.9034,42.7471],[-78.8687,42.7702],[-78.8686,42.7703],[-78.8535,42.784],[-78.8514,42.7918],[-78.8565,42.8003],[-78.8594,42.8007],[-78.861,42.8054],[-78.8637,42.8131],[-78.8657,42.8268],[-78.8622,42.8323],[-78.8604,42.8351],[-78.8595,42.8414],[-78.8656,42.8524],[-78.8694,42.8529],[-78.8722,42.8533],[-78.8826,42.8673],[-78.8881,42.878],[-78.8917,42.8848],[-78.8947,42.8851],[-78.9125,42.8866],[-78.908,42.8954],[-78.9062,42.899],[-78.9058,42.9],[-78.9057,42.9131],[-78.9057,42.9234],[-78.9092,42.9333],[-78.9124,42.9378],[-78.9142,42.9404],[-78.9189,42.9469],[-78.9324,42.9559],[-78.9618,42.9578],[-78.9751,42.9688],[-78.9833,42.9725],[-79.0116,42.9853],[-79.02,42.9948],[-79.0209,43.0143],[-79.0118,43.029],[-79.0052,43.0471],[-79.0055,43.0572],[-79.0105,43.0644],[-79.0196,43.0663],[-79.0399,43.0706],[-79.0457,43.0718],[-79.0745,43.0779],[-79.0747,43.0831],[-79.0697,43.0884],[-79.0648,43.0932],[-79.0637,43.0959],[-79.0603,43.1051],[-79.061,43.1088],[-79.0614,43.1111],[-79.062,43.1154],[-79.0625,43.1202],[-79.0602,43.1248],[-79.0568,43.1269],[-79.0521,43.1321],[-79.0495,43.1351],[-79.0441,43.1381],[-79.0424,43.1437],[-79.0429,43.1492],[-79.0445,43.153],[-79.0446,43.1533],[-79.0466,43.1624],[-79.0484,43.1645],[-79.0485,43.1647],[-79.0531,43.1737],[-79.0528,43.1798],[-79.0526,43.1837],[-79.0507,43.1974],[-79.0531,43.2097],[-79.0529,43.2185],[-79.0529,43.2221],[-79.0559,43.2386],[-79.0612,43.251],[-79.0614,43.2513],[-79.0705,43.2625],[-79.0198,43.2737],[-78.9719,43.2813],[-78.9308,43.2933],[-78.9008,43.3007],[-78.8594,43.311],[-78.8363,43.3185],[-78.836,43.3183],[-78.8341,43.3176],[-78.8204,43.3199],[-78.7778,43.3271],[-78.7544,43.3328],[-78.7472,43.3346],[-78.6969,43.3413],[-78.6347,43.3575],[-78.6343,43.3576],[-78.5474,43.3695],[-78.4889,43.3748],[-78.4825,43.3744],[-78.4731,43.3708],[-78.4655,43.3712],[-78.3702,43.3765],[-78.3587,43.374],[-78.2646,43.3713],[-78.2506,43.3709],[-78.2336,43.3691],[-78.1908,43.3722],[-78.1625,43.3743],[-78.1452,43.3755],[-78.1045,43.3756],[-78.0236,43.3666],[-77.9956,43.3653],[-77.9948,43.3653],[-77.9764,43.3692],[-77.9709,43.3686],[-77.9703,43.3686],[-77.9652,43.3681],[-77.9529,43.3635],[-77.9227,43.357],[-77.9048,43.357],[-77.8907,43.3535],[-77.8753,43.3497],[-77.8165,43.3436],[-77.8089,43.3421],[-77.7974,43.3399],[-77.7851,43.3393],[-77.7602,43.3412],[-77.7569,43.3374],[-77.7484,43.335],[-77.7306,43.3302],[-77.7141,43.3236],[-77.7014,43.3083],[-77.6604,43.283],[-77.6538,43.2795],[-77.6445,43.2765],[-77.6283,43.2713],[-77.6222,43.2679],[-77.6037,43.2578],[-77.6022,43.2569],[-77.5773,43.2433],[-77.5772,43.2433],[-77.551,43.2358],[-77.5503,43.2357],[-77.5343,43.2346],[-77.5342,43.2346],[-77.5336,43.2349],[-77.507,43.2475],[-77.5009,43.2504],[-77.4766,43.2545],[-77.4515,43.2614],[-77.4327,43.2666],[-77.4262,43.2676],[-77.4145,43.2693],[-77.3963,43.2747],[-77.376,43.2761],[-77.3517,43.2777],[-77.3416,43.2797],[-77.3349,43.2774],[-77.3134,43.2803],[-77.3067,43.2775],[-77.2954,43.2777],[-77.2871,43.2779],[-77.2823,43.2769],[-77.2666,43.2766],[-77.2545,43.2773],[-77.2523,43.2778],[-77.2453,43.2796],[-77.2307,43.2807],[-77.2144,43.2835],[-77.2007,43.2819],[-77.19,43.2838],[-77.1772,43.2802],[-77.1561,43.2857],[-77.1498,43.2882],[-77.1344,43.2847],[-77.1322,43.2848],[-77.1122,43.2863],[-77.0735,43.2801],[-77.0417,43.27],[-77.0012,43.27],[-76.9883,43.2736],[-76.9635,43.27],[-76.9586,43.2692],[-76.9474,43.2707],[-76.9278,43.2813],[-76.8982,43.2933],[-76.8877,43.2938],[-76.8869,43.2939],[-76.8864,43.2938],[-76.8774,43.2914],[-76.8528,43.298],[-76.8417,43.3054],[-76.8322,43.3047],[-76.8232,43.304],[-76.7858,43.3109],[-76.766,43.3183],[-76.743,43.3326],[-76.7308,43.3426],[-76.7224,43.3431],[-76.6984,43.3444],[-76.6849,43.3527],[-76.6696,43.3665],[-76.6427,43.4012],[-76.6352,43.408],[-76.6184,43.4168],[-76.6168,43.4174],[-76.6001,43.4244],[-76.5644,43.4474],[-76.5373,43.4581],[-76.5318,43.4603],[-76.5268,43.462],[-76.5136,43.4664],[-76.487,43.4753],[-76.4815,43.482],[-76.4725,43.4928],[-76.4375,43.5092],[-76.4176,43.5213],[-76.4106,43.5232],[-76.3709,43.5257],[-76.3688,43.5258],[-76.3455,43.5134],[-76.3309,43.512],[-76.2971,43.5129],[-76.2707,43.5213],[-76.2599,43.5247],[-76.2401,43.5284],[-76.2358,43.5293],[-76.2287,43.533],[-76.218,43.5452],[-76.2099,43.5601],[-76.2035,43.575],[-76.1991,43.6005],[-76.1984,43.6142],[-76.1966,43.6498],[-76.2005,43.6802],[-76.2054,43.7188],[-76.2124,43.7501],[-76.2132,43.7535],[-76.2307,43.8108],[-76.296,43.8443],[-76.2968,43.8571],[-76.286,43.8681],[-76.2648,43.8798],[-76.2583,43.8825],[-76.221,43.8975],[-76.2169,43.8974],[-76.2117,43.8973],[-76.2101,43.8951],[-76.2081,43.8921],[-76.2184,43.8666],[-76.217,43.8644],[-76.2143,43.8601],[-76.2014,43.86],[-76.1906,43.869],[-76.1533,43.8899],[-76.143,43.8885],[-76.1247,43.8977],[-76.1251,43.9037],[-76.1265,43.9322],[-76.1385,43.9406],[-76.1385,43.9428],[-76.1386,43.958],[-76.1577,43.9598],[-76.1588,43.9599],[-76.208,43.9797],[-76.209,43.9798],[-76.2325,43.9824],[-76.234,43.9825],[-76.2504,43.9689],[-76.272,43.9608],[-76.2836,43.9626],[-76.2793,43.9725],[-76.2687,43.9873],[-76.2697,44.0011],[-76.2819,44.0092],[-76.2965,44.0085],[-76.3019,44.0134],[-76.3077,44.0253],[-76.309,44.0259],[-76.3213,44.0312],[-76.359,44.0329],[-76.3617,44.033],[-76.3756,44.0315],[-76.3833,44.0374],[-76.3814,44.0471],[-76.3701,44.052],[-76.3696,44.0534],[-76.362,44.0723],[-76.3618,44.0727],[-76.3608,44.0876],[-76.3707,44.1005],[-76.3662,44.1103],[-76.3557,44.1333],[-76.3524,44.1372],[-76.3126,44.199],[-76.2865,44.2038],[-76.2497,44.2042],[-76.2455,44.2037],[-76.2068,44.2145],[-76.1913,44.2212],[-76.1643,44.2396],[-76.1618,44.2808],[-76.1309,44.2966],[-76.1266,44.2946],[-76.1181,44.2949],[-76.1119,44.298],[-76.0974,44.2995],[-76.0452,44.3317],[-76.0084,44.3439],[-76.001,44.3475],[-75.9832,44.3474],[-75.9824,44.3474],[-75.9783,44.3469],[-75.9748,44.3462],[-75.9731,44.3436],[-75.9702,44.3428],[-75.9495,44.3491],[-75.9397,44.3554],[-75.9295,44.3596],[-75.9222,44.3657],[-75.913,44.3681],[-75.8715,44.3948],[-75.8601,44.4033],[-75.8208,44.4322],[-75.8078,44.4716],[-75.7662,44.5159],[-75.7382,44.5351],[-75.7271,44.5428],[-75.6966,44.5676],[-75.6624,44.5919],[-75.6184,44.6196],[-75.6103,44.6258],[-75.5809,44.6485],[-75.5208,44.6938],[-75.5061,44.705],[-75.5059,44.7051],[-75.4798,44.7191],[-75.4776,44.7202],[-75.4441,44.7428],[-75.4239,44.7563],[-75.4139,44.7689],[-75.397,44.7735],[-75.3874,44.78],[-75.3723,44.7831],[-75.3664,44.7895],[-75.3465,44.8056],[-75.3337,44.8064],[-75.3071,44.8257],[-75.3065,44.8261],[-75.3076,44.8368],[-75.2831,44.8492],[-75.2682,44.8551],[-75.2555,44.8577],[-75.2413,44.867],[-75.2286,44.8679],[-75.2185,44.8755],[-75.203,44.8775],[-75.1962,44.8814],[-75.1883,44.8832],[-75.1651,44.8933],[-75.143,44.9002],[-75.1415,44.9021],[-75.134,44.9118],[-75.1198,44.9178],[-75.1052,44.9212],[-75.0967,44.9271],[-75.0662,44.9302],[-75.06,44.9346],[-75.0271,44.9466],[-75.0052,44.9584],[-74.9997,44.9659],[-74.9993,44.9716],[-74.9928,44.9774],[-74.9725,44.9834],[-74.9467,44.9847],[-74.9394,44.9844],[-74.908,44.9834],[-74.9007,44.9928],[-74.8878,45],[-74.8772,45.0014],[-74.8687,45.0013],[-74.8619,45.0028],[-74.8544,45.0054],[-74.8462,45.0103],[-74.8347,45.0147],[-74.8266,45.0158],[-74.8196,45.0129],[-74.8133,45.0135],[-74.8054,45.011],[-74.7994,45.0091],[-74.7931,45.0046],[-74.7687,45.0039],[-74.7602,44.9949],[-74.7572,44.9941],[-74.7446,44.9906],[-74.7313,44.9904],[-74.7262,44.9949],[-74.7226,44.9981],[-74.702,45.0033],[-74.684,44.9997],[-74.6784,45],[-74.673,45.0009],[-74.6673,45.0016],[-74.6615,44.9996],[-74.5716,44.9989],[-74.549,44.9987],[-74.4575,44.997],[-74.3428,44.9922],[-74.3352,44.9919],[-74.2341,44.9921],[-74.1468,44.9915],[-74.0274,44.9958],[-73.8746,45.0012],[-73.8136,45.0023],[-73.763,45.0032],[-73.6755,45.0029],[-73.6397,45.0035],[-73.5193,45.0069],[-73.4374,45.0092],[-73.3887,45.01],[-73.3431,45.0108],[-73.2493,45.0122],[-73.2411,45.0128],[-73.1923,45.0136],[-73.1704,45.014],[-73.086,45.0155],[-73.085,45.0148],[-73.0651,45.0148],[-73.0597,45.0159],[-73.0524,45.0157],[-73.0484,45.0148],[-73.0155,45.0151],[-73.0148,45.015],[-72.9931,45.0146],[-72.968,45.0141],[-72.9364,45.0143],[-72.9364,45.0147],[-72.9306,45.0152],[-72.8456,45.0167],[-72.8322,45.0165],[-72.7773,45.0159],[-72.7018,45.0156],[-72.6748,45.0155],[-72.5899,45.0132],[-72.5868,45.0129],[-72.5824,45.0115],[-72.5559,45.0083],[-72.5539,45.0083],[-72.5325,45.0079],[-72.481,45.0089],[-72.4489,45.0085],[-72.4013,45.0066],[-72.3486,45.0056],[-72.3101,45.0038],[-72.2919,45.0045],[-72.2709,45.0042],[-72.2427,45.0047],[-72.1605,45.0062],[-72.142,45.006],[-72.1031,45.0056],[-72.0522,45.0064],[-72.0513,45.0065],[-72.0336,45.0089],[-72.0297,45.0068],[-72.0233,45.0068],[-71.9867,45.0079],[-71.9472,45.0084],[-71.915,45.0078],[-71.8993,45.0082],[-71.7675,45.0114],[-71.6919,45.0114],[-71.6098,45.0127],[-71.5606,45.0126],[-71.5011,45.0134],[-71.5001,45.0142],[-71.5002,45.0154],[-71.501,45.016],[-71.4999,45.0263],[-71.494,45.0343],[-71.4911,45.0418],[-71.4911,45.0437],[-71.4931,45.0458],[-71.4972,45.0446],[-71.4995,45.0447],[-71.5009,45.0451],[-71.5052,45.0488],[-71.5051,45.0515],[-71.5045,45.0524],[-71.5028,45.0526],[-71.5005,45.0519],[-71.4977,45.0548],[-71.4961,45.0651],[-71.4984,45.0696],[-71.4979,45.0706],[-71.4891,45.0723],[-71.4891,45.0736],[-71.4863,45.0785],[-71.4829,45.0791],[-71.4802,45.0813],[-71.4799,45.0821],[-71.4809,45.083],[-71.4808,45.0836],[-71.4753,45.0844],[-71.4714,45.0842],[-71.4674,45.0869],[-71.4648,45.093],[-71.4621,45.0935],[-71.46,45.0951],[-71.4583,45.0988],[-71.4555,45.1015],[-71.4525,45.1023],[-71.4493,45.1045],[-71.4484,45.1079],[-71.4487,45.109],[-71.4456,45.1134],[-71.4406,45.1145],[-71.4324,45.1205],[-71.4288,45.1239],[-71.4272,45.1274],[-71.4268,45.1297],[-71.4331,45.1379],[-71.4358,45.1397],[-71.4372,45.1423],[-71.4332,45.1492],[-71.43,45.1515],[-71.4277,45.1523],[-71.4267,45.1533],[-71.424,45.1593],[-71.4236,45.1611],[-71.4246,45.1659],[-71.422,45.1675],[-71.4191,45.1705],[-71.4162,45.1773],[-71.4155,45.1833],[-71.4149,45.1849],[-71.4129,45.1863],[-71.4088,45.188],[-71.4053,45.196],[-71.4056,45.1981],[-71.3978,45.2036],[-71.398,45.206],[-71.3991,45.2086],[-71.4033,45.2153],[-71.4074,45.2168],[-71.4091,45.2166],[-71.4156,45.218],[-71.4161,45.2183],[-71.4162,45.2195],[-71.4172,45.2213],[-71.4214,45.224],[-71.4318,45.2287],[-71.4385,45.2328],[-71.4406,45.235],[-71.4429,45.2348],[-71.4439,45.2355],[-71.4439,45.2371],[-71.4434,45.2377],[-71.4423,45.2385],[-71.4385,45.239],[-71.433,45.2377],[-71.4171,45.2356],[-71.4119,45.2388],[-71.407,45.2415],[-71.4026,45.2426],[-71.3944,45.2412],[-71.3919,45.2372],[-71.3894,45.235],[-71.3856,45.2332],[-71.3849,45.2334],[-71.3832,45.2349],[-71.3802,45.2389],[-71.3798,45.2406],[-71.3776,45.2442],[-71.3767,45.2449],[-71.3719,45.2463],[-71.3684,45.2466],[-71.363,45.2482],[-71.3592,45.2509],[-71.3573,45.2533],[-71.3567,45.2548],[-71.3568,45.2572],[-71.3596,45.2627],[-71.3622,45.2647],[-71.3632,45.2664],[-71.3628,45.2676],[-71.3607,45.2698],[-71.355,45.2686],[-71.3534,45.2687],[-71.3517,45.2692],[-71.3476,45.2721],[-71.344,45.2712],[-71.3364,45.2731],[-71.334,45.2753],[-71.3337,45.2768],[-71.3317,45.28],[-71.3285,45.2811],[-71.3209,45.2823],[-71.3184,45.2847],[-71.3143,45.287],[-71.309,45.2872],[-71.3069,45.2889],[-71.3049,45.2924],[-71.3011,45.2966],[-71.2965,45.2992],[-71.2844,45.3024],[-71.2837,45.302],[-71.2826,45.2993],[-71.2827,45.2975],[-71.2807,45.2952],[-71.2792,45.295],[-71.2723,45.2967],[-71.2666,45.2946],[-71.2649,45.2934],[-71.2668,45.2912],[-71.2638,45.2827],[-71.263,45.2774],[-71.2621,45.2761],[-71.2596,45.2732],[-71.2564,45.2733],[-71.2504,45.2692],[-71.2455,45.2689],[-71.2445,45.2681],[-71.2393,45.2619],[-71.2363,45.2611],[-71.2354,45.2603],[-71.2316,45.2535],[-71.233,45.2516],[-71.2311,45.2497],[-71.228,45.2497],[-71.2258,45.2517],[-71.222,45.2535],[-71.2206,45.2511],[-71.2118,45.2505],[-71.203,45.2543],[-71.1983,45.2543],[-71.1967,45.2536],[-71.1949,45.2505],[-71.1917,45.2497],[-71.1874,45.2477],[-71.1838,45.2449],[-71.1828,45.2427],[-71.1826,45.2411],[-71.1809,45.2399],[-71.1798,45.2402],[-71.1786,45.2414],[-71.1775,45.2436],[-71.1734,45.2463],[-71.1713,45.2461],[-71.1674,45.2475],[-71.1628,45.2503],[-71.1582,45.2487],[-71.1557,45.2465],[-71.1482,45.2424],[-71.1448,45.2423],[-71.1394,45.243],[-71.134,45.2442],[-71.132,45.2454],[-71.128,45.2537],[-71.1245,45.2553],[-71.1199,45.2623],[-71.1201,45.2657],[-71.1163,45.2723],[-71.1132,45.2749],[-71.1107,45.2755],[-71.1073,45.2786],[-71.1057,45.2825],[-71.1093,45.2822],[-71.1102,45.283],[-71.1107,45.2846],[-71.1087,45.289],[-71.1052,45.2946],[-71.0978,45.3019],[-71.0895,45.3046],[-71.0856,45.3055],[-71.0839,45.3055],[-71.0784,45.3062],[-71.0737,45.3077],[-71.0662,45.3114],[-71.0593,45.3138],[-71.0425,45.313],[-71.0382,45.3119],[-71.0306,45.3127],[-71.0218,45.3144],[-71.0143,45.3168],[-71.009,45.319],[-71.0026,45.3278],[-71.0024,45.3285],[-71.0051,45.3315],[-71.0111,45.3347],[-71.0129,45.3433],[-71.0128,45.3448],[-71.0108,45.3472],[-71.0048,45.3454],[-71.0018,45.3437],[-70.9927,45.3382],[-70.9902,45.3363],[-70.9893,45.3347],[-70.9856,45.3322],[-70.9672,45.3324],[-70.9508,45.3345],[-70.9494,45.3315],[-70.9439,45.3243],[-70.9392,45.3202],[-70.9299,45.3185],[-70.9214,45.3139],[-70.9179,45.3119],[-70.9121,45.2962],[-70.9137,45.2927],[-70.9188,45.287],[-70.92,45.285],[-70.9217,45.2794],[-70.9215,45.2789],[-70.9152,45.2747],[-70.908,45.2693],[-70.8986,45.2585],[-70.8966,45.2531],[-70.8985,45.2441],[-70.8969,45.242],[-70.8928,45.2392],[-70.885,45.2349],[-70.8785,45.2333],[-70.857,45.2292],[-70.8444,45.2345],[-70.8388,45.2376],[-70.8411,45.2389],[-70.8483,45.2447],[-70.8493,45.2564],[-70.8486,45.2633],[-70.8433,45.2657],[-70.8411,45.2671],[-70.839,45.2691],[-70.8347,45.2751],[-70.8315,45.2796],[-70.8298,45.2869],[-70.8297,45.2904],[-70.8171,45.2978],[-70.8162,45.2981],[-70.8123,45.302],[-70.8086,45.3116],[-70.8071,45.3225],[-70.8083,45.3258],[-70.8103,45.3277],[-70.813,45.328],[-70.8166,45.3306],[-70.8181,45.3326],[-70.819,45.3351],[-70.8198,45.3401],[-70.8195,45.3414],[-70.8144,45.3565],[-70.8087,45.3626],[-70.8076,45.3634],[-70.8038,45.3642],[-70.8026,45.3649],[-70.8027,45.3666],[-70.8062,45.3766],[-70.8077,45.3781],[-70.8124,45.3833],[-70.8223,45.3905],[-70.8241,45.3911],[-70.8252,45.3933],[-70.826,45.3984],[-70.8256,45.4003],[-70.8128,45.4114],[-70.8022,45.418],[-70.7987,45.4241],[-70.798,45.4267],[-70.795,45.4281],[-70.7815,45.4312],[-70.7556,45.4284],[-70.754,45.4278],[-70.7441,45.4211],[-70.7448,45.4172],[-70.7438,45.4119],[-70.73,45.3994],[-70.7227,45.3953],[-70.7123,45.3906],[-70.6925,45.3926],[-70.6873,45.3932],[-70.6846,45.3951],[-70.6835,45.3952],[-70.678,45.3944],[-70.6612,45.386],[-70.6608,45.3782],[-70.66,45.3779],[-70.6512,45.3771],[-70.646,45.3787],[-70.6347,45.3836],[-70.6314,45.4163],[-70.6355,45.4278],[-70.6497,45.4428],[-70.663,45.4465],[-70.6749,45.4524],[-70.6811,45.4584],[-70.6918,45.4712],[-70.7046,45.4796],[-70.7079,45.4809],[-70.717,45.4877],[-70.7232,45.5076],[-70.7234,45.5104],[-70.7228,45.5128],[-70.7216,45.5151],[-70.7166,45.5185],[-70.7024,45.5296],[-70.7006,45.5315],[-70.6876,45.5491],[-70.6882,45.564],[-70.6857,45.5654],[-70.6785,45.5707],[-70.6593,45.5869],[-70.6496,45.5981],[-70.6504,45.5993],[-70.6447,45.6071],[-70.6353,45.6102],[-70.6172,45.6164],[-70.6062,45.6264],[-70.6013,45.6272],[-70.5923,45.6299],[-70.5913,45.6306],[-70.5648,45.6552],[-70.562,45.6606],[-70.5637,45.6619],[-70.5638,45.6627],[-70.5584,45.6667],[-70.5528,45.6678],[-70.5414,45.6667],[-70.5258,45.6666],[-70.5195,45.67],[-70.5195,45.6717],[-70.5189,45.6723],[-70.5102,45.6793],[-70.4966,45.687],[-70.4699,45.7016],[-70.4515,45.7044],[-70.4469,45.704],[-70.4389,45.7044],[-70.4308,45.7072],[-70.4004,45.7198],[-70.3904,45.7285],[-70.3836,45.7349],[-70.3885,45.7497],[-70.3961,45.7563],[-70.4017,45.7579],[-70.4065,45.7618],[-70.4157,45.7862],[-70.4176,45.7938],[-70.4177,45.7946],[-70.4169,45.7953],[-70.408,45.7976],[-70.4063,45.7975],[-70.4043,45.7963],[-70.4019,45.7959],[-70.3996,45.7962],[-70.3959,45.7989],[-70.3964,45.8027],[-70.3982,45.8041],[-70.3966,45.8085],[-70.3879,45.819],[-70.3808,45.8246],[-70.367,45.835],[-70.3424,45.8522],[-70.3297,45.8538],[-70.3172,45.8564],[-70.3062,45.8597],[-70.2842,45.872],[-70.2627,45.8879],[-70.2591,45.8908],[-70.2537,45.903],[-70.2539,45.9065],[-70.2579,45.9181],[-70.2611,45.9203],[-70.2628,45.9198],[-70.2633,45.9202],[-70.2633,45.9238],[-70.2622,45.9252],[-70.2525,45.9332],[-70.2409,45.9391],[-70.2402,45.9409],[-70.2402,45.9437],[-70.253,45.9552],[-70.2654,45.9627],[-70.2743,45.9643],[-70.2808,45.9652],[-70.2896,45.9632],[-70.313,45.9619],[-70.3163,45.9631],[-70.3169,45.9635],[-70.3169,45.9639],[-70.3121,45.9715],[-70.3097,45.9802],[-70.3075,45.9825],[-70.3013,45.9854],[-70.296,45.986],[-70.2878,45.9918],[-70.2846,45.9954],[-70.2849,45.9956],[-70.2929,45.9974],[-70.303,45.999],[-70.3036,45.9995],[-70.3176,46.0191],[-70.3176,46.0195],[-70.2936,46.0418],[-70.2796,46.0522],[-70.2783,46.057],[-70.2782,46.0597],[-70.2789,46.0607],[-70.2842,46.0628],[-70.2873,46.0626],[-70.2928,46.0607],[-70.3067,46.0613],[-70.309,46.0625],[-70.3106,46.0645],[-70.2898,46.0943],[-70.2846,46.0987],[-70.2727,46.1023],[-70.2663,46.101],[-70.254,46.0996],[-70.2524,46.1006],[-70.2524,46.1062],[-70.255,46.1083],[-70.2551,46.1102],[-70.2513,46.1179],[-70.2436,46.1288],[-70.2396,46.1428],[-70.2379,46.1474],[-70.2403,46.1501],[-70.2663,46.1693],[-70.2712,46.1721],[-70.2736,46.1725],[-70.278,46.175],[-70.2909,46.1858],[-70.2927,46.1916],[-70.2855,46.197],[-70.2721,46.2098],[-70.2606,46.2315],[-70.2586,46.2356],[-70.2555,46.2464],[-70.2546,46.2542],[-70.2529,46.2591],[-70.2484,46.2671],[-70.2327,46.2844],[-70.2144,46.2953],[-70.2057,46.2999],[-70.2031,46.3144],[-70.2044,46.3165],[-70.207,46.3192],[-70.2087,46.329],[-70.2074,46.3313],[-70.1914,46.3481],[-70.1887,46.35],[-70.1747,46.3585],[-70.172,46.3593],[-70.1613,46.361],[-70.1485,46.3589],[-70.1412,46.3627],[-70.1334,46.3689],[-70.1297,46.3694],[-70.1276,46.3719],[-70.1275,46.3787],[-70.1255,46.3814],[-70.1186,46.3842],[-70.1104,46.3861],[-70.1002,46.3984],[-70.1006,46.3993],[-70.1004,46.405],[-70.0963,46.4094],[-70.0892,46.4107],[-70.0803,46.4105],[-70.0761,46.4094],[-70.0571,46.415],[-70.0564,46.4156],[-70.0564,46.4166],[-70.0265,46.5572],[-70.0234,46.5735],[-70.0197,46.5922],[-69.9971,46.6952],[-69.9942,46.6986],[-69.95,46.7425],[-69.9431,46.75],[-69.8745,46.818],[-69.8186,46.875],[-69.5664,47.125],[-69.4392,47.25],[-69.2244,47.4597],[-69.22,47.4572],[-69.2039,47.4522],[-69.182,47.4556],[-69.1784,47.4566],[-69.1644,47.451],[-69.1561,47.451],[-69.1464,47.4489],[-69.1224,47.4419],[-69.1082,47.4358],[-69.0985,47.4312],[-69.0974,47.4303],[-69.0968,47.427],[-69.0825,47.424],[-69.0807,47.4241],[-69.0667,47.4302],[-69.0612,47.4331],[-69.0555,47.4323],[-69.0439,47.4276],[-69.0427,47.4267],[-69.0393,47.4222],[-69.0369,47.408],[-69.0391,47.4041],[-69.0424,47.4011],[-69.042,47.3993],[-69.0408,47.3981],[-69.0417,47.3973],[-69.0432,47.3972],[-69.0454,47.3919],[-69.0443,47.3893],[-69.0429,47.3878],[-69.0398,47.3863],[-69.0393,47.3851],[-69.044,47.3837],[-69.0464,47.3839],[-69.0539,47.3779],[-69.0533,47.3276],[-69.0546,47.3159],[-69.0491,47.3065],[-69.0513,47.2998],[-69.0526,47.2983],[-69.0527,47.2944],[-69.0523,47.2931],[-69.0507,47.2926],[-69.0501,47.2915],[-69.0494,47.2847],[-69.0505,47.2806],[-69.0496,47.2768],[-69.0478,47.2742],[-69.0471,47.2671],[-69.0481,47.263],[-69.0493,47.2621],[-69.0504,47.2598],[-69.0507,47.2573],[-69.0503,47.2566],[-69.0402,47.2451],[-69.0335,47.241],[-69.0301,47.2405],[-69.0238,47.2384],[-69.0041,47.2302],[-68.9926,47.2246],[-68.9811,47.2199],[-68.9751,47.2167],[-68.9722,47.2143],[-68.9664,47.2127],[-68.9611,47.2056],[-68.9584,47.2055],[-68.9534,47.2067],[-68.9525,47.2061],[-68.9518,47.2029],[-68.9504,47.2025],[-68.9489,47.2028],[-68.9425,47.2064],[-68.9357,47.2022],[-68.9298,47.1973],[-68.9279,47.197],[-68.9264,47.1979],[-68.9246,47.1978],[-68.9203,47.195],[-68.9198,47.1899],[-68.9169,47.1893],[-68.9097,47.1863],[-68.9052,47.1809],[-68.9024,47.1788],[-68.901,47.1785],[-68.8988,47.1814],[-68.8957,47.1829],[-68.8932,47.183],[-68.8902,47.1822],[-68.8824,47.1834],[-68.8779,47.1866],[-68.8745,47.1884],[-68.8711,47.1893],[-68.8628,47.1895],[-68.8575,47.191],[-68.8534,47.1934],[-68.8485,47.1976],[-68.831,47.2049],[-68.8122,47.2155],[-68.8035,47.216],[-68.7806,47.2216],[-68.7697,47.2214],[-68.7645,47.2223],[-68.7521,47.2266],[-68.7452,47.2311],[-68.7354,47.2358],[-68.7179,47.2409],[-68.7136,47.241],[-68.7109,47.2403],[-68.7086,47.2387],[-68.7053,47.2381],[-68.6978,47.2412],[-68.6934,47.2431],[-68.6904,47.244],[-68.6877,47.2442],[-68.6759,47.2426],[-68.6641,47.2368],[-68.662,47.2363],[-68.6585,47.2371],[-68.6539,47.2395],[-68.648,47.2397],[-68.639,47.2414],[-68.625,47.2424],[-68.6197,47.2432],[-68.6079,47.2475],[-68.6048,47.2494],[-68.5954,47.2577],[-68.5941,47.2593],[-68.5941,47.2612],[-68.595,47.2632],[-68.5987,47.2679],[-68.5987,47.2699],[-68.5969,47.2717],[-68.5925,47.2747],[-68.5906,47.2801],[-68.5887,47.2817],[-68.583,47.2855],[-68.5786,47.2876],[-68.5711,47.287],[-68.5604,47.2837],[-68.5539,47.2823],[-68.5517,47.2822],[-68.5466,47.283],[-68.5396,47.2852],[-68.5291,47.2926],[-68.5235,47.2948],[-68.518,47.2961],[-68.5074,47.2966],[-68.504,47.2963],[-68.4967,47.2945],[-68.4911,47.2941],[-68.4867,47.2947],[-68.479,47.2969],[-68.4749,47.2975],[-68.4703,47.2968],[-68.4663,47.2949],[-68.464,47.2923],[-68.4619,47.289],[-68.4601,47.2861],[-68.4583,47.2846],[-68.4488,47.2825],[-68.4432,47.2835],[-68.4326,47.2819],[-68.4289,47.282],[-68.4252,47.2832],[-68.4159,47.2878],[-68.4131,47.2885],[-68.3899,47.2867],[-68.3831,47.2867],[-68.3787,47.2876],[-68.3768,47.2885],[-68.3758,47.2901],[-68.3756,47.2923],[-68.3763,47.2943],[-68.377,47.2956],[-68.3787,47.2974],[-68.3841,47.3015],[-68.3849,47.3029],[-68.3847,47.3051],[-68.3817,47.3078],[-68.3813,47.3092],[-68.3846,47.3223],[-68.3843,47.3269],[-68.3803,47.3402],[-68.3786,47.3431],[-68.3745,47.3475],[-68.3703,47.3511],[-68.3657,47.3538],[-68.3616,47.3556],[-68.3552,47.3571],[-68.3535,47.3573],[-68.3362,47.3598],[-68.3299,47.3602],[-68.3232,47.3599],[-68.3099,47.3562],[-68.3038,47.3555],[-68.3007,47.3561],[-68.2927,47.3595],[-68.2893,47.3602],[-68.2841,47.3604],[-68.2783,47.3586],[-68.2725,47.3549],[-68.2697,47.3537],[-68.2651,47.3525],[-68.248,47.3525],[-68.2402,47.3542],[-68.2346,47.355],[-68.2276,47.353],[-68.2246,47.3508],[-68.2242,47.3498],[-68.2241,47.3467],[-68.2229,47.3445],[-68.2177,47.3408],[-68.2146,47.3396],[-68.2112,47.3391],[-68.2043,47.3397],[-68.2023,47.3394],[-68.1789,47.3303],[-68.1761,47.3292],[-68.1613,47.3278],[-68.1551,47.3254],[-68.1536,47.3242],[-68.1525,47.3215],[-68.1535,47.314],[-68.1533,47.3117],[-68.1523,47.3099],[-68.1455,47.3041],[-68.1371,47.2961],[-68.1282,47.2942],[-68.1254,47.2922],[-68.1215,47.2883],[-68.1197,47.2873],[-68.0925,47.2767],[-68.0829,47.2719],[-68.0802,47.2699],[-68.0775,47.2667],[-68.076,47.2621],[-68.0741,47.2598],[-68.0618,47.2565],[-68.0373,47.2457],[-68.0339,47.2436],[-68.0197,47.238],[-68.0161,47.2344],[-68.0063,47.2264],[-67.9982,47.2178],[-67.9919,47.212],[-67.9902,47.211],[-67.9861,47.2093],[-67.9714,47.2071],[-67.9691,47.2063],[-67.9635,47.2028],[-67.9557,47.1995],[-67.9523,47.1961],[-67.9513,47.1924],[-67.9506,47.1851],[-67.9494,47.1825],[-67.9447,47.177],[-67.9431,47.1761],[-67.9392,47.1714],[-67.9359,47.1648],[-67.9258,47.1542],[-67.9219,47.1523],[-67.9198,47.1512],[-67.9104,47.1481],[-67.9034,47.1376],[-67.9012,47.1351],[-67.8933,47.1299],[-67.8922,47.1286],[-67.89,47.1247],[-67.8892,47.1188],[-67.8892,47.1134],[-67.8887,47.1117],[-67.8857,47.1073],[-67.8838,47.1058],[-67.8813,47.1039],[-67.8781,47.1024],[-67.8704,47.1009],[-67.8646,47.0992],[-67.849,47.0935],[-67.8369,47.087],[-67.8324,47.0856],[-67.8233,47.0843],[-67.8208,47.0835],[-67.8163,47.0812],[-67.8107,47.0761],[-67.8045,47.0734],[-67.7944,47.0699],[-67.7905,47.0679],[-67.7898,47.0657],[-67.7895,47.0625],[-67.7897,47.0405],[-67.789,47.0258],[-67.7896,47.0154],[-67.7893,47.0036],[-67.7898,47],[-67.7896,46.9592],[-67.7892,46.881],[-67.7893,46.8722],[-67.7898,46.7949],[-67.7894,46.7655],[-67.7893,46.7582],[-67.7884,46.6018],[-67.7884,46.5999],[-67.7852,46.4666],[-67.7845,46.4376],[-67.7821,46.2794],[-67.7815,46.1862],[-67.7808,46.0962],[-67.7804,46.0385],[-67.7805,46.0044],[-67.7814,45.9639],[-67.7811,45.943],[-67.78,45.9382],[-67.7776,45.9342],[-67.7769,45.9341],[-67.7749,45.935],[-67.7736,45.9348],[-67.7575,45.9259],[-67.7504,45.9179],[-67.7519,45.915],[-67.7557,45.9117],[-67.7597,45.9099],[-67.7637,45.9104],[-67.765,45.9098],[-67.7687,45.902],[-67.7678,45.8986],[-67.7687,45.898],[-67.7792,45.8951],[-67.7833,45.8952],[-67.7853,45.8956],[-67.8033,45.8837],[-67.8039,45.8829],[-67.8047,45.874],[-67.8037,45.8694],[-67.7965,45.86],[-67.7897,45.8518],[-67.7831,45.8465],[-67.778,45.8437],[-67.7721,45.8413],[-67.7692,45.8393],[-67.765,45.834],[-67.764,45.83],[-67.7628,45.8285],[-67.7551,45.8237],[-67.7638,45.8203],[-67.7655,45.8188],[-67.7668,45.8185],[-67.7728,45.8194],[-67.7776,45.8192],[-67.7801,45.8182],[-67.7805,45.8176],[-67.7804,45.8162],[-67.802,45.8035],[-67.8066,45.7947],[-67.8036,45.7816],[-67.8055,45.7698],[-67.8091,45.7675],[-67.8063,45.7554],[-67.7931,45.7506],[-67.7819,45.7312],[-67.8098,45.7293],[-67.8031,45.6961],[-67.8179,45.6937],[-67.8055,45.6802],[-67.8033,45.6779],[-67.7686,45.6776],[-67.7542,45.6678],[-67.7304,45.6632],[-67.7204,45.6625],[-67.7197,45.6628],[-67.718,45.6652],[-67.7181,45.668],[-67.7236,45.6704],[-67.7308,45.6782],[-67.7337,45.6842],[-67.7346,45.689],[-67.7299,45.689],[-67.7276,45.6885],[-67.7105,45.6794],[-67.7061,45.6736],[-67.698,45.6597],[-67.6926,45.6504],[-67.6754,45.631],[-67.6665,45.6245],[-67.6458,45.6136],[-67.6402,45.6162],[-67.6442,45.6232],[-67.6397,45.6248],[-67.6318,45.6214],[-67.6062,45.6065],[-67.5833,45.6025],[-67.5614,45.5949],[-67.5569,45.5951],[-67.5563,45.5973],[-67.5461,45.5981],[-67.5349,45.5954],[-67.5186,45.5879],[-67.4994,45.587],[-67.4909,45.5915],[-67.4885,45.5946],[-67.489,45.5969],[-67.4911,45.5989],[-67.4898,45.6012],[-67.4767,45.6042],[-67.4554,45.6047],[-67.4497,45.6029],[-67.4297,45.5838],[-67.4255,45.5791],[-67.4236,45.5722],[-67.421,45.55],[-67.4254,45.5408],[-67.4283,45.5406],[-67.4291,45.5412],[-67.4307,45.5414],[-67.4322,45.541],[-67.4346,45.5359],[-67.4353,45.5308],[-67.435,45.5288],[-67.4322,45.52],[-67.4205,45.5111],[-67.4164,45.5035],[-67.4165,45.5021],[-67.4174,45.502],[-67.421,45.5051],[-67.4226,45.5059],[-67.4242,45.5059],[-67.4257,45.5029],[-67.4277,45.5013],[-67.4297,45.5016],[-67.45,45.5049],[-67.4629,45.5087],[-67.4704,45.5053],[-67.4709,45.5043],[-67.4707,45.5001],[-67.4769,45.4972],[-67.488,45.4938],[-67.4994,45.491],[-67.5031,45.4897],[-67.5038,45.4885],[-67.5032,45.4854],[-67.4998,45.478],[-67.4944,45.473],[-67.4869,45.468],[-67.4824,45.4608],[-67.4819,45.4583],[-67.4849,45.456],[-67.4843,45.452],[-67.4772,45.4316],[-67.4734,45.4253],[-67.4713,45.4235],[-67.4585,45.416],[-67.4481,45.4078],[-67.43,45.393],[-67.4187,45.3773],[-67.419,45.376],[-67.4215,45.3741],[-67.4238,45.3735],[-67.4272,45.3737],[-67.4301,45.3719],[-67.4312,45.3708],[-67.4343,45.3654],[-67.4335,45.3613],[-67.4278,45.3555],[-67.4305,45.3488],[-67.435,45.3401],[-67.442,45.3346],[-67.4535,45.3282],[-67.4563,45.3264],[-67.4567,45.3256],[-67.4564,45.3239],[-67.4523,45.3196],[-67.4523,45.3168],[-67.4533,45.3143],[-67.4606,45.3004],[-67.4658,45.2972],[-67.4661,45.2942],[-67.4665,45.2938],[-67.4797,45.2898],[-67.4823,45.2914],[-67.4843,45.2919],[-67.4857,45.2914],[-67.4865,45.2906],[-67.4895,45.2827],[-67.4893,45.2813],[-67.4877,45.2789],[-67.4636,45.2441],[-67.4621,45.2427],[-67.4602,45.2419],[-67.4535,45.2411],[-67.44,45.227],[-67.4371,45.2227],[-67.4314,45.21],[-67.4291,45.1991],[-67.4289,45.1932],[-67.4071,45.1794],[-67.4047,45.1669],[-67.4054,45.1649],[-67.4054,45.1629],[-67.4046,45.1599],[-67.3906,45.1541],[-67.3836,45.1523],[-67.3571,45.1318],[-67.3534,45.1295],[-67.3456,45.1264],[-67.3408,45.1254],[-67.3399,45.1256],[-67.3298,45.1317],[-67.3185,45.1394],[-67.3056,45.1448],[-67.3055,45.1448],[-67.2982,45.1467],[-67.2962,45.148],[-67.2949,45.1497],[-67.2944,45.1535],[-67.297,45.1553],[-67.3017,45.1571],[-67.3026,45.1613],[-67.2992,45.1689],[-67.2959,45.1704],[-67.2914,45.1714],[-67.2917,45.1745],[-67.2935,45.1761],[-67.2937,45.178],[-67.2906,45.1876],[-67.2898,45.1887],[-67.2836,45.192],[-67.2711,45.1911],[-67.2615,45.1878],[-67.2578,45.1851],[-67.2467,45.1808],[-67.244,45.1783],[-67.2423,45.1722],[-67.2406,45.1712],[-67.233,45.1686],[-67.2302,45.1655],[-67.2273,45.1637],[-67.2232,45.1637],[-67.2039,45.1714],[-67.1912,45.1659],[-67.1679,45.1646],[-67.1612,45.1629],[-67.1594,45.1622],[-67.1579,45.161],[-67.1457,45.1467],[-67.1289,45.1322],[-67.1228,45.1248],[-67.1124,45.1123],[-67.0947,45.0755],[-67.0908,45.0687],[-67.1059,45.0658],[-67.1177,45.0567],[-67.0997,45.045],[-67.0821,45.0296],[-67.0749,45.0193],[-67.0728,45.0083],[-67.0683,45.001],[-67.0546,44.9868],[-67.0393,44.9479],[-67.0383,44.9454],[-67.0335,44.9399],[-67.0021,44.9188],[-66.9909,44.9178],[-66.9845,44.9126],[-66.9836,44.9033],[-66.9859,44.8972],[-66.9892,44.8965],[-66.9904,44.8826],[-66.9863,44.874],[-66.981,44.8628],[-66.9781,44.857],[-66.993,44.8492],[-66.9965,44.8447],[-66.9863,44.8207],[-66.9824,44.8115],[-66.975,44.813],[-66.975,44.8155],[-66.9665,44.8191],[-66.9521,44.8201],[-66.9499,44.8174],[-66.9506,44.8145],[-66.9611,44.8073],[-66.97,44.8057],[-66.9729,44.8059],[-66.9809,44.8037],[-66.9862,44.8017],[-66.9894,44.7988],[-66.9952,44.7911],[-67.02,44.7714],[-67.0261,44.7682],[-67.0434,44.7651],[-67.0552,44.7714],[-67.0622,44.7695],[-67.0633,44.7582],[-67.0734,44.742],[-67.0835,44.7399],[-67.0925,44.7427],[-67.0989,44.7413],[-67.104,44.7174],[-67.1288,44.6954],[-67.1392,44.6938],[-67.1481,44.6841],[-67.1551,44.6694],[-67.1545,44.6681],[-67.1699,44.6621],[-67.1818,44.6637],[-67.1866,44.6627],[-67.1921,44.6555],[-67.1914,44.6478],[-67.1894,44.6455],[-67.213,44.6392],[-67.2343,44.6372],[-67.2464,44.6264],[-67.2751,44.6234],[-67.2617,44.6046],[-67.2934,44.5993],[-67.3024,44.5973],[-67.3149,44.5982],[-67.323,44.6094],[-67.3225,44.6125],[-67.3107,44.6132],[-67.2937,44.6343],[-67.2925,44.6485],[-67.2984,44.6544],[-67.3096,44.6593],[-67.3079,44.6913],[-67.3001,44.6968],[-67.2993,44.7046],[-67.2992,44.7057],[-67.3085,44.7075],[-67.3268,44.7038],[-67.3478,44.6995],[-67.356,44.6991],[-67.3727,44.6916],[-67.3964,44.6933],[-67.405,44.6817],[-67.3811,44.6695],[-67.379,44.6655],[-67.374,44.663],[-67.3673,44.6525],[-67.3632,44.6318],[-67.3683,44.6247],[-67.3776,44.6198],[-67.3866,44.627],[-67.3887,44.6266],[-67.3958,44.6129],[-67.399,44.6026],[-67.4055,44.5942],[-67.4118,44.597],[-67.4189,44.6035],[-67.4206,44.6079],[-67.424,44.6084],[-67.4284,44.6091],[-67.4437,44.6058],[-67.4475,44.6033],[-67.4485,44.6003],[-67.4577,44.598],[-67.4815,44.5804],[-67.4908,44.5753],[-67.4918,44.5561],[-67.5184,44.5542],[-67.5333,44.5644],[-67.5377,44.5715],[-67.5751,44.5607],[-67.5698,44.5568],[-67.5623,44.5394],[-67.5682,44.5311],[-67.5212,44.5099],[-67.5092,44.497],[-67.5314,44.4742],[-67.5472,44.4631],[-67.5877,44.4474],[-67.5953,44.4622],[-67.6348,44.4871],[-67.6489,44.5067],[-67.6512,44.5174],[-67.6531,44.5258],[-67.6569,44.5359],[-67.6607,44.5376],[-67.6859,44.5372],[-67.6964,44.5338],[-67.7026,44.5279],[-67.6989,44.5157],[-67.7035,44.5048],[-67.7142,44.4952],[-67.7229,44.4985],[-67.734,44.4963],[-67.7434,44.4974],[-67.7428,44.5062],[-67.7401,44.5089],[-67.7429,44.5265],[-67.7539,44.5437],[-67.7589,44.5466],[-67.7673,44.5483],[-67.775,44.5432],[-67.7809,44.5312],[-67.7765,44.5142],[-67.7936,44.4948],[-67.7824,44.475],[-67.796,44.4762],[-67.8062,44.4859],[-67.8252,44.4828],[-67.833,44.4717],[-67.8379,44.4647],[-67.8306,44.4567],[-67.8518,44.4287],[-67.8517,44.4243],[-67.8551,44.4194],[-67.8689,44.4247],[-67.8785,44.4356],[-67.8873,44.4331],[-67.8873,44.4264],[-67.892,44.4097],[-67.8996,44.3941],[-67.9117,44.4192],[-67.9133,44.4301],[-67.9213,44.4331],[-67.9264,44.4318],[-67.9306,44.4289],[-67.9276,44.4213],[-67.9315,44.4118],[-67.9365,44.4112],[-67.9473,44.4159],[-67.9557,44.4163],[-67.9571,44.4154],[-67.9616,44.4125],[-67.9616,44.3991],[-67.9789,44.387],[-67.9857,44.3869],[-67.9973,44.3999],[-68.0006,44.4066],[-68.0065,44.4086],[-68.0155,44.4059],[-68.0195,44.397],[-68.014,44.3903],[-68.0342,44.3605],[-68.0397,44.3609],[-68.0443,44.3579],[-68.0447,44.3512],[-68.043,44.3437],[-68.0493,44.3307],[-68.0604,44.332],[-68.067,44.3357],[-68.0761,44.3479],[-68.0947,44.3514],[-68.1033,44.3582],[-68.1038,44.3644],[-68.1014,44.3797],[-68.1057,44.3956],[-68.1202,44.3961],[-68.1256,44.3871],[-68.1369,44.3802],[-68.1492,44.387],[-68.182,44.3853],[-68.1855,44.3797],[-68.1892,44.3738],[-68.1827,44.3569],[-68.1747,44.3436],[-68.1736,44.3284],[-68.1919,44.3067],[-68.1966,44.3043],[-68.2243,44.2902],[-68.2252,44.2862],[-68.2295,44.2669],[-68.2071,44.2635],[-68.1931,44.239],[-68.199,44.2367],[-68.2489,44.2354],[-68.2667,44.234],[-68.2744,44.2371],[-68.2977,44.2426],[-68.3176,44.2251],[-68.3204,44.2248],[-68.3395,44.2229],[-68.3431,44.2295],[-68.3654,44.2379],[-68.3698,44.2433],[-68.378,44.2476],[-68.3898,44.2471],[-68.4013,44.2522],[-68.4197,44.2746],[-68.4213,44.2845],[-68.4261,44.2951],[-68.4309,44.2986],[-68.4309,44.3126],[-68.4359,44.3168],[-68.4457,44.3249],[-68.4521,44.3362],[-68.4569,44.3443],[-68.4467,44.3601],[-68.4354,44.3697],[-68.4222,44.3738],[-68.4111,44.3749],[-68.398,44.3762],[-68.3676,44.3907],[-68.3637,44.3889],[-68.3603,44.3897],[-68.3581,44.3923],[-68.3591,44.4028],[-68.3712,44.4218],[-68.3724,44.4237],[-68.3791,44.43],[-68.3877,44.4309],[-68.3909,44.4274],[-68.3926,44.4181],[-68.4164,44.398],[-68.4218,44.3964],[-68.4279,44.3968],[-68.4339,44.4015],[-68.4326,44.4266],[-68.4296,44.4391],[-68.4393,44.448],[-68.4428,44.4486],[-68.448,44.4495],[-68.4551,44.4475],[-68.46,44.4433],[-68.4638,44.4366],[-68.4588,44.4121],[-68.4641,44.3981],[-68.4643,44.3911],[-68.4611,44.3856],[-68.4611,44.3785],[-68.4661,44.3772],[-68.4783,44.3781],[-68.4833,44.3882],[-68.4808,44.3974],[-68.4728,44.4041],[-68.4804,44.4326],[-68.4854,44.4343],[-68.4946,44.4297],[-68.4997,44.4142],[-68.5056,44.4117],[-68.5145,44.4133],[-68.5299,44.3991],[-68.5345,44.3978],[-68.5551,44.4037],[-68.561,44.4028],[-68.5652,44.3991],[-68.5664,44.3945],[-68.5647,44.3852],[-68.5593,44.3743],[-68.5501,44.3718],[-68.5454,44.355],[-68.5539,44.3463],[-68.5624,44.3341],[-68.5632,44.333],[-68.5669,44.3176],[-68.5662,44.313],[-68.564,44.308],[-68.5562,44.3008],[-68.5386,44.2999],[-68.5315,44.2904],[-68.5323,44.2863],[-68.5286,44.2761],[-68.5195,44.265],[-68.5198,44.2602],[-68.5298,44.2496],[-68.5282,44.2413],[-68.5235,44.2358],[-68.5253,44.2276],[-68.5291,44.2218],[-68.5527,44.2152],[-68.5646,44.2119],[-68.5641,44.1916],[-68.5794,44.1853],[-68.5986,44.1746],[-68.6117,44.1552],[-68.5789,44.146],[-68.6055,44.1355],[-68.6109,44.1247],[-68.6231,44.1194],[-68.6216,44.1129],[-68.6179,44.0972],[-68.6013,44.0863],[-68.5841,44.0716],[-68.6047,44.0389],[-68.6017,44.0125],[-68.6171,44.0101],[-68.6344,44.0176],[-68.657,44.0038],[-68.6618,44.0214],[-68.6608,44.0479],[-68.6694,44.0764],[-68.6464,44.0799],[-68.6513,44.1014],[-68.6588,44.1102],[-68.6581,44.12],[-68.6576,44.1271],[-68.6819,44.1382],[-68.7185,44.1656],[-68.7178,44.1871],[-68.7317,44.2022],[-68.7338,44.221],[-68.7112,44.2318],[-68.6973,44.2471],[-68.6787,44.2647],[-68.7002,44.271],[-68.7246,44.2817],[-68.749,44.2994],[-68.7422,44.3101],[-68.7336,44.3161],[-68.7257,44.3216],[-68.7462,44.3311],[-68.762,44.3296],[-68.7662,44.327],[-68.7715,44.3205],[-68.7951,44.3079],[-68.8272,44.3122],[-68.8284,44.3165],[-68.8254,44.3345],[-68.8213,44.3496],[-68.8176,44.3531],[-68.8169,44.3556],[-68.8148,44.3622],[-68.8183,44.3736],[-68.8187,44.3751],[-68.8218,44.4089],[-68.8153,44.4281],[-68.8016,44.4348],[-68.7975,44.4498],[-68.7856,44.4547],[-68.7859,44.4626],[-68.7837,44.4739],[-68.7787,44.4899],[-68.7809,44.4967],[-68.7857,44.5121],[-68.7948,44.5242],[-68.8015,44.5231],[-68.8074,44.522],[-68.8087,44.509],[-68.8155,44.4995],[-68.8337,44.4866],[-68.8292,44.4698],[-68.8292,44.4622],[-68.859,44.4449],[-68.8764,44.4297],[-68.8865,44.4307],[-68.8928,44.4466],[-68.8996,44.4518],[-68.9216,44.4566],[-68.9275,44.448],[-68.9319,44.4387],[-68.9466,44.4291],[-68.9577,44.4282],[-68.9824,44.4262],[-68.9984,44.4256],[-68.9908,44.415],[-68.9844,44.3969],[-68.983,44.3942],[-68.9788,44.3863],[-68.9673,44.3811],[-68.9611,44.3751],[-68.9482,44.3559],[-68.9545,44.3241],[-68.9589,44.3144],[-68.979,44.2963],[-69.0037,44.2946],[-69.0051,44.2741],[-69.0171,44.2571],[-69.0286,44.2491],[-69.0294,44.2486],[-69.0402,44.2337],[-69.0436,44.225],[-69.0428,44.2152],[-69.0518,44.1959],[-69.0523,44.1914],[-69.0545,44.1715],[-69.0612,44.1655],[-69.0778,44.165],[-69.0798,44.161],[-69.081,44.1568],[-69.0796,44.144],[-69.0757,44.13],[-69.0803,44.1178],[-69.0829,44.1162],[-69.1009,44.1045],[-69.1009,44.1043],[-69.1011,44.0936],[-69.1006,44.0932],[-69.092,44.0857],[-69.0891,44.0853],[-69.0765,44.0906],[-69.0563,44.0952],[-69.0508,44.0949],[-69.0434,44.0922],[-69.0319,44.079],[-69.0489,44.0625],[-69.0506,44.0632],[-69.0506,44.068],[-69.0561,44.0695],[-69.0643,44.0699],[-69.0679,44.0676],[-69.0798,44.0553],[-69.0738,44.0461],[-69.0681,44.0398],[-69.0674,44.0389],[-69.0489,44.0162],[-69.047,44.0138],[-69.0439,44.0063],[-69.0503,43.9986],[-69.0672,43.9905],[-69.077,43.9737],[-69.095,43.9794],[-69.0978,43.9791],[-69.1209,43.9771],[-69.1315,43.9761],[-69.1462,43.9816],[-69.175,43.9769],[-69.1847,43.9597],[-69.2037,43.9418],[-69.2129,43.9214],[-69.2202,43.9149],[-69.2428,43.9188],[-69.2739,43.9142],[-69.2801,43.9141],[-69.2912,43.9139],[-69.3,43.9],[-69.29,43.8896],[-69.2859,43.8853],[-69.2866,43.8665],[-69.3117,43.8566],[-69.3212,43.8591],[-69.3217,43.8688],[-69.3152,43.8828],[-69.3229,43.9016],[-69.3147,43.9173],[-69.2981,43.9366],[-69.3029,43.94],[-69.3078,43.9435],[-69.3154,43.9407],[-69.3277,43.9458],[-69.3393,43.9422],[-69.3406,43.9338],[-69.3449,43.924],[-69.3687,43.9203],[-69.3723,43.9304],[-69.3628,43.9462],[-69.3667,43.9648],[-69.3933,43.9564],[-69.4282,43.9573],[-69.4201,43.9359],[-69.422,43.923],[-69.4273,43.9123],[-69.4381,43.9095],[-69.4835,43.8803],[-69.4862,43.8691],[-69.5033,43.8377],[-69.5149,43.8313],[-69.5162,43.8372],[-69.5133,43.8448],[-69.5203,43.8685],[-69.5247,43.8756],[-69.5438,43.8816],[-69.5439,43.8816],[-69.5495,43.88],[-69.5509,43.878],[-69.5506,43.8726],[-69.545,43.8612],[-69.5526,43.8413],[-69.5581,43.8407],[-69.5683,43.8444],[-69.5715,43.8441],[-69.5727,43.844],[-69.5755,43.842],[-69.5785,43.8233],[-69.5886,43.8184],[-69.6042,43.8136],[-69.6059,43.8149],[-69.6046,43.8258],[-69.5985,43.8255],[-69.5924,43.8309],[-69.5892,43.8513],[-69.5947,43.8589],[-69.6006,43.8584],[-69.6046,43.858],[-69.6132,43.845],[-69.6131,43.8375],[-69.6151,43.8316],[-69.6211,43.8268],[-69.6303,43.837],[-69.6297,43.8434],[-69.6349,43.8459],[-69.6498,43.8363],[-69.6531,43.8172],[-69.6508,43.8038],[-69.6486,43.7912],[-69.6582,43.7792],[-69.6649,43.791],[-69.6855,43.8163],[-69.6856,43.8205],[-69.6909,43.8235],[-69.6924,43.8243],[-69.6972,43.8251],[-69.6979,43.8249],[-69.7037,43.8235],[-69.7058,43.823],[-69.7149,43.8103],[-69.7178,43.801],[-69.7171,43.7924],[-69.7197,43.7867],[-69.728,43.7763],[-69.741,43.7693],[-69.7541,43.7439],[-69.7651,43.7395],[-69.7707,43.7372],[-69.8353,43.7211],[-69.829,43.7068],[-69.8335,43.7013],[-69.8513,43.7036],[-69.8551,43.7047],[-69.8579,43.7239],[-69.8556,43.7327],[-69.8589,43.7405],[-69.8687,43.7427],[-69.8622,43.759],[-69.8697,43.7757],[-69.8841,43.778],[-69.8874,43.7771],[-69.9032,43.7724],[-69.9156,43.7751],[-69.927,43.7802],[-69.9485,43.7659],[-69.9532,43.7688],[-69.9581,43.7678],[-69.9718,43.7506],[-69.9837,43.7444],[-69.9926,43.7248],[-70.0013,43.7104],[-70.0362,43.7126],[-70.0374,43.7135],[-70.0467,43.7202],[-70.0635,43.7158],[-70.0713,43.7138],[-70.0793,43.707],[-70.0855,43.7026],[-70.0919,43.6981],[-70.0885,43.6815],[-70.096,43.6723],[-70.1159,43.683],[-70.1517,43.6817],[-70.1682,43.6751],[-70.1767,43.6598],[-70.1907,43.6456],[-70.2059,43.6336],[-70.2066,43.6292],[-70.2075,43.6235],[-70.2171,43.5967],[-70.2144,43.5904],[-70.2117,43.5897],[-70.2011,43.5865],[-70.1969,43.5651],[-70.2061,43.5576],[-70.2168,43.5569],[-70.2261,43.5411],[-70.2278,43.5383],[-70.2294,43.5384],[-70.2455,43.5396],[-70.2443,43.5518],[-70.2619,43.5537],[-70.271,43.5614],[-70.2725,43.5626],[-70.3078,43.5443],[-70.3074,43.529],[-70.3211,43.5273],[-70.3286,43.5404],[-70.3288,43.5407],[-70.3528,43.5359],[-70.3534,43.5354],[-70.3612,43.5292],[-70.3685,43.5203],[-70.3791,43.5072],[-70.3845,43.4967],[-70.3849,43.496],[-70.3856,43.487],[-70.3829,43.4697],[-70.3802,43.4642],[-70.377,43.4612],[-70.3674,43.4523],[-70.3575,43.4578],[-70.3273,43.4585],[-70.3328,43.4464],[-70.3438,43.4401],[-70.362,43.4391],[-70.3705,43.4341],[-70.3849,43.4188],[-70.384,43.4129],[-70.3909,43.4026],[-70.4,43.3999],[-70.4007,43.4004],[-70.4017,43.4013],[-70.4064,43.4009],[-70.4213,43.3958],[-70.4277,43.3893],[-70.4244,43.3797],[-70.4185,43.3725],[-70.4163,43.3611],[-70.4285,43.3548],[-70.4424,43.3565],[-70.4607,43.3433],[-70.466,43.3402],[-70.4729,43.344],[-70.4762,43.3446],[-70.4853,43.3464],[-70.5013,43.3401],[-70.5177,43.344],[-70.5352,43.3368],[-70.5367,43.3356],[-70.5539,43.3219],[-70.5561,43.319],[-70.5628,43.3106],[-70.57,43.2856],[-70.5727,43.2828],[-70.5778,43.2777],[-70.5852,43.2701],[-70.5863,43.2676],[-70.5939,43.2493],[-70.591,43.2379],[-70.5843,43.2306],[-70.5779,43.2237],[-70.578,43.2176],[-70.589,43.2013],[-70.6051,43.1852],[-70.5908,43.1699],[-70.5967,43.1625],[-70.6189,43.1638],[-70.62,43.1613],[-70.6236,43.1529],[-70.6225,43.1346],[-70.6345,43.1276],[-70.6343,43.1222],[-70.6384,43.1142],[-70.6542,43.0991],[-70.6553,43.098],[-70.6562,43.0932],[-70.666,43.0762],[-70.6731,43.0703],[-70.7038,43.0598],[-70.7038,43.0596],[-70.7136,43.056],[-70.7138,43.0531],[-70.7142,43.0463],[-70.7136,43.0421],[-70.7189,43.0324],[-70.7232,43.0293],[-70.7284,43.0276],[-70.7304,43.0254],[-70.7321,43.0224],[-70.7327,43.0169],[-70.7344,43.0133],[-70.7355,43.0122],[-70.7404,43.0112],[-70.7438,43.008],[-70.749,42.9955],[-70.7492,42.9927],[-70.75,42.9917],[-70.7528,42.9913],[-70.7551,42.9918],[-70.7567,42.9913],[-70.7592,42.9895],[-70.7615,42.9867],[-70.7646,42.9802],[-70.7652,42.9753],[-70.7705,42.9695],[-70.7718,42.9681],[-70.7719,42.9665],[-70.7697,42.9644],[-70.7717,42.9613],[-70.7756,42.9572],[-70.7791,42.9568],[-70.7804,42.9558],[-70.7839,42.9521],[-70.7851,42.9508],[-70.7866,42.9474],[-70.7907,42.9428],[-70.7912,42.9424],[-70.794,42.9399],[-70.7978,42.93],[-70.7983,42.9266],[-70.7986,42.9243],[-70.7982,42.9209],[-70.806,42.9165],[-70.8085,42.9131],[-70.8087,42.9128],[-70.8101,42.9095],[-70.8107,42.9069],[-70.811,42.8924],[-70.8135,42.8902],[-70.814,42.8898],[-70.8159,42.8863],[-70.817,42.8799],[-70.8173,42.8723],[-70.8177,42.8506],[-70.8125,42.8221],[-70.812,42.8191],[-70.8105,42.8106],[-70.8052,42.7818],[-70.795,42.7532],[-70.7929,42.7471],[-70.7882,42.7389],[-70.7723,42.7111],[-70.7705,42.7048],[-70.7786,42.6985],[-70.7787,42.6936],[-70.7644,42.6857],[-70.7488,42.6839],[-70.7444,42.6821],[-70.7298,42.6696],[-70.7288,42.6639],[-70.7263,42.6632],[-70.6894,42.6533],[-70.6848,42.6541],[-70.6826,42.6545],[-70.6816,42.6623],[-70.6635,42.6776],[-70.6451,42.6894],[-70.6437,42.6897],[-70.63,42.6919],[-70.6206,42.6872],[-70.6229,42.676],[-70.6238,42.6662],[-70.6238,42.6655],[-70.6228,42.6609],[-70.6148,42.6577],[-70.602,42.6594],[-70.595,42.6567],[-70.5915,42.6398],[-70.595,42.6358],[-70.6056,42.6349],[-70.6184,42.6286],[-70.6197,42.6266],[-70.6356,42.6002],[-70.6536,42.582],[-70.6588,42.5804],[-70.6651,42.5819],[-70.6677,42.5892],[-70.6707,42.5937],[-70.6767,42.5948],[-70.6804,42.5935],[-70.6814,42.5932],[-70.6845,42.5889],[-70.6986,42.5774],[-70.7161,42.5741],[-70.7297,42.5715],[-70.737,42.5769],[-70.7573,42.5705],[-70.7937,42.5636],[-70.8041,42.5616],[-70.8154,42.5542],[-70.8233,42.5515],[-70.8462,42.5503],[-70.8485,42.5502],[-70.8576,42.5487],[-70.8714,42.5464],[-70.8724,42.543],[-70.8717,42.5406],[-70.8715,42.54],[-70.8664,42.523],[-70.8663,42.5226],[-70.8421,42.5195],[-70.8367,42.5101],[-70.832,42.5019],[-70.8382,42.4915],[-70.8474,42.4915],[-70.8578,42.4903],[-70.8609,42.4887],[-70.8797,42.4788],[-70.8865,42.4702],[-70.8873,42.4649],[-70.8943,42.4609],[-70.9081,42.4669],[-70.9177,42.468],[-70.9219,42.4667],[-70.922,42.4667],[-70.9268,42.4618],[-70.9277,42.4609],[-70.9276,42.46],[-70.927,42.4562],[-70.9259,42.4494],[-70.9197,42.4311],[-70.9195,42.4305],[-70.9122,42.4287],[-70.9084,42.4252],[-70.9069,42.4205],[-70.9122,42.4167],[-70.9334,42.4179],[-70.9399,42.4225],[-70.9424,42.4324],[-70.9434,42.4493],[-70.9508,42.4514],[-70.9522,42.4518],[-70.9602,42.4487],[-70.9608,42.4438],[-70.9611,42.4406],[-70.983,42.424],[-70.9837,42.4229],[-70.9868,42.4181],[-70.9877,42.4167],[-70.9915,42.4083],[-70.9912,42.4072],[-70.9899,42.4033],[-70.9877,42.4024],[-70.9848,42.4012],[-70.9834,42.3962],[-70.9805,42.3917],[-70.9803,42.3915],[-70.9712,42.3895],[-70.9708,42.3848],[-70.9707,42.3814],[-70.9704,42.3753],[-70.9588,42.3618],[-70.9501,42.3517],[-70.9531,42.3457],[-70.963,42.3452],[-70.9724,42.3539],[-70.9758,42.357],[-70.9765,42.357],[-70.9851,42.3574],[-70.9856,42.3572],[-70.9983,42.3528],[-71.0069,42.347],[-71.0076,42.3452],[-71.0095,42.3408],[-71.0097,42.3403],[-71.0144,42.3292],[-71.0157,42.326],[-71.0141,42.3192],[-70.9978,42.3212],[-70.9918,42.3131],[-70.9867,42.3063],[-71.0036,42.2953],[-71.0055,42.29],[-71.0062,42.2881],[-71.0055,42.2851],[-71.0053,42.2845],[-71.0049,42.2827],[-70.9961,42.2712],[-70.9905,42.2682],[-70.9891,42.2674],[-70.9674,42.2682],[-70.9562,42.2708],[-70.9574,42.2801],[-70.9539,42.2848],[-70.9486,42.2916],[-70.9353,42.3021],[-70.9175,42.3057],[-70.9076,42.3079],[-70.8828,42.3089],[-70.8812,42.3007],[-70.8759,42.2929],[-70.8709,42.2857],[-70.8618,42.276],[-70.8573,42.2728],[-70.8511,42.2683],[-70.8311,42.2674],[-70.8247,42.2659],[-70.8117,42.2629],[-70.7914,42.255],[-70.7887,42.2539],[-70.7807,42.2518],[-70.771,42.2492],[-70.7648,42.2441],[-70.7545,42.2287],[-70.7488,42.2233],[-70.7472,42.2218],[-70.7306,42.2109],[-70.7223,42.208],[-70.7212,42.2011],[-70.7187,42.1849],[-70.7187,42.1847],[-70.7143,42.1688],[-70.7063,42.1631],[-70.6901,42.1399],[-70.6853,42.133],[-70.6805,42.1274],[-70.6795,42.1263],[-70.6639,42.1083],[-70.663,42.1075],[-70.6402,42.0886],[-70.6385,42.0816],[-70.644,42.0783],[-70.6473,42.0763],[-70.6477,42.073],[-70.6482,42.0684],[-70.6432,42.0508],[-70.6443,42.0459],[-70.6504,42.0462],[-70.6509,42.0462],[-70.6694,42.0371],[-70.6717,42.0214],[-70.6675,42.0123],[-70.6709,42.0078],[-70.6788,42.0055],[-70.6868,42.0128],[-70.6958,42.0133],[-70.7122,42.0076],[-70.711,42.0032],[-70.71,41.9995],[-70.699,41.9871],[-70.6737,41.9687],[-70.6625,41.9606],[-70.6571,41.9596],[-70.6517,41.9587],[-70.6484,41.9617],[-70.6341,41.9523],[-70.6313,41.9505],[-70.6235,41.9433],[-70.6165,41.9402],[-70.6082,41.9407],[-70.5981,41.9478],[-70.5836,41.95],[-70.5599,41.9343],[-70.5529,41.9296],[-70.5464,41.9168],[-70.5474,41.9119],[-70.5459,41.9072],[-70.5321,41.8896],[-70.5256,41.8587],[-70.5346,41.8412],[-70.5349,41.8405],[-70.5355,41.8394],[-70.5421,41.8313],[-70.5432,41.8244],[-70.5421,41.8202],[-70.541,41.8158],[-70.5373,41.8109],[-70.5327,41.8048],[-70.5194,41.7928],[-70.5174,41.791],[-70.494,41.7739],[-70.4758,41.7639],[-70.4716,41.7616],[-70.4125,41.7444],[-70.3834,41.74],[-70.3753,41.7388],[-70.291,41.7343],[-70.2752,41.7261],[-70.2723,41.7213],[-70.2637,41.7141],[-70.2611,41.714],[-70.2592,41.714],[-70.247,41.7238],[-70.2348,41.7337],[-70.2161,41.743],[-70.1893,41.752],[-70.1821,41.7509],[-70.1807,41.7512],[-70.1415,41.7601],[-70.122,41.7588],[-70.0961,41.7665],[-70.0643,41.7728],[-70.0366,41.783],[-70.0247,41.7874],[-70.0234,41.7884],[-70.0089,41.8004],[-70.0085,41.8008],[-70.0038,41.8085],[-70.0045,41.8388],[-70.005,41.8431],[-70.009,41.8766],[-70.0046,41.88],[-69.9986,41.8845],[-70,41.8903],[-70.0155,41.8929],[-70.0203,41.8981],[-70.0305,41.9292],[-70.0449,41.9311],[-70.0552,41.9268],[-70.0589,41.9132],[-70.0621,41.8987],[-70.0705,41.896],[-70.0779,41.901],[-70.0768,41.9442],[-70.077,41.9579],[-70.0774,41.9855],[-70.0838,42.012],[-70.0896,42.0249],[-70.0956,42.0328],[-70.1081,42.0436],[-70.123,42.0517],[-70.1474,42.0616],[-70.1483,42.0619],[-70.1554,42.0624],[-70.1698,42.0597],[-70.1785,42.0564],[-70.1868,42.0505],[-70.1931,42.0412],[-70.188,42.0318],[-70.1818,42.0293],[-70.1796,42.0239],[-70.1838,42.0188],[-70.1979,42.0191],[-70.2091,42.0295],[-70.2187,42.0458],[-70.2333,42.0577],[-70.2435,42.0606],[-70.2454,42.0637],[-70.2381,42.0729],[-70.2256,42.0786],[-70.2069,42.0819],[-70.1893,42.0823],[-70.1602,42.0786],[-70.1543,42.0772],[-70.116,42.0676],[-70.0826,42.0547],[-70.0585,42.0404],[-70.0335,42.0177],[-70.0119,41.9897],[-69.9971,41.9668],[-69.9861,41.9496],[-69.9686,41.9117],[-69.9575,41.8799],[-69.9503,41.8595],[-69.9453,41.8452],[-69.9361,41.81],[-69.936,41.8094],[-69.9287,41.7413],[-69.9285,41.7225],[-69.9283,41.6917],[-69.9365,41.6763],[-69.9395,41.6707],[-69.9469,41.6474],[-69.9506,41.6421],[-69.9521,41.6406],[-69.9637,41.6283],[-69.9719,41.6024],[-69.9768,41.5794],[-69.9882,41.5547],[-69.9983,41.5427],[-70.0112,41.5439],[-70.0136,41.551],[-69.9989,41.5799],[-69.9922,41.6033],[-69.9824,41.6322],[-69.9736,41.6474],[-69.9757,41.6537],[-69.9964,41.6672],[-70.0072,41.6722],[-70.014,41.6728],[-70.0298,41.6684],[-70.0375,41.6673],[-70.0555,41.6648],[-70.0866,41.663],[-70.0892,41.6628],[-70.1178,41.656],[-70.1409,41.6504],[-70.1586,41.6504],[-70.1911,41.6453],[-70.2204,41.6363],[-70.2459,41.6285],[-70.2532,41.6219],[-70.2564,41.6122],[-70.2649,41.6105],[-70.2717,41.6137],[-70.2715,41.6276],[-70.2714,41.6294],[-70.2745,41.6329],[-70.2764,41.6335],[-70.2813,41.6351],[-70.2906,41.6352],[-70.3007,41.6295],[-70.3117,41.6274],[-70.3216,41.6305],[-70.3224,41.6309],[-70.3299,41.6346],[-70.3381,41.6363],[-70.3516,41.6347],[-70.3604,41.6311],[-70.3649,41.6267],[-70.3648,41.6241],[-70.3647,41.6237],[-70.3699,41.6159],[-70.3792,41.6114],[-70.4006,41.6064],[-70.4085,41.6073],[-70.4327,41.6056],[-70.4372,41.6053],[-70.4453,41.5918],[-70.4478,41.5886],[-70.4613,41.5718],[-70.4763,41.5585],[-70.4856,41.5542],[-70.4932,41.552],[-70.5223,41.549],[-70.5278,41.5489],[-70.5595,41.5483],[-70.5597,41.5483],[-70.574,41.5468],[-70.5888,41.5453],[-70.6111,41.543],[-70.6167,41.5418],[-70.6336,41.5383],[-70.6436,41.5324],[-70.6541,41.519],[-70.6704,41.5141],[-70.6754,41.5126],[-70.7052,41.4967],[-70.7343,41.4863],[-70.7578,41.4657],[-70.7903,41.4463],[-70.8175,41.4456],[-70.8319,41.4423],[-70.8575,41.4258],[-70.8669,41.4224],[-70.9028,41.4211],[-70.9186,41.4183],[-70.942,41.4075],[-70.9502,41.411],[-70.9493,41.4183],[-70.9282,41.4313],[-70.9237,41.4307],[-70.901,41.4345],[-70.8803,41.438],[-70.8553,41.4489],[-70.8337,41.4572],[-70.8022,41.4609],[-70.7878,41.4746],[-70.7451,41.501],[-70.7073,41.5198],[-70.695,41.5258],[-70.6587,41.5434],[-70.6543,41.5499],[-70.6554,41.5575],[-70.6539,41.5652],[-70.6488,41.5699],[-70.6427,41.5724],[-70.6412,41.5766],[-70.6409,41.5773],[-70.642,41.5831],[-70.6423,41.5836],[-70.6524,41.6052],[-70.652,41.6102],[-70.64,41.6246],[-70.6453,41.6335],[-70.6526,41.6378],[-70.6504,41.6442],[-70.6393,41.6492],[-70.6387,41.6494],[-70.636,41.6592],[-70.6389,41.6612],[-70.6454,41.6657],[-70.6429,41.6749],[-70.6533,41.6863],[-70.646,41.6938],[-70.6254,41.6987],[-70.6251,41.7006],[-70.6237,41.7074],[-70.6265,41.713],[-70.6429,41.7184],[-70.6446,41.719],[-70.6511,41.7157],[-70.6566,41.7154],[-70.6705,41.7219],[-70.7082,41.731],[-70.7187,41.7357],[-70.7246,41.7334],[-70.7263,41.7327],[-70.7282,41.726],[-70.7289,41.7234],[-70.7213,41.713],[-70.7161,41.6926],[-70.7185,41.6874],[-70.728,41.6868],[-70.7444,41.697],[-70.7553,41.6943],[-70.7615,41.6768],[-70.7615,41.6766],[-70.7624,41.6677],[-70.7582,41.6612],[-70.7576,41.6543],[-70.7606,41.646],[-70.7668,41.6425],[-70.7737,41.645],[-70.7798,41.6515],[-70.8091,41.6564],[-70.8133,41.6557],[-70.8157,41.6528],[-70.8164,41.646],[-70.8047,41.6412],[-70.8002,41.6318],[-70.8011,41.6295],[-70.8103,41.6249],[-70.8353,41.6245],[-70.8433,41.6292],[-70.8436,41.6293],[-70.8529,41.6253],[-70.8527,41.6244],[-70.8509,41.6121],[-70.8321,41.608],[-70.8238,41.6027],[-70.8165,41.591],[-70.8218,41.5856],[-70.8308,41.5859],[-70.8386,41.5941],[-70.8409,41.5953],[-70.846,41.5946],[-70.8517,41.5884],[-70.8606,41.59],[-70.8663,41.6001],[-70.8695,41.6153],[-70.8709,41.6251],[-70.874,41.6273],[-70.8866,41.6316],[-70.8975,41.6227],[-70.9021,41.6189],[-70.9023,41.6187],[-70.9004,41.6128],[-70.8968,41.6022],[-70.8999,41.6007],[-70.9051,41.598],[-70.9124,41.5999],[-70.9168,41.608],[-70.9188,41.6117],[-70.9216,41.6121],[-70.9291,41.613],[-70.9325,41.6088],[-70.9331,41.6081],[-70.9339,41.6071],[-70.9289,41.5927],[-70.9313,41.5842],[-70.9446,41.5816],[-70.9469,41.5811],[-70.9488,41.579],[-70.9473,41.5737],[-70.9378,41.5652],[-70.9321,41.5443],[-70.9418,41.5401],[-70.9479,41.5298],[-70.9569,41.527],[-70.9698,41.534],[-70.9792,41.5304],[-70.9834,41.5206],[-70.9865,41.513],[-71.0033,41.5119],[-71.0194,41.5089],[-71.0235,41.5063],[-71.0355,41.499],[-71.0584,41.506],[-71.0857,41.5093],[-71.1206,41.4974],[-71.1369,41.4939],[-71.1411,41.4899],[-71.1402,41.4859],[-71.1673,41.4714],[-71.1701,41.464],[-71.193,41.4579],[-71.195,41.459],[-71.1969,41.4611],[-71.1966,41.4648],[-71.19,41.4783],[-71.1902,41.4843],[-71.1994,41.4918],[-71.1997,41.4955],[-71.2064,41.4992],[-71.2008,41.5144],[-71.2133,41.5451],[-71.2136,41.5458],[-71.2087,41.571],[-71.2078,41.6007],[-71.2127,41.6101],[-71.2124,41.6183],[-71.2123,41.6199],[-71.212,41.623],[-71.2162,41.6255],[-71.2168,41.6253],[-71.2374,41.6201],[-71.2407,41.6192],[-71.2412,41.6134],[-71.2434,41.5893],[-71.2436,41.5875],[-71.2361,41.5748],[-71.2362,41.5689],[-71.2366,41.5359],[-71.2348,41.5325],[-71.228,41.5283],[-71.2294,41.5215],[-71.2334,41.5141],[-71.2406,41.5006],[-71.2386,41.4868],[-71.2372,41.4865],[-71.2368,41.4834],[-71.2407,41.4749],[-71.2467,41.472],[-71.246,41.4813],[-71.2527,41.4859],[-71.2648,41.4889],[-71.2856,41.4878],[-71.2926,41.4853],[-71.2951,41.4844],[-71.2978,41.4758],[-71.3044,41.4545],[-71.3114,41.4508],[-71.3127,41.4514],[-71.3127,41.4546],[-71.3214,41.4556],[-71.3377,41.4489],[-71.3511,41.4508],[-71.3627,41.4604],[-71.3615,41.4648],[-71.3471,41.4712],[-71.336,41.4696],[-71.3274,41.4764],[-71.3275,41.4784],[-71.3276,41.4802],[-71.3278,41.483],[-71.3324,41.4868],[-71.343,41.4956],[-71.3411,41.4986],[-71.334,41.5048],[-71.3307,41.5077],[-71.3308,41.5184],[-71.3207,41.5277],[-71.3137,41.5341],[-71.3131,41.5347],[-71.3105,41.5469],[-71.3057,41.5561],[-71.3037,41.5599],[-71.3015,41.5626],[-71.2944,41.5714],[-71.2884,41.5733],[-71.2851,41.5771],[-71.279,41.5928],[-71.2734,41.607],[-71.2724,41.615],[-71.2752,41.6194],[-71.2719,41.624],[-71.2554,41.6357],[-71.2511,41.6388],[-71.2332,41.6402],[-71.2192,41.6537],[-71.2158,41.6548],[-71.205,41.6585],[-71.2037,41.6608],[-71.1956,41.6751],[-71.2012,41.6819],[-71.2083,41.6905],[-71.2248,41.7105],[-71.2279,41.7055],[-71.241,41.6977],[-71.2428,41.6965],[-71.2453,41.6949],[-71.2376,41.6816],[-71.2365,41.6768],[-71.2354,41.6721],[-71.2415,41.6672],[-71.2534,41.6606],[-71.2547,41.6491],[-71.2671,41.6449],[-71.2727,41.6385],[-71.2853,41.6369],[-71.2902,41.6413],[-71.295,41.6457],[-71.2992,41.6495],[-71.3014,41.65],[-71.3037,41.6548],[-71.3061,41.6726],[-71.3026,41.6817],[-71.2989,41.6815],[-71.2931,41.6883],[-71.2912,41.7027],[-71.2953,41.7072],[-71.3058,41.7187],[-71.3148,41.7238],[-71.3361,41.725],[-71.3402,41.7305],[-71.3444,41.7362],[-71.3523,41.7451],[-71.3553,41.7468],[-71.3601,41.7495],[-71.3646,41.7647],[-71.3651,41.7775],[-71.3663,41.7786],[-71.3715,41.7834],[-71.3717,41.7834],[-71.3813,41.7853],[-71.3825,41.7851],[-71.3906,41.7837],[-71.3908,41.7799],[-71.3908,41.7788],[-71.3855,41.7687],[-71.3856,41.7603],[-71.3846,41.7575],[-71.3824,41.7511],[-71.3806,41.7459],[-71.3808,41.7389],[-71.381,41.7281],[-71.3811,41.7273],[-71.3765,41.7216],[-71.3639,41.7174],[-71.3652,41.7133],[-71.3657,41.7116],[-71.3657,41.6949],[-71.3687,41.6858],[-71.373,41.6726],[-71.3779,41.6666],[-71.382,41.6673],[-71.3899,41.6719],[-71.3908,41.6806],[-71.3894,41.6834],[-71.3906,41.6841],[-71.4016,41.6841],[-71.4181,41.6842],[-71.4301,41.6854],[-71.4413,41.6864],[-71.4431,41.6883],[-71.4419,41.69],[-71.4459,41.6911],[-71.4493,41.6874],[-71.4445,41.6644],[-71.4423,41.6649],[-71.43,41.6675],[-71.4255,41.6708],[-71.4093,41.6626],[-71.4086,41.6538],[-71.4072,41.6344],[-71.4054,41.6106],[-71.4048,41.6036],[-71.4038,41.5893],[-71.4316,41.5837],[-71.4477,41.5804],[-71.4467,41.5773],[-71.4426,41.5651],[-71.4389,41.5604],[-71.4216,41.5379],[-71.4174,41.5345],[-71.4148,41.5231],[-71.4149,41.5163],[-71.4196,41.5037],[-71.4214,41.4986],[-71.42,41.4848],[-71.418,41.4821],[-71.4176,41.4779],[-71.4184,41.4727],[-71.4212,41.4699],[-71.423,41.4727],[-71.4307,41.4706],[-71.4309,41.4657],[-71.4279,41.4595],[-71.4287,41.4542],[-71.4336,41.445],[-71.4377,41.4413],[-71.4405,41.4415],[-71.4412,41.4416],[-71.4489,41.4385],[-71.4558,41.433],[-71.4554,41.408],[-71.47,41.3916],[-71.4749,41.3861],[-71.4833,41.3717],[-71.5134,41.3747],[-71.5267,41.3766],[-71.5554,41.3733],[-71.6245,41.3609],[-71.6257,41.3605],[-71.6389,41.3568],[-71.6881,41.3428],[-71.7016,41.337],[-71.7207,41.3316],[-71.7298,41.3309],[-71.7737,41.328],[-71.786,41.3257],[-71.8338,41.3156],[-71.8574,41.3063],[-71.8628,41.3098],[-71.8621,41.3166],[-71.8605,41.3202],[-71.8596,41.3224],[-71.8682,41.3309],[-71.8824,41.3352],[-71.8863,41.3364],[-71.9167,41.3322],[-71.9221,41.3345],[-71.9233,41.3351],[-71.9363,41.338],[-71.9376,41.3379],[-71.9457,41.3378],[-71.9567,41.3299],[-71.971,41.3245],[-71.9794,41.33],[-71.9803,41.3299],[-71.9822,41.3299],[-71.9882,41.3206],[-72.0219,41.3168],[-72.0547,41.3183],[-72.0824,41.3195],[-72.0845,41.3196],[-72.0944,41.3142],[-72.0998,41.307],[-72.1031,41.3048],[-72.1118,41.2991],[-72.1342,41.2994],[-72.155,41.3076],[-72.1616,41.3103],[-72.1739,41.3176],[-72.1775,41.3223],[-72.1776,41.3225],[-72.1841,41.324],[-72.191,41.3232],[-72.2014,41.3157],[-72.203,41.3132],[-72.204,41.2991],[-72.2129,41.2914],[-72.2249,41.2988],[-72.2253,41.299],[-72.2355,41.3004],[-72.2482,41.2995],[-72.2488,41.2993],[-72.2519,41.2986],[-72.2505,41.2944],[-72.2513,41.2903],[-72.2513,41.29],[-72.2615,41.2829],[-72.3178,41.2778],[-72.3276,41.2785],[-72.3293,41.2797],[-72.3339,41.2829],[-72.3415,41.2801],[-72.3486,41.2774],[-72.3481,41.2697],[-72.3866,41.2618],[-72.3982,41.2774],[-72.3987,41.2782],[-72.4059,41.2784],[-72.4166,41.2785],[-72.4519,41.2789],[-72.4725,41.2701],[-72.4857,41.2709],[-72.4862,41.2707],[-72.4995,41.2659],[-72.5066,41.2601],[-72.5187,41.2613],[-72.5213,41.2656],[-72.5219,41.2655],[-72.5294,41.2644],[-72.5332,41.2627],[-72.5367,41.2562],[-72.5378,41.2556],[-72.5468,41.2507],[-72.5472,41.2505],[-72.5707,41.2677],[-72.5711,41.2681],[-72.5833,41.2717],[-72.5852,41.2713],[-72.591,41.2701],[-72.598,41.2687],[-72.6079,41.2704],[-72.6172,41.272],[-72.6415,41.267],[-72.6538,41.2659],[-72.6547,41.2662],[-72.6622,41.269],[-72.6628,41.2692],[-72.6672,41.2682],[-72.6723,41.267],[-72.6743,41.2655],[-72.6849,41.2576],[-72.6855,41.2513],[-72.6904,41.2467],[-72.6947,41.245],[-72.6955,41.2449],[-72.7018,41.2448],[-72.7106,41.2445],[-72.7137,41.249],[-72.7112,41.251],[-72.7125,41.2542],[-72.7224,41.2591],[-72.7357,41.2529],[-72.7603,41.2412],[-72.7544,41.2669],[-72.7575,41.2669],[-72.7861,41.2648],[-72.7862,41.2648],[-72.8187,41.2522],[-72.8194,41.2541],[-72.8259,41.2564],[-72.8269,41.2568],[-72.8478,41.2567],[-72.8502,41.2555],[-72.8541,41.2477],[-72.8613,41.2453],[-72.8811,41.243],[-72.8812,41.2429],[-72.8876,41.2447],[-72.8944,41.2424],[-72.8977,41.2456],[-72.9005,41.2466],[-72.9036,41.2477],[-72.9041,41.2487],[-72.903,41.2528],[-72.8947,41.2562],[-72.8947,41.2563],[-72.8938,41.2599],[-72.8964,41.2639],[-72.8975,41.2658],[-72.9055,41.2701],[-72.9031,41.2749],[-72.906,41.2827],[-72.9075,41.2951],[-72.9076,41.2962],[-72.9131,41.2967],[-72.9198,41.2911],[-72.9263,41.2831],[-72.9272,41.282],[-72.9329,41.281],[-72.9383,41.2801],[-72.9386,41.28],[-72.9369,41.2771],[-72.9366,41.2767],[-72.9366,41.2766],[-72.9328,41.2701],[-72.9323,41.2694],[-72.9282,41.2637],[-72.9309,41.2618],[-72.9335,41.26],[-72.9356,41.2585],[-72.957,41.2529],[-72.96,41.2521],[-72.9613,41.2518],[-72.962,41.2516],[-72.9757,41.2414],[-72.9838,41.2354],[-72.9851,41.2344],[-72.9862,41.2335],[-72.9979,41.2227],[-73.0036,41.2153],[-73.0043,41.2144],[-73.0075,41.2102],[-73.0135,41.2055],[-73.0149,41.2043],[-73.0201,41.2041],[-73.0204,41.2064],[-73.0225,41.2072],[-73.0352,41.2085],[-73.0456,41.2097],[-73.049,41.21],[-73.0506,41.2102],[-73.0549,41.2085],[-73.0594,41.2067],[-73.0745,41.1971],[-73.0776,41.1952],[-73.0795,41.194],[-73.0905,41.1848],[-73.0912,41.1842],[-73.1043,41.1732],[-73.1055,41.1722],[-73.108,41.1687],[-73.1104,41.1597],[-73.11,41.157],[-73.1084,41.1537],[-73.1111,41.1508],[-73.1303,41.1468],[-73.1644,41.1586],[-73.1701,41.1605],[-73.1707,41.1649],[-73.1759,41.1662],[-73.1778,41.1667],[-73.1816,41.1654],[-73.2027,41.1581],[-73.2203,41.1474],[-73.2283,41.1426],[-73.2348,41.144],[-73.2351,41.144],[-73.2452,41.1301],[-73.248,41.1264],[-73.2624,41.1175],[-73.2863,41.1277],[-73.2868,41.1279],[-73.2964,41.1257],[-73.2984,41.1245],[-73.3119,41.1163],[-73.3307,41.11],[-73.3472,41.1076],[-73.3703,41.1043],[-73.3723,41.104],[-73.3542,41.0856],[-73.3838,41.0611],[-73.3872,41.0582],[-73.4222,41.0476],[-73.4288,41.0522],[-73.4317,41.0543],[-73.4319,41.0544],[-73.4351,41.0567],[-73.4468,41.057],[-73.4504,41.0571],[-73.4682,41.0513],[-73.4774,41.036],[-73.4933,41.0482],[-73.4957,41.0472],[-73.5169,41.0387],[-73.5168,41.03],[-73.5168,41.0295],[-73.5227,41.0193],[-73.5289,41.0164],[-73.5312,41.0219],[-73.5302,41.0288],[-73.5328,41.0317],[-73.5344,41.0318],[-73.5353,41.0319],[-73.537,41.0311],[-73.5395,41.03],[-73.5515,41.0243],[-73.562,41.0168],[-73.5677,41.0109],[-73.5701,41.0016],[-73.584,41.0009],[-73.5849,41.0094],[-73.585,41.0105],[-73.5957,41.016],[-73.5967,41.0159],[-73.604,41.0151],[-73.642,41.0027],[-73.6435,41.0022],[-73.6512,40.9952],[-73.6573,40.9852],[-73.656,40.9796],[-73.66,40.9684],[-73.6621,40.9662],[-73.6645,40.9672],[-73.6781,40.9628],[-73.6833,40.949],[-73.6865,40.9452],[-73.698,40.9396],[-73.7029,40.938],[-73.7121,40.9351],[-73.7135,40.9347],[-73.7217,40.932],[-73.7318,40.925],[-73.7365,40.9226],[-73.755,40.9135],[-73.7568,40.9126],[-73.7618,40.9069],[-73.7735,40.8936],[-73.773,40.8907],[-73.7688,40.8875],[-73.7672,40.8863],[-73.7663,40.8811],[-73.7702,40.88],[-73.7724,40.8801],[-73.7786,40.8803],[-73.7793,40.88],[-73.7851,40.8769],[-73.7908,40.8685],[-73.7926,40.8633],[-73.7867,40.8608],[-73.7848,40.86],[-73.7831,40.8599],[-73.7699,40.8597],[-73.7658,40.8552],[-73.7691,40.8529],[-73.7672,40.8458],[-73.7699,40.8446],[-73.7754,40.8464],[-73.7803,40.8446],[-73.7812,40.8389],[-73.7832,40.8368],[-73.7854,40.838],[-73.791,40.8466],[-73.7979,40.8477],[-73.7995,40.848],[-73.8069,40.8495],[-73.8093,40.8484],[-73.8128,40.8467],[-73.8153,40.8363],[-73.8156,40.8351],[-73.8152,40.8311],[-73.8121,40.8257],[-73.8119,40.8254],[-73.8045,40.8185],[-73.7988,40.8162],[-73.7973,40.8156],[-73.7864,40.8015],[-73.7817,40.7954],[-73.7814,40.7949],[-73.776,40.7953],[-73.7756,40.7956],[-73.7691,40.8002],[-73.7683,40.8008],[-73.754,40.8209],[-73.7544,40.8268],[-73.7283,40.8529],[-73.7267,40.8568],[-73.7307,40.8654],[-73.7296,40.8665],[-73.7137,40.8701],[-73.6756,40.857],[-73.6659,40.8412],[-73.6571,40.8412],[-73.653,40.8475],[-73.6486,40.8534],[-73.6479,40.8543],[-73.6559,40.8639],[-73.6544,40.8782],[-73.6411,40.8926],[-73.6338,40.8982],[-73.627,40.8994],[-73.621,40.8984],[-73.6176,40.8979],[-73.6019,40.9028],[-73.5952,40.9073],[-73.5908,40.9087],[-73.57,40.9154],[-73.5662,40.9158],[-73.5579,40.9126],[-73.5481,40.9087],[-73.5193,40.9143],[-73.515,40.9128],[-73.5085,40.9075],[-73.5077,40.898],[-73.5074,40.8938],[-73.4944,40.895],[-73.4894,40.8843],[-73.4887,40.8768],[-73.4789,40.8722],[-73.4739,40.8749],[-73.4706,40.8767],[-73.4735,40.8955],[-73.4811,40.902],[-73.4871,40.9162],[-73.4896,40.9196],[-73.4966,40.9235],[-73.4918,40.9421],[-73.4854,40.9464],[-73.4784,40.9423],[-73.4644,40.937],[-73.4371,40.9343],[-73.4299,40.9278],[-73.4294,40.925],[-73.4288,40.9215],[-73.4352,40.9072],[-73.4332,40.907],[-73.4262,40.9062],[-73.4148,40.9039],[-73.4056,40.9049],[-73.4041,40.9051],[-73.4055,40.9103],[-73.4063,40.9131],[-73.4071,40.916],[-73.4061,40.9202],[-73.403,40.9251],[-73.4035,40.9422],[-73.4024,40.9509],[-73.4011,40.9547],[-73.3929,40.9547],[-73.3723,40.9354],[-73.366,40.9317],[-73.3528,40.9267],[-73.3486,40.9259],[-73.3456,40.9253],[-73.3442,40.9273],[-73.3314,40.9296],[-73.2951,40.9245],[-73.257,40.9133],[-73.2311,40.9056],[-73.2293,40.9051],[-73.149,40.9289],[-73.1485,40.93],[-73.1462,40.9351],[-73.1445,40.9449],[-73.1433,40.9514],[-73.1535,40.9615],[-73.1504,40.9656],[-73.1327,40.9668],[-73.1199,40.9755],[-73.1166,40.9752],[-73.1007,40.9687],[-73.0934,40.9703],[-73.0816,40.9731],[-73.0437,40.9622],[-73.0432,40.9626],[-73.0404,40.9645],[-72.9959,40.9665],[-72.984,40.9664],[-72.9552,40.9661],[-72.9549,40.9661],[-72.9249,40.9635],[-72.9138,40.9625],[-72.8882,40.963],[-72.8638,40.9656],[-72.8261,40.9698],[-72.7794,40.9658],[-72.7741,40.9653],[-72.7605,40.9668],[-72.7457,40.9684],[-72.7085,40.9778],[-72.7081,40.9779],[-72.6858,40.9803],[-72.6637,40.9797],[-72.659,40.9801],[-72.6356,40.982],[-72.5917,40.9956],[-72.5853,40.9976],[-72.5654,41.0095],[-72.5591,41.0135],[-72.5494,41.0196],[-72.5215,41.0377],[-72.5208,41.0379],[-72.4773,41.0522],[-72.4747,41.0545],[-72.4608,41.067],[-72.4452,41.0861],[-72.4179,41.088],[-72.4027,41.0939],[-72.3948,41.097],[-72.3856,41.1073],[-72.3822,41.1142],[-72.3753,41.1187],[-72.3689,41.12],[-72.3609,41.1277],[-72.3578,41.1307],[-72.354,41.1393],[-72.3501,41.1405],[-72.3389,41.142],[-72.3251,41.145],[-72.3133,41.1489],[-72.3044,41.1492],[-72.2911,41.1559],[-72.2788,41.1587],[-72.273,41.155],[-72.2681,41.1541],[-72.2453,41.1612],[-72.2382,41.1595],[-72.2377,41.1564],[-72.2429,41.1533],[-72.2508,41.1438],[-72.2548,41.1349],[-72.2616,41.1296],[-72.2817,41.1226],[-72.3,41.1327],[-72.3091,41.1347],[-72.3212,41.1319],[-72.335,41.121],[-72.3395,41.1111],[-72.3374,41.1091],[-72.3352,41.1069],[-72.3215,41.1006],[-72.3172,41.0887],[-72.2977,41.081],[-72.2804,41.0804],[-72.2767,41.0767],[-72.2831,41.0679],[-72.2737,41.0515],[-72.2653,41.0455],[-72.2605,41.0421],[-72.2413,41.0448],[-72.2294,41.0444],[-72.2175,41.0406],[-72.2019,41.0323],[-72.1906,41.0326],[-72.1876,41.0338],[-72.1833,41.0356],[-72.1829,41.0359],[-72.1795,41.0384],[-72.1749,41.0461],[-72.1629,41.0532],[-72.1604,41.0538],[-72.1539,41.0519],[-72.1373,41.0397],[-72.1351,41.0313],[-72.1374,41.0239],[-72.1227,41.0071],[-72.1164,40.9998],[-72.1107,40.9952],[-72.1019,40.9934],[-72.0918,40.9943],[-72.082,40.9988],[-72.08,41.0034],[-72.0799,41.0057],[-72.0782,41.0079],[-72.0609,41.0115],[-72.0611,41.017],[-72.0567,41.018],[-72.0559,41.022],[-72.0491,41.0226],[-72.0378,41.02],[-72.02,41.0222],[-71.9908,41.0477],[-71.9819,41.0477],[-71.9782,41.0431],[-71.9698,41.0405],[-71.959,41.0457],[-71.9566,41.05],[-71.9566,41.0502],[-71.9616,41.064],[-71.9596,41.0712],[-71.9383,41.0774],[-71.9171,41.0805],[-71.9042,41.0841],[-71.8955,41.0774],[-71.8895,41.0757],[-71.8696,41.075],[-71.864,41.0758],[-71.8573,41.0732],[-71.8564,41.0711],[-71.8679,41.0587],[-71.8739,41.0523],[-71.9035,41.0409],[-71.9357,41.0342],[-72.0265,41.0009],[-72.0294,40.9999],[-72.1144,40.9721],[-72.1548,40.957],[-72.2284,40.9294],[-72.245,40.9232],[-72.2901,40.9063],[-72.3519,40.8831],[-72.3958,40.8667],[-72.4214,40.8584],[-72.47,40.8427],[-72.4717,40.8422],[-72.4762,40.841],[-72.5663,40.8153],[-72.5734,40.8133],[-72.6137,40.8024],[-72.6343,40.7969],[-72.6806,40.7845],[-72.7282,40.7717],[-72.7452,40.7671],[-72.7531,40.7636],[-72.7572,40.7644],[-72.7682,40.7616],[-72.8078,40.7496],[-72.8632,40.733],[-72.9232,40.7133],[-73.0125,40.6797],[-73.055,40.6664],[-73.1453,40.6455],[-73.2084,40.6309],[-73.2391,40.6251],[-73.2621,40.6215],[-73.2645,40.6214],[-73.3064,40.6208],[-73.3263,40.6331],[-73.3515,40.6305],[-73.4173,40.6111],[-73.424,40.6098],[-73.4849,40.5978],[-73.5073,40.5934],[-73.5591,40.582],[-73.5701,40.584],[-73.6109,40.5877],[-73.6374,40.5834],[-73.6409,40.5828],[-73.6466,40.583],[-73.6582,40.5835],[-73.6812,40.5844],[-73.6903,40.5847],[-73.7011,40.5852],[-73.7427,40.5868],[-73.7504,40.5895],[-73.7526,40.5903],[-73.7569,40.5918],[-73.7638,40.5914],[-73.7697,40.5911],[-73.7749,40.5908],[-73.7884,40.5877],[-73.7955,40.5861],[-73.8012,40.5848],[-73.8208,40.5803],[-73.8344,40.5772],[-73.8356,40.5769],[-73.8415,40.5751],[-73.8475,40.5734],[-73.8576,40.5704],[-73.8637,40.5686],[-73.8681,40.5673],[-73.8805,40.5637],[-73.9012,40.5576],[-73.9051,40.5564],[-73.9304,40.5467],[-73.9398,40.5483],[-73.94,40.5556],[-73.9307,40.5619],[-73.9263,40.5648],[-73.925,40.5683],[-73.9235,40.5719],[-73.9296,40.5763],[-73.9304,40.5762],[-73.9524,40.5741],[-73.9594,40.5734],[-73.9913,40.5704],[-73.9973,40.5716],[-74.0024,40.5726],[-74.012,40.5745],[-74.004,40.5812],[-74.0021,40.5827],[-74.0005,40.5841],[-74.0005,40.5843],[-74.0008,40.5854],[-74.0012,40.5869],[-74.0022,40.5913],[-74.0027,40.5934],[-74.0033,40.5958],[-74.0045,40.5961],[-74.0066,40.5967],[-74.0092,40.5975],[-74.0111,40.598],[-74.0138,40.5988],[-74.0158,40.5994],[-74.0166,40.5996],[-74.0169,40.5998],[-74.0214,40.6011],[-74.0329,40.6044],[-74.0366,40.6091],[-74.0396,40.6129],[-74.0396,40.613],[-74.0402,40.6157],[-74.0406,40.6171],[-74.0414,40.6207],[-74.0419,40.6225],[-74.0424,40.6248],[-74.0394,40.6338],[-74.0388,40.6357],[-74.0383,40.6371],[-74.0359,40.6408],[-74.0355,40.6413],[-74.0351,40.642],[-74.0337,40.6441],[-74.0335,40.6443],[-74.0321,40.6465],[-74.0292,40.6491],[-74.0183,40.659],[-74.0187,40.6625],[-74.0197,40.6716],[-74.0205,40.6788],[-74.0221,40.6805],[-74.0254,40.6842],[-74.0444,40.6885],[-74.0461,40.6893],[-74.0473,40.6905],[-74.0525,40.6907],[-74.067,40.6911],[-74.0716,40.6736],[-74.0641,40.6698],[-74.0661,40.6672],[-74.0676,40.6654],[-74.0715,40.6605],[-74.0802,40.663],[-74.0868,40.6516],[-74.0759,40.6481],[-74.0736,40.6455],[-74.0697,40.6412],[-74.0693,40.638],[-74.0677,40.6251],[-74.0676,40.6239],[-74.0627,40.6159],[-74.0566,40.6082],[-74.0531,40.6037],[-74.0597,40.5941],[-74.0623,40.5902],[-74.0643,40.5885],[-74.0763,40.5784],[-74.0845,40.5715],[-74.0859,40.5703],[-74.0947,40.5628],[-74.0996,40.5587],[-74.1078,40.5516],[-74.1126,40.5476],[-74.1128,40.5475],[-74.1273,40.5381],[-74.1372,40.5301],[-74.1429,40.5341],[-74.1444,40.5352],[-74.1553,40.5303],[-74.1602,40.5279],[-74.1704,40.5228],[-74.1788,40.5213],[-74.1822,40.5206],[-74.1999,40.5117],[-74.2105,40.5094],[-74.2198,40.5026],[-74.2219,40.5024],[-74.2332,40.5013],[-74.2467,40.4961],[-74.2528,40.4981],[-74.2591,40.5023],[-74.2656,40.4951],[-74.2708,40.4892],[-74.27,40.4869],[-74.2677,40.4804],[-74.2665,40.4769],[-74.2619,40.4647],[-74.258,40.4636],[-74.2367,40.4578],[-74.2249,40.4533],[-74.2098,40.4474],[-74.2062,40.4407],[-74.2047,40.4401],[-74.2025,40.4391],[-74.2021,40.4389],[-74.1939,40.441],[-74.1889,40.446],[-74.1882,40.4475],[-74.1856,40.4529],[-74.1808,40.4577],[-74.177,40.4575],[-74.1747,40.4552],[-74.1696,40.4508],[-74.1644,40.4481],[-74.1581,40.4471],[-74.1496,40.4486],[-74.1475,40.4491],[-74.1427,40.4505],[-74.1389,40.4546],[-74.1363,40.4558],[-74.1335,40.4551],[-74.1273,40.4514],[-74.1245,40.4498],[-74.1169,40.4461],[-74.1135,40.4444],[-74.0926,40.4392],[-74.0889,40.4383],[-74.0769,40.4329],[-74.0687,40.4282],[-74.0683,40.428],[-74.059,40.4227],[-74.0489,40.4193],[-74.048,40.419],[-74.0479,40.4189],[-74.0064,40.4111],[-74.0014,40.411],[-73.9985,40.4109],[-73.9955,40.4195],[-73.9917,40.4429],[-74.0037,40.4485],[-74.0054,40.4596],[-74.0193,40.4712],[-74.0184,40.4779],[-74.0041,40.477],[-73.9979,40.4767],[-73.9869,40.4562],[-73.9829,40.4486],[-73.9823,40.4208],[-73.977,40.4085],[-73.9714,40.3717],[-73.9714,40.348],[-73.9718,40.3445],[-73.9746,40.3222],[-73.9764,40.3074],[-73.9774,40.2994],[-73.9785,40.2943],[-73.9817,40.2794],[-73.9826,40.2762],[-73.9871,40.2601],[-73.9933,40.2377],[-73.9954,40.2311],[-73.9957,40.2303],[-73.9976,40.2244],[-73.9996,40.2181],[-74,40.2167],[-74.0026,40.2086],[-74.0068,40.1955],[-74.0094,40.1875],[-74.0128,40.177],[-74.0158,40.1675],[-74.0202,40.154],[-74.0253,40.1381],[-74.0302,40.1228],[-74.0313,40.1173],[-74.0341,40.1031],[-74.0319,40.101],[-74.0313,40.1005],[-74.0335,40.0995],[-74.0357,40.0928],[-74.0358,40.0926],[-74.0394,40.0814],[-74.0408,40.0756],[-74.0425,40.0688],[-74.0452,40.0575],[-74.0533,40.0241],[-74.0578,40.0053],[-74.0582,40.0038],[-74.0588,40.0013],[-74.0639,39.9801],[-74.0641,39.9792],[-74.0651,39.974],[-74.068,39.9593],[-74.0701,39.9483],[-74.0723,39.9369],[-74.0752,39.9214],[-74.0769,39.9127],[-74.0772,39.911],[-74.078,39.9046],[-74.0909,39.8],[-74.0971,39.7678],[-74.0969,39.763],[-74.0974,39.7622],[-74.0989,39.7595],[-74.1014,39.7562],[-74.1137,39.7407],[-74.1417,39.6894],[-74.1571,39.6694],[-74.1834,39.635],[-74.191,39.6251],[-74.23,39.5697],[-74.2405,39.5549],[-74.249,39.548],[-74.263,39.5315],[-74.2647,39.5301],[-74.2848,39.514],[-74.2943,39.5127],[-74.3262,39.5081],[-74.327,39.5064],[-74.329,39.5025],[-74.3194,39.493],[-74.313,39.4742],[-74.327,39.4555],[-74.3264,39.4501],[-74.3259,39.4461],[-74.3348,39.432],[-74.3623,39.4064],[-74.367,39.402],[-74.3834,39.3919],[-74.3974,39.3833],[-74.4067,39.3775],[-74.4068,39.3739],[-74.4072,39.3713],[-74.4077,39.3685],[-74.4082,39.3651],[-74.4127,39.3608],[-74.4141,39.3604],[-74.4324,39.3542],[-74.4403,39.3516],[-74.4566,39.3461],[-74.4599,39.345],[-74.4695,39.3402],[-74.475,39.3374],[-74.4818,39.334],[-74.49,39.3298],[-74.5015,39.324],[-74.5074,39.3211],[-74.5157,39.3169],[-74.5218,39.3138],[-74.5412,39.3004],[-74.5512,39.2935],[-74.5534,39.2869],[-74.5567,39.2833],[-74.561,39.2787],[-74.5709,39.2748],[-74.581,39.2708],[-74.5864,39.267],[-74.5979,39.2589],[-74.6058,39.2521],[-74.6145,39.2447],[-74.6186,39.2402],[-74.6363,39.2208],[-74.6466,39.212],[-74.6484,39.207],[-74.6514,39.1986],[-74.6696,39.1815],[-74.6714,39.1798],[-74.7143,39.1198],[-74.7149,39.1182],[-74.7153,39.1169],[-74.7141,39.1146],[-74.7044,39.1079],[-74.7059,39.1029],[-74.7383,39.0747],[-74.7476,39.0625],[-74.77,39.0328],[-74.7822,39.0321],[-74.7864,39.0319],[-74.7931,39.0288],[-74.794,39.0263],[-74.7951,39.023],[-74.787,39.0024],[-74.7877,39],[-74.8021,38.9885],[-74.8024,38.9882],[-74.8194,38.9794],[-74.8225,38.9769],[-74.8469,38.9576],[-74.8507,38.9545],[-74.8645,38.9404],[-74.8652,38.9414],[-74.8685,38.9427],[-74.8705,38.9435],[-74.8823,38.9418],[-74.907,38.932],[-74.9204,38.9291],[-74.9336,38.9285],[-74.9394,38.929],[-74.9635,38.9312],[-74.9673,38.9334],[-74.972,38.9404],[-74.9648,38.9669],[-74.9567,38.9962],[-74.9554,39.0013],[-74.9495,39.0156],[-74.9383,39.0352],[-74.9357,39.0391],[-74.9281,39.0506],[-74.9192,39.064],[-74.9037,39.0874],[-74.8978,39.0988],[-74.8925,39.1132],[-74.8859,39.1436],[-74.8872,39.1588],[-74.8922,39.1634],[-74.9052,39.1749],[-74.9149,39.1776],[-74.9624,39.1902],[-74.9763,39.1923],[-74.998,39.1913],[-75.0262,39.1936],[-75.0234,39.2048],[-75.0264,39.2132],[-75.0294,39.2155],[-75.0376,39.2217],[-75.0485,39.2152],[-75.0908,39.2108],[-75.1076,39.2122],[-75.111,39.2125],[-75.1241,39.1996],[-75.1271,39.1898],[-75.1367,39.1819],[-75.1514,39.19],[-75.1684,39.2026],[-75.164,39.2113],[-75.1667,39.2226],[-75.1775,39.2427],[-75.1919,39.2457],[-75.2059,39.2626],[-75.2125,39.2628],[-75.2416,39.2741],[-75.2441,39.2777],[-75.2429,39.2806],[-75.2437,39.2835],[-75.2444,39.2857],[-75.2518,39.2999],[-75.2716,39.304],[-75.281,39.2998],[-75.2826,39.2991],[-75.2853,39.2922],[-75.2889,39.2896],[-75.306,39.3017],[-75.3152,39.3106],[-75.3268,39.3325],[-75.3275,39.3393],[-75.3337,39.3453],[-75.342,39.3487],[-75.3556,39.3478],[-75.3616,39.3437],[-75.365,39.3414],[-75.39,39.3583],[-75.3906,39.3589],[-75.3943,39.3638],[-75.3952,39.3714],[-75.3993,39.3795],[-75.4073,39.382],[-75.4221,39.3865],[-75.4318,39.3916],[-75.4424,39.4023],[-75.4652,39.4389],[-75.4763,39.4381],[-75.4836,39.4408],[-75.5057,39.4529],[-75.5084,39.4591],[-75.5364,39.4606],[-75.5429,39.4704],[-75.5444,39.4796],[-75.5427,39.4966],[-75.5281,39.4981],[-75.5271,39.5001],[-75.5278,39.5004],[-75.5294,39.5012],[-75.5301,39.5054],[-75.53,39.5108],[-75.5267,39.5266],[-75.5268,39.5314],[-75.5277,39.5353],[-75.5316,39.5368],[-75.534,39.5407],[-75.5323,39.5433],[-75.526,39.5485],[-75.519,39.5554],[-75.5148,39.5626],[-75.5119,39.5676],[-75.5127,39.578],[-75.513,39.5783],[-75.5152,39.5808],[-75.5196,39.5832],[-75.5216,39.5831],[-75.5257,39.584],[-75.5311,39.588],[-75.5345,39.5904],[-75.5372,39.5929],[-75.5395,39.5943],[-75.5399,39.5944],[-75.544,39.596],[-75.5454,39.5968],[-75.5535,39.602],[-75.5559,39.6058],[-75.5617,39.6053],[-75.5657,39.6049],[-75.5715,39.6077],[-75.5767,39.6231],[-75.5722,39.6295],[-75.5613,39.6297],[-75.5583,39.6299],[-75.5553,39.6347],[-75.5497,39.6377],[-75.5425,39.6447],[-75.5351,39.6472],[-75.526,39.6547],[-75.524,39.6571],[-75.5183,39.6639],[-75.5117,39.6743],[-75.51,39.6792],[-75.5097,39.6861],[-75.5256,39.6913],[-75.5297,39.6926],[-75.53,39.6923],[-75.5503,39.6699],[-75.5613,39.6578],[-75.5622,39.6567],[-75.5871,39.651],[-75.5917,39.6456],[-75.6005,39.6354],[-75.6134,39.6203],[-75.6149,39.616],[-75.6137,39.6126],[-75.6133,39.6069],[-75.6125,39.5969],[-75.5995,39.5888],[-75.5716,39.5677],[-75.5648,39.5632],[-75.5647,39.5606],[-75.5646,39.5599],[-75.5664,39.5566],[-75.5694,39.5406],[-75.5694,39.5391],[-75.5704,39.5272],[-75.5725,39.5171],[-75.5764,39.5092],[-75.5877,39.4964],[-75.5877,39.4954],[-75.5931,39.4792],[-75.5931,39.478],[-75.5899,39.462],[-75.5894,39.4608],[-75.5802,39.4508],[-75.5796,39.4494],[-75.5789,39.4479],[-75.571,39.4425],[-75.5715,39.4405],[-75.5718,39.4389],[-75.5559,39.4304],[-75.5385,39.4165],[-75.536,39.4094],[-75.5236,39.3916],[-75.5217,39.3879],[-75.513,39.3662],[-75.5118,39.3652],[-75.5053,39.3592],[-75.4942,39.3546],[-75.4918,39.3518],[-75.4941,39.3466],[-75.4931,39.3455],[-75.4917,39.344],[-75.4904,39.3428],[-75.4798,39.3375],[-75.48,39.3366],[-75.4693,39.3308],[-75.4604,39.3282],[-75.439,39.3134],[-75.4369,39.3094],[-75.4356,39.2975],[-75.4354,39.2967],[-75.428,39.285],[-75.4084,39.2647],[-75.403,39.2546],[-75.4048,39.2459],[-75.4059,39.2436],[-75.4057,39.2238],[-75.4047,39.2227],[-75.3969,39.2161],[-75.393,39.2045],[-75.3948,39.1884],[-75.3986,39.1866],[-75.4001,39.1865],[-75.4083,39.1746],[-75.4106,39.1562],[-75.4012,39.0888],[-75.402,39.0669],[-75.4003,39.0656],[-75.3958,39.0592],[-75.3963,39.0579],[-75.3879,39.0512],[-75.3799,39.0488],[-75.3458,39.0249],[-75.3409,39.02],[-75.3184,38.9882],[-75.315,38.9808],[-75.3116,38.9676],[-75.3125,38.9511],[-75.3125,38.9493],[-75.3119,38.9459],[-75.3119,38.9457],[-75.3115,38.9446],[-75.3026,38.939],[-75.3123,38.9246],[-75.3041,38.9132],[-75.2631,38.8774],[-75.232,38.8443],[-75.2272,38.8405],[-75.2053,38.8234],[-75.1906,38.8069],[-75.1634,38.7926],[-75.1607,38.7912],[-75.159,38.7902],[-75.1354,38.7827],[-75.134,38.7822],[-75.1332,38.7823],[-75.1305,38.7824],[-75.1133,38.783],[-75.1041,38.7862],[-75.1021,38.7922],[-75.1002,38.798],[-75.0985,38.8029],[-75.0938,38.8038],[-75.0895,38.7972],[-75.0822,38.7722],[-75.0802,38.7501],[-75.0792,38.7382],[-75.0781,38.7319],[-75.0754,38.7167],[-75.075,38.7144],[-75.0655,38.661],[-75.0652,38.6324],[-75.0619,38.6089],[-75.0613,38.6086],[-75.061,38.6084],[-75.0605,38.608],[-75.06,38.6077],[-75.0556,38.5552],[-75.0542,38.5386],[-75.0521,38.5138],[-75.0497,38.4864],[-75.0496,38.4778],[-75.0489,38.4513],[-75.054,38.4185],[-75.0546,38.4148],[-75.0614,38.3895],[-75.0709,38.3602],[-75.0725,38.3553],[-75.0855,38.3243],[-75.0858,38.324],[-75.0875,38.3228],[-75.0939,38.3234],[-75.1029,38.3115],[-75.1122,38.2866],[-75.1168,38.2742],[-75.1233,38.261],[-75.1432,38.2205],[-75.159,38.1842],[-75.1774,38.13],[-75.1938,38.096],[-75.2161,38.0618],[-75.2425,38.027],[-75.2969,37.959],[-75.2988,37.9559],[-75.316,37.928],[-75.3193,37.9225],[-75.3386,37.895],[-75.3525,37.8748],[-75.3648,37.8632],[-75.3733,37.8562],[-75.3806,37.8517],[-75.3861,37.8524],[-75.3891,37.8562],[-75.3913,37.8642],[-75.4001,37.8755],[-75.4109,37.8795],[-75.4211,37.8833],[-75.4321,37.8786],[-75.454,37.8642],[-75.4691,37.8515],[-75.4893,37.8325],[-75.5016,37.8186],[-75.5209,37.7967],[-75.5427,37.7626],[-75.5519,37.7481],[-75.563,37.7365],[-75.5687,37.724],[-75.5764,37.6994],[-75.5836,37.6931],[-75.592,37.6632],[-75.6038,37.628],[-75.6145,37.6093],[-75.6133,37.5859],[-75.6131,37.5809],[-75.6129,37.5773],[-75.6005,37.5739],[-75.6022,37.5671],[-75.6158,37.5517],[-75.6425,37.5171],[-75.6729,37.4837],[-75.6863,37.4786],[-75.684,37.4632],[-75.6765,37.4637],[-75.6644,37.4645],[-75.6584,37.4518],[-75.666,37.4392],[-75.6775,37.4286],[-75.6979,37.4053],[-75.7207,37.3731],[-75.7237,37.3674],[-75.7273,37.3603],[-75.7256,37.3584],[-75.7267,37.3501],[-75.7358,37.3354],[-75.7631,37.3079],[-75.7772,37.2985],[-75.7792,37.2986],[-75.7846,37.301],[-75.7919,37.3006],[-75.7984,37.2963],[-75.7924,37.2788],[-75.797,37.256],[-75.8058,37.2418],[-75.8014,37.2299],[-75.8099,37.2162],[-75.8199,37.2125],[-75.8156,37.2022],[-75.8174,37.1934],[-75.8309,37.1836],[-75.8347,37.1733],[-75.8564,37.1585],[-75.8777,37.1356],[-75.8864,37.1261],[-75.897,37.1183],[-75.8973,37.118],[-75.9067,37.1142],[-75.9089,37.1137],[-75.9158,37.1122],[-75.9115,37.1229],[-75.9278,37.1303],[-75.9425,37.1251],[-75.9459,37.1205],[-75.9551,37.1198],[-75.953,37.1057],[-75.9434,37.1007],[-75.9424,37.0896],[-75.9552,37.0838],[-75.9719,37.0854],[-75.98,37.0922],[-75.9796,37.1004],[-75.9704,37.1186],[-75.97,37.1289],[-75.9781,37.1573],[-75.9986,37.1887],[-76.0061,37.1948],[-76.0131,37.2054],[-76.0138,37.2193],[-76.0105,37.2316],[-76.0107,37.2318],[-76.014,37.2354],[-76.0258,37.2574],[-76.0237,37.269],[-76.0155,37.2809],[-76.0216,37.2872],[-76.0235,37.2891],[-76.0186,37.3178],[-76.0143,37.3319],[-75.9978,37.3517],[-75.9871,37.3685],[-75.98,37.4046],[-75.9831,37.4158],[-75.9816,37.4341],[-75.9765,37.4449],[-75.9609,37.4676],[-75.9635,37.4754],[-75.9633,37.4818],[-75.959,37.5001],[-75.95,37.5219],[-75.9403,37.5346],[-75.9377,37.5497],[-75.9373,37.5517],[-75.9412,37.5584],[-75.9412,37.5638],[-75.9248,37.6002],[-75.9096,37.6227],[-75.9028,37.6306],[-75.8956,37.639],[-75.8771,37.6606],[-75.8685,37.6682],[-75.8652,37.674],[-75.8643,37.6757],[-75.8684,37.6876],[-75.8593,37.7031],[-75.8456,37.708],[-75.8377,37.713],[-75.8308,37.7255],[-75.8314,37.7317],[-75.8279,37.738],[-75.8248,37.7417],[-75.803,37.7529],[-75.8006,37.7594],[-75.8121,37.7766],[-75.8181,37.7917],[-75.7934,37.8045],[-75.7846,37.8068],[-75.7706,37.8046],[-75.7431,37.8067],[-75.7359,37.8166],[-75.7297,37.8183],[-75.7232,37.8201],[-75.7166,37.8267],[-75.7145,37.8378],[-75.7091,37.8477],[-75.7029,37.8497],[-75.6972,37.855],[-75.6898,37.8618],[-75.6853,37.8733],[-75.6876,37.8863],[-75.7096,37.9006],[-75.7205,37.9019],[-75.7245,37.9002],[-75.7267,37.8973],[-75.753,37.8966],[-75.7588,37.8976],[-75.7598,37.8993],[-75.7577,37.9039],[-75.7121,37.9361],[-75.7043,37.929],[-75.6939,37.9304],[-75.6698,37.9506],[-75.6651,37.9563],[-75.6631,37.9612],[-75.6717,37.9666],[-75.686,37.9676],[-75.7132,37.9766],[-75.7221,37.9734],[-75.7227,37.9713],[-75.728,37.9673],[-75.738,37.9635],[-75.7502,37.9689],[-75.7591,37.9707],[-75.7838,37.9726],[-75.8299,37.9386],[-75.8324,37.9333],[-75.8607,37.9183],[-75.885,37.9117],[-75.8927,37.9168],[-75.8983,37.9251],[-75.8941,37.9308],[-75.8909,37.9548],[-75.8924,37.9587],[-75.899,37.9745],[-75.8828,38.003],[-75.8753,38.012],[-75.8754,38.0282],[-75.8732,38.0344],[-75.8575,38.0388],[-75.8505,38.0367],[-75.8472,38.0332],[-75.8437,38.0324],[-75.8389,38.0314],[-75.8308,38.036],[-75.8294,38.0432],[-75.8258,38.0466],[-75.8134,38.0508],[-75.8131,38.0565],[-75.8129,38.0589],[-75.8196,38.0668],[-75.8442,38.0725],[-75.8587,38.0681],[-75.86,38.0601],[-75.8715,38.0589],[-75.8742,38.0603],[-75.8805,38.075],[-75.8638,38.101],[-75.8426,38.1131],[-75.8376,38.1138],[-75.8277,38.1334],[-75.8298,38.1372],[-75.8341,38.1451],[-75.8499,38.1444],[-75.8595,38.1405],[-75.8686,38.1344],[-75.8806,38.1369],[-75.888,38.1423],[-75.9004,38.1411],[-75.9297,38.1271],[-75.9373,38.1146],[-75.9487,38.1152],[-75.9596,38.1371],[-75.9513,38.1619],[-75.9475,38.1683],[-75.9473,38.1708],[-75.952,38.1762],[-75.9516,38.1781],[-75.9424,38.1871],[-75.8881,38.2038],[-75.8862,38.2033],[-75.8846,38.1998],[-75.8778,38.1983],[-75.8641,38.2009],[-75.8464,38.2105],[-75.8494,38.2201],[-75.8514,38.2264],[-75.8646,38.2383],[-75.8703,38.2434],[-75.8747,38.2445],[-75.8834,38.2444],[-75.8885,38.2414],[-75.8894,38.2395],[-75.8857,38.231],[-75.8907,38.228],[-75.8957,38.2286],[-75.9,38.2321],[-75.9084,38.2466],[-75.9083,38.252],[-75.9111,38.258],[-75.9173,38.2631],[-75.9077,38.2726],[-75.9014,38.286],[-75.9032,38.2979],[-75.8931,38.3092],[-75.8825,38.3291],[-75.8716,38.3323],[-75.8618,38.3476],[-75.8708,38.3563],[-75.8898,38.3517],[-75.9146,38.3393],[-75.9273,38.3214],[-75.9408,38.2984],[-75.9386,38.2723],[-75.9515,38.2669],[-75.9538,38.261],[-75.9416,38.2477],[-75.9436,38.2413],[-75.9562,38.2362],[-75.9656,38.2393],[-75.964,38.2469],[-75.9676,38.2547],[-75.9843,38.2652],[-75.9858,38.2765],[-75.9904,38.2829],[-76.014,38.3057],[-76.0146,38.3098],[-76.0103,38.3122],[-75.9813,38.3151],[-75.9693,38.3202],[-75.9642,38.3243],[-75.9619,38.3326],[-75.9619,38.3414],[-75.9739,38.3659],[-75.9996,38.3743],[-76.0069,38.3702],[-76.0119,38.3606],[-76.0121,38.3571],[-76.0102,38.3532],[-76.0167,38.3324],[-76.0339,38.3232],[-76.0416,38.3221],[-76.0456,38.3182],[-76.0496,38.3096],[-76.0502,38.3041],[-76.0305,38.288],[-76.0275,38.2801],[-76.0389,38.2549],[-76.0443,38.2494],[-76.0441,38.2417],[-76.0357,38.2306],[-76.0446,38.2238],[-76.058,38.2271],[-76.0695,38.2385],[-76.0749,38.2522],[-76.0997,38.2536],[-76.1201,38.2422],[-76.1257,38.239],[-76.1355,38.2322],[-76.1498,38.2345],[-76.1655,38.2428],[-76.1825,38.2611],[-76.1893,38.2724],[-76.1997,38.2862],[-76.2176,38.3057],[-76.2301,38.3198],[-76.2577,38.3249],[-76.2655,38.3409],[-76.2609,38.3473],[-76.2521,38.3594],[-76.25,38.3623],[-76.2702,38.3746],[-76.2823,38.3931],[-76.2806,38.4031],[-76.283,38.4135],[-76.3015,38.4398],[-76.3208,38.4599],[-76.3316,38.4735],[-76.3364,38.4922],[-76.3273,38.5001],[-76.3181,38.4982],[-76.2895,38.5039],[-76.2836,38.5042],[-76.2818,38.5022],[-76.264,38.5035],[-76.2603,38.5063],[-76.2473,38.5238],[-76.2452,38.5335],[-76.2444,38.537],[-76.2489,38.539],[-76.2536,38.5394],[-76.2741,38.5312],[-76.2781,38.5325],[-76.281,38.5361],[-76.2775,38.5419],[-76.2759,38.5488],[-76.2796,38.5572],[-76.29,38.5692],[-76.3083,38.5718],[-76.3052,38.5753],[-76.2735,38.5914],[-76.2686,38.5978],[-76.2796,38.6095],[-76.2718,38.6157],[-76.2642,38.6151],[-76.2465,38.6263],[-76.2367,38.6286],[-76.2312,38.614],[-76.2124,38.6067],[-76.2031,38.6107],[-76.2026,38.613],[-76.1909,38.6211],[-76.175,38.6288],[-76.1701,38.6292],[-76.1654,38.6102],[-76.1659,38.5987],[-76.1511,38.5947],[-76.1387,38.6017],[-76.1269,38.5914],[-76.1111,38.584],[-76.0889,38.5902],[-76.0804,38.5844],[-76.0784,38.583],[-76.0568,38.568],[-76.041,38.5573],[-76.0396,38.5582],[-76.0265,38.5668],[-76.0291,38.5723],[-76.0347,38.5839],[-76.0528,38.6024],[-76.0852,38.6246],[-76.1153,38.6234],[-76.1276,38.6353],[-76.1472,38.6368],[-76.1556,38.6581],[-76.1752,38.6732],[-76.1802,38.6731],[-76.1849,38.6731],[-76.1881,38.673],[-76.1967,38.6729],[-76.2003,38.6708],[-76.2128,38.6819],[-76.2387,38.7128],[-76.2398,38.7198],[-76.237,38.7245],[-76.2387,38.7354],[-76.2416,38.7356],[-76.2551,38.7365],[-76.2703,38.7244],[-76.2716,38.7132],[-76.275,38.7127],[-76.2985,38.718],[-76.2992,38.7193],[-76.296,38.7242],[-76.2994,38.7274],[-76.3088,38.7297],[-76.3128,38.7307],[-76.3161,38.7296],[-76.3255,38.7177],[-76.3278,38.7037],[-76.3219,38.6895],[-76.3224,38.6793],[-76.3405,38.6741],[-76.348,38.6862],[-76.3405,38.7303],[-76.3413,38.7519],[-76.3346,38.7729],[-76.3238,38.7793],[-76.3101,38.7968],[-76.3089,38.8133],[-76.3009,38.8262],[-76.2978,38.8283],[-76.2885,38.8273],[-76.2774,38.8314],[-76.2782,38.8355],[-76.2716,38.8518],[-76.2642,38.8516],[-76.2658,38.8475],[-76.2564,38.8341],[-76.2504,38.8254],[-76.2459,38.8222],[-76.2193,38.8124],[-76.209,38.8134],[-76.1981,38.8144],[-76.1934,38.8218],[-76.1911,38.8297],[-76.1977,38.8437],[-76.1995,38.8508],[-76.2026,38.8626],[-76.2001,38.8829],[-76.2051,38.8927],[-76.2036,38.9284],[-76.2075,38.9318],[-76.2138,38.9374],[-76.232,38.9425],[-76.2359,38.9417],[-76.2502,38.9387],[-76.2509,38.9282],[-76.248,38.9238],[-76.2497,38.9209],[-76.2564,38.9188],[-76.2622,38.92],[-76.2647,38.9246],[-76.2649,38.9303],[-76.2731,38.9419],[-76.2959,38.9287],[-76.2994,38.9185],[-76.2939,38.9101],[-76.2933,38.9026],[-76.3084,38.8984],[-76.3139,38.9059],[-76.3179,38.9113],[-76.3241,38.9112],[-76.3361,38.906],[-76.3384,38.893],[-76.3385,38.8925],[-76.3354,38.886],[-76.331,38.8643],[-76.334,38.8602],[-76.3406,38.8557],[-76.3504,38.8574],[-76.3611,38.852],[-76.3682,38.8361],[-76.3751,38.8395],[-76.3762,38.8505],[-76.3647,38.8738],[-76.3654,38.8982],[-76.3657,38.9075],[-76.3617,38.9392],[-76.3538,38.9572],[-76.3354,38.9823],[-76.3227,38.9996],[-76.3223,39.0064],[-76.3236,39.009],[-76.3203,39.023],[-76.3118,39.0353],[-76.3018,39.0397],[-76.301,39.0316],[-76.3028,39.0258],[-76.294,39.0039],[-76.2786,38.9839],[-76.2775,38.9825],[-76.2588,38.9837],[-76.2471,38.9812],[-76.2293,38.9776],[-76.2189,38.9705],[-76.2024,38.9731],[-76.1917,38.9805],[-76.164,38.9995],[-76.1636,39.0101],[-76.1842,39.0463],[-76.1753,39.0588],[-76.1691,39.0628],[-76.1645,39.064],[-76.159,39.0655],[-76.1505,39.0794],[-76.1427,39.0942],[-76.1465,39.1001],[-76.1472,39.1013],[-76.1744,39.1017],[-76.1745,39.1017],[-76.2034,39.0856],[-76.21,39.0644],[-76.2126,39.0412],[-76.2097,39.0278],[-76.2047,39.0164],[-76.2141,39.0114],[-76.2318,39.0185],[-76.2427,39.0289],[-76.2409,39.0398],[-76.2371,39.0455],[-76.2311,39.061],[-76.2317,39.0828],[-76.2335,39.0914],[-76.253,39.1336],[-76.2609,39.1434],[-76.2785,39.1458],[-76.2746,39.1655],[-76.2677,39.1785],[-76.2666,39.1805],[-76.2558,39.1916],[-76.251,39.1992],[-76.2321,39.2333],[-76.2193,39.262],[-76.2113,39.2698],[-76.203,39.2699],[-76.1857,39.2854],[-76.1815,39.2918],[-76.1794,39.2956],[-76.1777,39.2987],[-76.1768,39.3064],[-76.1791,39.3101],[-76.186,39.3125],[-76.1866,39.3155],[-76.1856,39.3193],[-76.1704,39.3321],[-76.1597,39.3359],[-76.1455,39.3344],[-76.1332,39.3405],[-76.137,39.3444],[-76.135,39.3511],[-76.1164,39.3609],[-76.1105,39.3723],[-76.0498,39.3706],[-76.0329,39.3674],[-76.023,39.3619],[-76.0024,39.3675],[-76.0024,39.3718],[-76.0025,39.3758],[-76.0025,39.385],[-76.0356,39.3862],[-76.0399,39.3881],[-76.041,39.3942],[-76.035,39.402],[-76.0165,39.4085],[-76.0069,39.4145],[-75.9974,39.4303],[-75.9826,39.4353],[-75.9767,39.4446],[-75.9766,39.4478],[-75.9832,39.4531],[-75.99,39.4586],[-75.9983,39.4572],[-76.0025,39.4502],[-76.0095,39.4492],[-76.0123,39.4531],[-76.0029,39.4696],[-75.9966,39.4767],[-75.9941,39.4887],[-75.9863,39.5104],[-75.9761,39.53],[-75.967,39.5387],[-75.9672,39.5501],[-75.9703,39.5576],[-75.9776,39.5594],[-75.9926,39.5631],[-75.9997,39.5605],[-76.0063,39.5504],[-76.0443,39.5479],[-76.0638,39.5466],[-76.0757,39.543],[-76.0961,39.5369],[-76.1003,39.5287],[-76.1173,39.4961],[-76.1146,39.4886],[-76.1139,39.4867],[-76.1047,39.4788],[-76.0983,39.4761],[-76.0833,39.4779],[-76.072,39.475],[-76.0609,39.4522],[-76.061,39.4477],[-76.0812,39.4367],[-76.0833,39.4383],[-76.1022,39.4357],[-76.1168,39.4276],[-76.1219,39.4212],[-76.1464,39.4053],[-76.1588,39.4063],[-76.1715,39.3922],[-76.1801,39.3776],[-76.1908,39.3759],[-76.1979,39.3676],[-76.2242,39.3528],[-76.2399,39.3614],[-76.2505,39.3793],[-76.2416,39.404],[-76.2246,39.4257],[-76.2248,39.4264],[-76.231,39.4564],[-76.2386,39.4539],[-76.2516,39.4496],[-76.2514,39.446],[-76.2507,39.4338],[-76.2505,39.4311],[-76.2548,39.4119],[-76.2691,39.4031],[-76.2688,39.3887],[-76.2857,39.3677],[-76.2669,39.3561],[-76.2566,39.3389],[-76.2761,39.3229],[-76.2817,39.2997],[-76.2966,39.3011],[-76.2896,39.3172],[-76.2988,39.3292],[-76.2957,39.35],[-76.3208,39.3582],[-76.3059,39.3644],[-76.304,39.3815],[-76.3153,39.3893],[-76.3292,39.3876],[-76.3448,39.3912],[-76.3465,39.3916],[-76.3571,39.3941],[-76.3578,39.3898],[-76.3583,39.3872],[-76.3593,39.3814],[-76.3546,39.3795],[-76.3418,39.3741],[-76.3433,39.3587],[-76.3356,39.3423],[-76.3477,39.3431],[-76.3494,39.3369],[-76.3509,39.3311],[-76.3292,39.315],[-76.3366,39.3051],[-76.3644,39.3118],[-76.3802,39.2986],[-76.3806,39.2939],[-76.3816,39.2843],[-76.3849,39.2759],[-76.3659,39.2658],[-76.3566,39.2609],[-76.3438,39.2573],[-76.35,39.2488],[-76.3715,39.238],[-76.3825,39.2351],[-76.3955,39.2317],[-76.4177,39.2198],[-76.4253,39.2057],[-76.4425,39.1954],[-76.4502,39.1993],[-76.4635,39.2059],[-76.4801,39.2051],[-76.4889,39.2022],[-76.4984,39.2048],[-76.501,39.2094],[-76.496,39.2192],[-76.5032,39.2321],[-76.5126,39.2285],[-76.5209,39.2411],[-76.5213,39.2411],[-76.5295,39.2413],[-76.5359,39.2415],[-76.5453,39.2533],[-76.5748,39.2636],[-76.5775,39.2646],[-76.5865,39.2613],[-76.5828,39.2556],[-76.5785,39.2488],[-76.5593,39.2333],[-76.5645,39.2246],[-76.5595,39.2204],[-76.5553,39.217],[-76.5343,39.2132],[-76.5343,39.2069],[-76.5342,39.1906],[-76.5258,39.1779],[-76.5148,39.1725],[-76.5084,39.1694],[-76.5009,39.1613],[-76.4953,39.1623],[-76.484,39.1644],[-76.476,39.1611],[-76.4715,39.1547],[-76.4528,39.1435],[-76.4372,39.1359],[-76.4287,39.1317],[-76.4325,39.1267],[-76.433,39.1132],[-76.4219,39.0814],[-76.4231,39.0742],[-76.436,39.0567],[-76.4389,39.0528],[-76.4296,39.0474],[-76.4051,39.0332],[-76.3978,39.0226],[-76.3941,39.0113],[-76.4021,39.005],[-76.4222,38.989],[-76.4318,38.9868],[-76.4445,38.9838],[-76.4448,38.9838],[-76.449,38.9828],[-76.4505,38.9776],[-76.4546,38.9745],[-76.4707,38.973],[-76.4742,38.9726],[-76.4749,38.9675],[-76.4749,38.9673],[-76.4713,38.9565],[-76.4631,38.9486],[-76.4621,38.9486],[-76.4578,38.9484],[-76.4503,38.9411],[-76.4619,38.924],[-76.4581,38.9143],[-76.4595,38.9071],[-76.4694,38.9076],[-76.4695,38.9115],[-76.4758,38.9145],[-76.4926,38.9103],[-76.4937,38.91],[-76.4939,38.8996],[-76.4928,38.8956],[-76.4909,38.8945],[-76.4894,38.8874],[-76.4907,38.8848],[-76.5149,38.8665],[-76.5194,38.8631],[-76.5183,38.8579],[-76.5169,38.8512],[-76.5093,38.8484],[-76.4966,38.8531],[-76.4899,38.8428],[-76.4899,38.8387],[-76.4989,38.8175],[-76.5083,38.8038],[-76.5101,38.8012],[-76.5247,38.795],[-76.5275,38.7918],[-76.527,38.787],[-76.5354,38.7781],[-76.5568,38.7687],[-76.5599,38.7674],[-76.5575,38.7447],[-76.5527,38.7354],[-76.5445,38.7277],[-76.5299,38.7284],[-76.5272,38.7271],[-76.5267,38.7244],[-76.5292,38.7136],[-76.5325,38.6997],[-76.5325,38.6914],[-76.5324,38.6784],[-76.5267,38.6546],[-76.5246,38.646],[-76.5242,38.6452],[-76.5156,38.6294],[-76.5113,38.6157],[-76.5163,38.5902],[-76.5151,38.5558],[-76.5175,38.5391],[-76.5171,38.5371],[-76.5157,38.529],[-76.506,38.5046],[-76.4927,38.4828],[-76.4558,38.4512],[-76.456,38.4479],[-76.4509,38.4424],[-76.4363,38.4334],[-76.4154,38.4147],[-76.4027,38.396],[-76.3934,38.3895],[-76.3883,38.3878],[-76.3862,38.382],[-76.3869,38.364],[-76.387,38.3613],[-76.402,38.3443],[-76.4049,38.3411],[-76.4192,38.3229],[-76.4329,38.3245],[-76.4513,38.3212],[-76.4518,38.3211],[-76.4682,38.3289],[-76.4709,38.324],[-76.4763,38.3135],[-76.4638,38.2993],[-76.4528,38.2932],[-76.4376,38.2927],[-76.4239,38.3007],[-76.4089,38.3045],[-76.4029,38.3114],[-76.3815,38.3031],[-76.375,38.2994],[-76.3745,38.2963],[-76.3942,38.2782],[-76.3989,38.267],[-76.399,38.2639],[-76.3993,38.2593],[-76.388,38.2258],[-76.3852,38.2178],[-76.3619,38.192],[-76.3535,38.1781],[-76.3297,38.1552],[-76.3201,38.1383],[-76.3385,38.1195],[-76.3374,38.1108],[-76.3308,38.0993],[-76.3293,38.0717],[-76.3195,38.0433],[-76.3221,38.0365],[-76.327,38.0451],[-76.3328,38.0499],[-76.3414,38.0537],[-76.3528,38.0532],[-76.3612,38.0595],[-76.3718,38.0796],[-76.3923,38.1029],[-76.4054,38.107],[-76.4132,38.1069],[-76.4166,38.1045],[-76.4212,38.106],[-76.4304,38.1194],[-76.4296,38.1262],[-76.4398,38.1389],[-76.4354,38.1466],[-76.4389,38.1608],[-76.4462,38.159],[-76.4697,38.1534],[-76.461,38.1354],[-76.4698,38.1193],[-76.4697,38.1155],[-76.4664,38.1114],[-76.4653,38.1058],[-76.4733,38.103],[-76.4762,38.1047],[-76.481,38.1159],[-76.4998,38.1372],[-76.5088,38.1407],[-76.5148,38.1412],[-76.5224,38.1394],[-76.5299,38.1341],[-76.5404,38.153],[-76.5453,38.1654],[-76.5473,38.1757],[-76.553,38.1872],[-76.5663,38.1985],[-76.5906,38.2142],[-76.6325,38.2257],[-76.6439,38.2251],[-76.6735,38.2344],[-76.7164,38.2332],[-76.7265,38.2341],[-76.7401,38.2352],[-76.7523,38.2221],[-76.7786,38.2285],[-76.7995,38.2375],[-76.8075,38.2659],[-76.8023,38.2807],[-76.8184,38.2959],[-76.8203,38.3002],[-76.8252,38.3114],[-76.8327,38.3301],[-76.8378,38.3374],[-76.8327,38.3477],[-76.8388,38.3575],[-76.8476,38.3576],[-76.8547,38.3577],[-76.87,38.3384],[-76.8699,38.3318],[-76.8576,38.3225],[-76.8467,38.3003],[-76.8404,38.2892],[-76.8348,38.274],[-76.8374,38.2606],[-76.8403,38.2563],[-76.8479,38.2559],[-76.8643,38.2689],[-76.8865,38.277],[-76.9085,38.2884],[-76.9239,38.2936],[-76.9246,38.3161],[-76.9296,38.3211],[-76.9421,38.3296],[-76.9539,38.3333],[-76.9755,38.3473],[-76.9836,38.363],[-76.9883,38.395],[-76.9913,38.3992],[-76.9986,38.4093],[-77.0016,38.422],[-77.0164,38.4456],[-77.0406,38.4446],[-77.0442,38.443],[-77.0755,38.4247],[-77.0864,38.4148],[-77.0911,38.4075],[-77.1066,38.4062],[-77.1106,38.4092],[-77.1132,38.4095],[-77.1233,38.4106],[-77.1277,38.4008],[-77.1367,38.3918],[-77.1867,38.3656],[-77.2073,38.3599],[-77.2167,38.3632],[-77.2502,38.3828],[-77.2642,38.4143],[-77.26,38.4279],[-77.26,38.4358],[-77.2742,38.4818],[-77.2636,38.5123],[-77.2488,38.5349],[-77.2377,38.5519],[-77.2211,38.5552],[-77.1838,38.6007],[-77.1697,38.6069],[-77.1608,38.6063],[-77.1487,38.6056],[-77.1302,38.6139],[-77.1291,38.6144],[-77.1246,38.6198],[-77.1105,38.6268],[-77.1061,38.6342],[-77.1065,38.6343],[-77.1143,38.6345],[-77.1302,38.635],[-77.1575,38.6364],[-77.1749,38.6242],[-77.202,38.6172],[-77.2043,38.6178],[-77.2051,38.6239],[-77.2163,38.6378],[-77.2223,38.6381],[-77.2406,38.6389],[-77.2467,38.6352],[-77.2488,38.6288],[-77.2489,38.6286],[-77.2451,38.6207],[-77.2464,38.6002],[-77.2464,38.5995],[-77.247,38.5906],[-77.2631,38.5835],[-77.2644,38.5828],[-77.2653,38.5803],[-77.2608,38.5653],[-77.2621,38.5638],[-77.2766,38.5471],[-77.2763,38.5396],[-77.2835,38.5252],[-77.2911,38.5157],[-77.3,38.5077],[-77.3008,38.507],[-77.3025,38.5046],[-77.3103,38.4939],[-77.3169,38.4796],[-77.3226,38.4671],[-77.3254,38.4488],[-77.319,38.4178],[-77.3107,38.3977],[-77.3122,38.391],[-77.3148,38.3896],[-77.3173,38.3836],[-77.2961,38.3698],[-77.2881,38.3595],[-77.2884,38.3513],[-77.2871,38.3488],[-77.2862,38.347],[-77.2796,38.3394],[-77.2675,38.3341],[-77.2653,38.3332],[-77.2401,38.3316],[-77.1994,38.3409],[-77.1793,38.3419],[-77.1627,38.346],[-77.1552,38.351],[-77.1382,38.3679],[-77.1047,38.3697],[-77.0947,38.3677],[-77.0848,38.3683],[-77.07,38.3779],[-77.056,38.3962],[-77.0514,38.3991],[-77.0435,38.4005],[-77.0249,38.3868],[-77.0118,38.3746],[-77.0169,38.3417],[-77.0209,38.3293],[-77.0307,38.3116],[-77.0263,38.3027],[-76.9977,38.278],[-76.9903,38.2739],[-76.9814,38.2742],[-76.9622,38.2565],[-76.9578,38.2432],[-76.9574,38.2363],[-76.9624,38.2301],[-76.9649,38.2298],[-76.9666,38.2295],[-76.9673,38.2272],[-76.9623,38.2141],[-76.9559,38.2111],[-76.9371,38.2024],[-76.9169,38.1998],[-76.9108,38.1971],[-76.9019,38.1908],[-76.8753,38.1722],[-76.8388,38.1635],[-76.8243,38.1636],[-76.803,38.168],[-76.7884,38.1692],[-76.7602,38.1666],[-76.7497,38.1621],[-76.7431,38.157],[-76.7403,38.1528],[-76.7389,38.1465],[-76.7313,38.1426],[-76.7217,38.1376],[-76.704,38.1493],[-76.7013,38.1557],[-76.6849,38.1565],[-76.6651,38.1476],[-76.6434,38.1483],[-76.639,38.1515],[-76.6295,38.1531],[-76.6139,38.1486],[-76.6041,38.1288],[-76.6009,38.1101],[-76.5959,38.1065],[-76.5795,38.0949],[-76.5432,38.077],[-76.5359,38.0695],[-76.5224,38.0426],[-76.5195,38.0348],[-76.5165,38.0266],[-76.492,38.0172],[-76.4693,38.0135],[-76.4653,38.0102],[-76.4625,37.9986],[-76.4348,37.9815],[-76.4275,37.977],[-76.4163,37.9668],[-76.3914,37.9587],[-76.3602,37.9523],[-76.3438,37.9473],[-76.3137,37.9334],[-76.266,37.9114],[-76.2367,37.8892],[-76.2451,37.8619],[-76.2514,37.8331],[-76.2661,37.8174],[-76.2752,37.8127],[-76.2805,37.8126],[-76.2826,37.8141],[-76.282,37.8181],[-76.2831,37.8196],[-76.2849,37.8223],[-76.2935,37.8227],[-76.3075,37.8123],[-76.3103,37.7948],[-76.3065,37.7886],[-76.3121,37.7505],[-76.3049,37.7299],[-76.3129,37.7203],[-76.3028,37.7045],[-76.3001,37.6954],[-76.3025,37.689],[-76.3121,37.6847],[-76.3215,37.6855],[-76.3261,37.6828],[-76.3263,37.6826],[-76.3269,37.6741],[-76.3327,37.666],[-76.3399,37.656],[-76.3326,37.6458],[-76.3065,37.642],[-76.2925,37.6361],[-76.288,37.6318],[-76.2794,37.6182],[-76.2804,37.6137],[-76.3092,37.6219],[-76.3623,37.6104],[-76.3811,37.627],[-76.3901,37.6303],[-76.3992,37.6286],[-76.4402,37.6507],[-76.4433,37.6523],[-76.4724,37.6658],[-76.4771,37.6659],[-76.4896,37.6662],[-76.4918,37.6636],[-76.4976,37.6471],[-76.5015,37.6438],[-76.5102,37.6423],[-76.5365,37.6636],[-76.5377,37.6689],[-76.5353,37.6875],[-76.5372,37.6989],[-76.5401,37.7044],[-76.5605,37.7278],[-76.5764,37.7575],[-76.5843,37.7689],[-76.5938,37.7728],[-76.5959,37.7717],[-76.602,37.7727],[-76.6154,37.7808],[-76.6423,37.7923],[-76.6514,37.7962],[-76.6583,37.8068],[-76.6802,37.8257],[-76.6927,37.8228],[-76.7016,37.8227],[-76.7222,37.8367],[-76.7272,37.8423],[-76.733,37.852],[-76.7384,37.8654],[-76.7476,37.8759],[-76.7657,37.8793],[-76.7688,37.8991],[-76.7985,37.9252],[-76.8207,37.9332],[-76.8366,37.9342],[-76.8463,37.9487],[-76.8516,37.9732],[-76.868,37.9837],[-76.9003,37.9987],[-76.9064,37.9988],[-76.9183,37.999],[-76.9274,37.9818],[-76.905,37.9725],[-76.8882,37.9519],[-76.8878,37.9515],[-76.8462,37.9185],[-76.8209,37.9046],[-76.8063,37.8966],[-76.7846,37.8696],[-76.7828,37.8632],[-76.7663,37.8404],[-76.7512,37.8241],[-76.7343,37.7987],[-76.7239,37.7885],[-76.7155,37.7859],[-76.6898,37.7852],[-76.6838,37.7814],[-76.6819,37.7781],[-76.6833,37.7758],[-76.6834,37.7703],[-76.6834,37.7655],[-76.6809,37.7596],[-76.677,37.7561],[-76.6639,37.7519],[-76.64,37.7509],[-76.6197,37.7448],[-76.6174,37.7423],[-76.6214,37.738],[-76.62,37.7313],[-76.6065,37.7248],[-76.5972,37.7173],[-76.5959,37.713],[-76.5981,37.7091],[-76.5979,37.7029],[-76.5796,37.6715],[-76.5813,37.6668],[-76.5831,37.662],[-76.574,37.6468],[-76.5427,37.6169],[-76.5338,37.6125],[-76.5272,37.6113],[-76.5065,37.6117],[-76.4355,37.6128],[-76.4203,37.5987],[-76.4108,37.5818],[-76.4089,37.5812],[-76.3832,37.5731],[-76.3578,37.5737],[-76.3326,37.57],[-76.3001,37.5617],[-76.298,37.5576],[-76.3028,37.5513],[-76.3306,37.5364],[-76.34,37.5383],[-76.349,37.5365],[-76.3551,37.5274],[-76.3605,37.5192],[-76.3594,37.5134],[-76.3527,37.5049],[-76.3295,37.4949],[-76.317,37.4963],[-76.307,37.4975],[-76.2977,37.5069],[-76.2964,37.5112],[-76.2985,37.5127],[-76.2977,37.5154],[-76.2936,37.5165],[-76.2882,37.5141],[-76.281,37.5078],[-76.2651,37.4814],[-76.2524,37.4473],[-76.2517,37.4378],[-76.2505,37.4219],[-76.2481,37.4111],[-76.2466,37.4041],[-76.2453,37.3868],[-76.2485,37.3751],[-76.2529,37.3693],[-76.2583,37.362],[-76.2624,37.3608],[-76.2648,37.3574],[-76.2729,37.3352],[-76.272,37.3222],[-76.2756,37.31],[-76.2826,37.3191],[-76.2913,37.3241],[-76.3086,37.3294],[-76.3121,37.3381],[-76.3375,37.364],[-76.3668,37.3745],[-76.3871,37.3851],[-76.3914,37.3903],[-76.394,37.3959],[-76.3931,37.3981],[-76.4048,37.4002],[-76.4152,37.4021],[-76.4187,37.3978],[-76.4182,37.3851],[-76.4225,37.3814],[-76.4375,37.3797],[-76.4435,37.3696],[-76.4453,37.3665],[-76.435,37.3545],[-76.4064,37.3329],[-76.3966,37.3197],[-76.3878,37.3077],[-76.3856,37.2941],[-76.3811,37.2853],[-76.369,37.2793],[-76.3526,37.2783],[-76.3495,37.274],[-76.3623,37.2702],[-76.3928,37.265],[-76.4172,37.2639],[-76.4218,37.2552],[-76.4291,37.2533],[-76.4759,37.2505],[-76.4815,37.254],[-76.4828,37.2548],[-76.4933,37.2495],[-76.4989,37.241],[-76.5036,37.2339],[-76.494,37.2254],[-76.4718,37.216],[-76.4694,37.2163],[-76.3941,37.2251],[-76.3898,37.223],[-76.3936,37.214],[-76.3943,37.2106],[-76.3944,37.2097],[-76.3952,37.2056],[-76.3961,37.2011],[-76.3893,37.1935],[-76.3913,37.1799],[-76.3964,37.1716],[-76.4022,37.162],[-76.4022,37.1619],[-76.3948,37.1576],[-76.3814,37.1557],[-76.3785,37.1581],[-76.3776,37.1588],[-76.3767,37.1596],[-76.3753,37.1608],[-76.3597,37.1686],[-76.3487,37.1707],[-76.3432,37.1662],[-76.3449,37.1645],[-76.3441,37.1604],[-76.3401,37.1518],[-76.334,37.1442],[-76.3305,37.1417],[-76.3244,37.1429],[-76.3111,37.1385],[-76.2985,37.1298],[-76.2942,37.1138],[-76.2939,37.1135],[-76.2787,37.1007],[-76.2713,37.0866],[-76.2812,37.063],[-76.2922,37.0368],[-76.2929,37.0351],[-76.2929,37.0348],[-76.3004,37.0088],[-76.3043,37.0014],[-76.312,37.0004],[-76.315,37.0017],[-76.3146,37.0093],[-76.3177,37.0134],[-76.3181,37.0138],[-76.3215,37.0141],[-76.3295,37.0146],[-76.3401,37.0152],[-76.3407,37.0152],[-76.3481,37.0067],[-76.3564,37.0029],[-76.3736,36.9983],[-76.3834,36.9933],[-76.3877,36.9897],[-76.3944,36.984],[-76.3964,36.9823],[-76.4057,36.9723],[-76.4086,36.9691],[-76.4118,36.9628],[-76.419,36.964],[-76.4289,36.9699],[-76.438,36.981],[-76.4521,36.9982],[-76.4525,37.0046],[-76.4499,37.0049],[-76.4482,37.0077],[-76.4577,37.0193],[-76.4645,37.0275],[-76.4888,37.0415],[-76.5123,37.0549],[-76.5182,37.0554],[-76.5263,37.0629],[-76.528,37.0682],[-76.5266,37.07],[-76.5262,37.0778],[-76.529,37.0794],[-76.5369,37.0839],[-76.5424,37.0815],[-76.5551,37.0759],[-76.5642,37.0775],[-76.5679,37.0805],[-76.5795,37.0966],[-76.6183,37.1193],[-76.6248,37.1271],[-76.6223,37.1421],[-76.6171,37.1445],[-76.6045,37.16],[-76.6067,37.1667],[-76.611,37.167],[-76.611,37.1671],[-76.6163,37.179],[-76.6193,37.1921],[-76.6233,37.1987],[-76.6299,37.2067],[-76.6411,37.216],[-76.6499,37.2209],[-76.6892,37.2229],[-76.6934,37.2212],[-76.6989,37.2191],[-76.731,37.2138],[-76.7326,37.209],[-76.7343,37.2042],[-76.74,37.1954],[-76.743,37.1926],[-76.7505,37.1901],[-76.7578,37.1917],[-76.7738,37.2061],[-76.7805,37.2093],[-76.7886,37.2229],[-76.7935,37.2312],[-76.8222,37.2436],[-76.8584,37.2414],[-76.8722,37.2628],[-76.8753,37.261],[-76.9076,37.2426],[-76.9361,37.2388],[-76.9432,37.2342],[-76.9484,37.2309],[-76.9283,37.2169],[-76.9085,37.2027],[-76.8909,37.1995],[-76.8657,37.209],[-76.8362,37.206],[-76.8025,37.1983],[-76.7969,37.1894],[-76.7569,37.1616],[-76.7476,37.1505],[-76.7373,37.1462],[-76.7303,37.1454],[-76.7153,37.148],[-76.6967,37.1744],[-76.6929,37.1861],[-76.6919,37.1957],[-76.6856,37.1989],[-76.6699,37.1836],[-76.6638,37.1739],[-76.6643,37.171],[-76.6687,37.1668],[-76.6715,37.1587],[-76.6716,37.1421],[-76.6665,37.1382],[-76.6569,37.1098],[-76.6581,37.0968],[-76.6676,37.0762],[-76.6698,37.0643],[-76.6684,37.0551],[-76.6626,37.0457],[-76.654,37.0392],[-76.646,37.0362],[-76.6121,37.0356],[-76.5865,37.0287],[-76.5775,37.0225],[-76.5658,37.0075],[-76.5629,37.0038],[-76.5512,36.9989],[-76.5249,36.9838],[-76.523,36.9811],[-76.5241,36.9783],[-76.521,36.9732],[-76.5134,36.9681],[-76.5116,36.9677],[-76.5004,36.9652],[-76.4876,36.9524],[-76.4841,36.9289],[-76.4824,36.9174],[-76.4821,36.9011],[-76.4834,36.8962],[-76.4787,36.8916],[-76.4699,36.8829],[-76.4554,36.884],[-76.4547,36.8841],[-76.4533,36.887],[-76.4539,36.8927],[-76.4474,36.9032],[-76.4416,36.9061],[-76.4312,36.9045],[-76.4232,36.9021],[-76.4075,36.8974],[-76.4069,36.8975],[-76.3957,36.8987],[-76.3876,36.8995],[-76.3859,36.9232],[-76.3538,36.9227],[-76.3494,36.8952],[-76.3305,36.8891],[-76.3181,36.8852],[-76.318,36.8854],[-76.3174,36.8873],[-76.3147,36.896],[-76.3141,36.9025],[-76.3187,36.903],[-76.3211,36.9032],[-76.326,36.9037],[-76.3283,36.915],[-76.3308,36.9386],[-76.3274,36.9594],[-76.3228,36.9591],[-76.3159,36.9554],[-76.3131,36.9571],[-76.2994,36.9655],[-76.2977,36.9681],[-76.2851,36.9687],[-76.268,36.9645],[-76.2592,36.9594],[-76.2424,36.9495],[-76.235,36.9451],[-76.228,36.9422],[-76.2217,36.9395],[-76.2148,36.9378],[-76.199,36.9338],[-76.19,36.9314],[-76.18,36.9298],[-76.177,36.9293],[-76.1396,36.923],[-76.1366,36.9221],[-76.1295,36.9198],[-76.1202,36.9168],[-76.0955,36.9088],[-76.0916,36.9087],[-76.088,36.9086],[-76.0779,36.9115],[-76.0695,36.9138],[-76.0582,36.9169],[-76.058,36.9171],[-76.0431,36.9275],[-76.0335,36.9319],[-76.0138,36.9307],[-76.0076,36.929],[-75.9963,36.922],[-75.9933,36.915],[-75.9916,36.9108],[-75.9853,36.8889],[-75.982,36.8772],[-75.977,36.8595],[-75.9731,36.8456],[-75.9722,36.8423],[-75.9668,36.8186],[-75.9655,36.8124],[-75.9496,36.7611],[-75.9494,36.7608],[-75.9217,36.6921],[-75.9201,36.6888],[-75.8909,36.6308],[-75.8741,36.5839],[-75.8683,36.5504],[-75.858,36.5002],[-75.8357,36.4206],[-75.8187,36.3576],[-75.8168,36.3517],[-75.8023,36.3081],[-75.7964,36.2904],[-75.7733,36.2315],[-75.7725,36.2294],[-75.7596,36.2047],[-75.7384,36.1543],[-75.7183,36.1137],[-75.7106,36.1007],[-75.6967,36.0775],[-75.684,36.0584],[-75.6667,36.0326],[-75.6585,36.0204],[-75.6441,35.9949],[-75.5698,35.8633],[-75.5523,35.8222],[-75.5387,35.7974],[-75.533,35.7874],[-75.5364,35.7801],[-75.5433,35.7797],[-75.5483,35.7853],[-75.552,35.795],[-75.5631,35.7993],[-75.5693,35.8148],[-75.576,35.8231],[-75.5889,35.8449],[-75.6012,35.8673],[-75.6229,35.8923],[-75.6233,35.9091],[-75.6297,35.9246],[-75.6365,35.936],[-75.6472,35.9543],[-75.6602,35.9696],[-75.6671,35.9714],[-75.6684,35.9784],[-75.6712,35.9841],[-75.6718,35.9852],[-75.6789,35.9939],[-75.6848,35.9951],[-75.7237,36.0031],[-75.7271,36.0105],[-75.7266,36.021],[-75.7221,36.0324],[-75.7226,36.0374],[-75.7255,36.0395],[-75.7268,36.0405],[-75.7371,36.0408],[-75.7405,36.0468],[-75.7416,36.0555],[-75.7395,36.0668],[-75.7397,36.0753],[-75.7437,36.0927],[-75.7503,36.1211],[-75.7542,36.1298],[-75.7555,36.1402],[-75.7589,36.1522],[-75.7768,36.1894],[-75.7862,36.2104],[-75.7933,36.2264],[-75.7944,36.2273],[-75.7985,36.2308],[-75.8037,36.2359],[-75.8116,36.244],[-75.8119,36.2477],[-75.8082,36.2595],[-75.8145,36.2853],[-75.8229,36.2917],[-75.834,36.2922],[-75.8379,36.2946],[-75.8453,36.3056],[-75.8413,36.3285],[-75.8319,36.339],[-75.8316,36.3464],[-75.8362,36.3631],[-75.843,36.371],[-75.8473,36.3721],[-75.8515,36.3795],[-75.8525,36.3847],[-75.8515,36.4158],[-75.8641,36.4305],[-75.8804,36.4358],[-75.8883,36.4416],[-75.8915,36.4605],[-75.8999,36.4821],[-75.9073,36.4858],[-75.9131,36.4863],[-75.9173,36.4858],[-75.9241,36.4821],[-75.9273,36.4828],[-75.9355,36.4906],[-75.9601,36.495],[-75.9725,36.4947],[-75.9753,36.4855],[-75.9898,36.4939],[-75.9805,36.5128],[-75.9862,36.5257],[-75.9962,36.5281],[-76.0187,36.5272],[-76.0225,36.5271],[-76.0264,36.5165],[-76.0426,36.5106],[-76.0403,36.5046],[-76.0319,36.4825],[-76.0202,36.4586],[-76.0123,36.4475],[-76.0039,36.4419],[-75.9899,36.4368],[-75.98,36.4355],[-75.9623,36.4172],[-75.9531,36.4179],[-75.9407,36.4189],[-75.9364,36.4231],[-75.9327,36.4276],[-75.9284,36.4286],[-75.9236,36.4258],[-75.9164,36.389],[-75.9169,36.3832],[-75.9235,36.3678],[-75.9233,36.3619],[-75.9178,36.3536],[-75.9153,36.3523],[-75.8953,36.3196],[-75.8882,36.2934],[-75.8822,36.2847],[-75.8727,36.2828],[-75.8649,36.2847],[-75.8605,36.2806],[-75.8618,36.2664],[-75.8674,36.2525],[-75.8642,36.2355],[-75.8587,36.2226],[-75.8488,36.2166],[-75.8384,36.2001],[-75.8412,36.1938],[-75.8411,36.1929],[-75.8399,36.1771],[-75.8239,36.1583],[-75.8225,36.146],[-75.8134,36.1369],[-75.8004,36.1127],[-75.7916,36.0823],[-75.7922,36.0799],[-75.794,36.0717],[-75.7998,36.0726],[-75.8361,36.0926],[-75.8478,36.102],[-75.8678,36.1273],[-75.8663,36.1414],[-75.8639,36.1592],[-75.883,36.1868],[-75.9107,36.2122],[-75.9223,36.2441],[-75.9498,36.2579],[-75.9594,36.2557],[-75.9646,36.2544],[-75.9571,36.2479],[-75.9454,36.2225],[-75.956,36.1981],[-75.9364,36.1809],[-75.9172,36.1726],[-75.905,36.1642],[-75.92,36.1649],[-75.9247,36.1636],[-75.939,36.1655],[-75.9952,36.1781],[-76.017,36.1864],[-76.0189,36.1883],[-76.0291,36.202],[-76.0438,36.2101],[-76.0543,36.2292],[-76.0815,36.2379],[-76.132,36.2878],[-76.1614,36.291],[-76.1847,36.2982],[-76.186,36.2929],[-76.1887,36.2812],[-76.1714,36.2658],[-76.1495,36.2639],[-76.1193,36.2193],[-76.1159,36.2142],[-76.0801,36.1994],[-76.0655,36.1652],[-76.0599,36.1551],[-76.0593,36.1493],[-76.0642,36.1438],[-76.0717,36.1402],[-76.0926,36.1358],[-76.1789,36.1234],[-76.2069,36.1375],[-76.2282,36.1585],[-76.2369,36.1704],[-76.2479,36.1751],[-76.2541,36.1842],[-76.2687,36.1898],[-76.2733,36.1891],[-76.2741,36.1889],[-76.277,36.185],[-76.2636,36.1718],[-76.2474,36.1618],[-76.2285,36.1306],[-76.1917,36.1072],[-76.2166,36.0954],[-76.2387,36.0986],[-76.265,36.1049],[-76.3299,36.1334],[-76.3736,36.1382],[-76.3935,36.1633],[-76.3941,36.1636],[-76.4478,36.1925],[-76.4544,36.1899],[-76.4547,36.1888],[-76.4561,36.1836],[-76.3759,36.1204],[-76.3464,36.121],[-76.335,36.1109],[-76.2987,36.1012],[-76.304,36.0928],[-76.3235,36.0849],[-76.3319,36.0838],[-76.3372,36.0865],[-76.3551,36.0865],[-76.4109,36.078],[-76.4119,36.0753],[-76.413,36.0722],[-76.4209,36.0607],[-76.443,36.0428],[-76.4514,36.0391],[-76.4588,36.028],[-76.4593,36.0243],[-76.492,36.018],[-76.5143,36.0056],[-76.5475,36.0099],[-76.5633,36.0099],[-76.5759,36.0062],[-76.5807,36.0072],[-76.5896,36.0156],[-76.6038,36.033],[-76.6144,36.0374],[-76.6154,36.0378],[-76.6317,36.0383],[-76.6533,36.0351],[-76.6765,36.0436],[-76.6813,36.0547],[-76.7015,36.1017],[-76.7214,36.1478],[-76.7194,36.1994],[-76.6755,36.2669],[-76.6916,36.2773],[-76.6933,36.2784],[-76.7202,36.2438],[-76.7444,36.2127],[-76.7521,36.1473],[-76.723,36.0666],[-76.6932,36.0162],[-76.6839,36.0004],[-76.6797,35.992],[-76.6849,35.983],[-76.6955,35.9735],[-76.7002,35.9646],[-76.6976,35.9519],[-76.6919,35.9448],[-76.6918,35.9446],[-76.6739,35.9351],[-76.6675,35.9335],[-76.657,35.9351],[-76.6081,35.9367],[-76.6038,35.9398],[-76.587,35.9419],[-76.5286,35.944],[-76.5075,35.9498],[-76.497,35.9551],[-76.4738,35.9609],[-76.4606,35.9704],[-76.3982,35.9843],[-76.3898,35.9801],[-76.3819,35.9717],[-76.3814,35.9627],[-76.3652,35.9447],[-76.363,35.9422],[-76.3403,35.9433],[-76.3177,35.9469],[-76.2724,35.9727],[-76.214,35.988],[-76.1766,35.9933],[-76.0937,35.993],[-76.0831,35.9898],[-76.0621,35.993],[-76.0242,35.9709],[-76.0147,35.9604],[-76.0142,35.9572],[-76.0199,35.934],[-76.0144,35.9207],[-76.0371,35.8899],[-76.0632,35.8534],[-76.0505,35.8067],[-76.0468,35.7179],[-76.0364,35.6903],[-76.0444,35.6651],[-76.0464,35.6591],[-76.0401,35.6513],[-76.0299,35.6494],[-76.014,35.6689],[-76.013,35.6701],[-75.9869,35.7682],[-75.9871,35.837],[-75.9778,35.8972],[-75.9662,35.8993],[-75.9626,35.9014],[-75.9478,35.9203],[-75.9341,35.9282],[-75.9299,35.9288],[-75.9273,35.9319],[-75.9268,35.9404],[-75.9378,35.9509],[-75.9436,35.9525],[-75.9468,35.9556],[-75.9473,35.9598],[-75.9383,35.9651],[-75.8994,35.9772],[-75.8794,35.9788],[-75.8604,35.9783],[-75.8499,35.9762],[-75.8077,35.9573],[-75.8009,35.9446],[-75.7825,35.9282],[-75.7788,35.9182],[-75.7585,35.8865],[-75.7488,35.8467],[-75.7336,35.8261],[-75.7335,35.8088],[-75.7405,35.7737],[-75.7389,35.7511],[-75.719,35.7075],[-75.7191,35.6943],[-75.731,35.6823],[-75.7631,35.6825],[-75.7681,35.6618],[-75.7412,35.6472],[-75.7374,35.6247],[-75.7811,35.5977],[-75.7801,35.5833],[-75.7881,35.5764],[-75.8372,35.5709],[-75.8518,35.5788],[-75.8706,35.5848],[-75.8713,35.5851],[-75.895,35.5732],[-75.9103,35.552],[-75.919,35.5413],[-75.9446,35.5366],[-75.958,35.5275],[-75.9642,35.5113],[-75.9647,35.5046],[-75.9619,35.4967],[-75.9631,35.4939],[-75.9872,35.4843],[-75.9957,35.4754],[-75.9945,35.4636],[-75.9979,35.4534],[-76.0097,35.4422],[-76.0125,35.4326],[-76.0114,35.4231],[-76.0148,35.4169],[-76.0209,35.4107],[-76.0254,35.4085],[-76.0372,35.4141],[-76.0502,35.4158],[-76.0597,35.4102],[-76.0637,35.4051],[-76.0637,35.3984],[-76.0608,35.3927],[-76.0597,35.3837],[-76.0693,35.3708],[-76.0929,35.3613],[-76.1232,35.3511],[-76.1328,35.3495],[-76.1429,35.3388],[-76.1429,35.3287],[-76.1497,35.3264],[-76.1654,35.3287],[-76.1688,35.332],[-76.1823,35.3365],[-76.2059,35.3365],[-76.2351,35.35],[-76.2531,35.35],[-76.2576,35.3444],[-76.2654,35.3433],[-76.2823,35.3455],[-76.3048,35.3556],[-76.3273,35.3568],[-76.3351,35.3556],[-76.3408,35.3466],[-76.3497,35.3455],[-76.3655,35.3489],[-76.3745,35.3556],[-76.3823,35.3568],[-76.388,35.3568],[-76.3992,35.3489],[-76.4082,35.35],[-76.4093,35.3534],[-76.4206,35.359],[-76.4318,35.3624],[-76.4363,35.3781],[-76.4487,35.3837],[-76.4554,35.3837],[-76.4622,35.3804],[-76.4723,35.3714],[-76.4858,35.3714],[-76.4993,35.3815],[-76.5403,35.4107],[-76.5863,35.509],[-76.4767,35.5117],[-76.4564,35.5505],[-76.4678,35.5558],[-76.4712,35.5574],[-76.4836,35.5382],[-76.5568,35.5289],[-76.6004,35.5385],[-76.6148,35.5266],[-76.6304,35.5137],[-76.6345,35.5103],[-76.6015,35.4608],[-76.5802,35.3871],[-76.606,35.3871],[-76.7101,35.4272],[-76.7592,35.4189],[-76.8239,35.4451],[-76.8309,35.4479],[-76.9099,35.4634],[-76.9566,35.4806],[-76.9767,35.488],[-77.0117,35.5157],[-77.0279,35.5127],[-77.0287,35.4956],[-77.029,35.4889],[-76.9915,35.4671],[-76.9667,35.4378],[-76.8919,35.4336],[-76.82,35.4059],[-76.664,35.3457],[-76.618,35.3415],[-76.6085,35.3365],[-76.5977,35.3309],[-76.5391,35.3251],[-76.4899,35.3151],[-76.4841,35.3131],[-76.471,35.2804],[-76.4682,35.2635],[-76.4837,35.2488],[-76.4975,35.2429],[-76.4962,35.2216],[-76.5168,35.2112],[-76.5217,35.1926],[-76.5363,35.1747],[-76.5381,35.1706],[-76.5397,35.1668],[-76.5363,35.1499],[-76.5363,35.1421],[-76.5465,35.1229],[-76.5577,35.1162],[-76.5611,35.1083],[-76.5689,35.0971],[-76.5757,35.0926],[-76.6004,35.0679],[-76.6139,35.0611],[-76.6229,35.0611],[-76.6319,35.0566],[-76.6398,35.051],[-76.6978,35.0199],[-76.8014,34.9644],[-76.8057,34.9667],[-76.869,35.0002],[-76.9585,35.0476],[-76.9829,35.0606],[-76.9854,35.0551],[-76.9898,35.0455],[-76.98,35.0133],[-76.9797,35.0126],[-76.9774,35.0049],[-76.9107,34.9672],[-76.8935,34.9575],[-76.8877,34.9558],[-76.8478,34.9445],[-76.7629,34.9204],[-76.6837,34.9629],[-76.6351,34.9891],[-76.5881,34.9914],[-76.5667,34.9982],[-76.5397,35.0004],[-76.5026,35.0072],[-76.4959,35.0117],[-76.4914,35.0173],[-76.4903,35.0341],[-76.4801,35.0521],[-76.4745,35.0701],[-76.4688,35.0753],[-76.4635,35.0764],[-76.4358,35.0579],[-76.4326,35.0491],[-76.4319,35.0309],[-76.4255,35.0015],[-76.4063,34.9873],[-76.3985,34.9766],[-76.3956,34.9752],[-76.332,34.9709],[-76.3264,34.9762],[-76.3296,34.9869],[-76.3502,35.0167],[-76.3608,35.026],[-76.3644,35.0313],[-76.3644,35.0349],[-76.3523,35.0331],[-76.3185,35.0206],[-76.2937,35.0096],[-76.2884,35.0057],[-76.2887,34.9972],[-76.2909,34.9943],[-76.2939,34.9919],[-76.2962,34.9867],[-76.2965,34.9762],[-76.2907,34.9691],[-76.2756,34.961],[-76.2749,34.9539],[-76.2777,34.94],[-76.2841,34.9368],[-76.3058,34.9157],[-76.3114,34.9102],[-76.32,34.8977],[-76.3338,34.8821],[-76.3477,34.8722],[-76.3683,34.8729],[-76.3772,34.8676],[-76.3796,34.8626],[-76.3822,34.857],[-76.3865,34.8554],[-76.3931,34.8576],[-76.3986,34.8665],[-76.4034,34.8644],[-76.41,34.8615],[-76.4116,34.8413],[-76.4121,34.8322],[-76.4152,34.8277],[-76.4186,34.8267],[-76.424,34.8326],[-76.4294,34.8302],[-76.4369,34.8187],[-76.4495,34.8148],[-76.463,34.7851],[-76.4725,34.7707],[-76.4854,34.7549],[-76.4917,34.7502],[-76.5019,34.7427],[-76.4984,34.7321],[-76.4998,34.7293],[-76.5127,34.7203],[-76.5153,34.7152],[-76.5195,34.7071],[-76.5247,34.682],[-76.5862,34.6988],[-76.5852,34.7175],[-76.5824,34.7678],[-76.6048,34.7875],[-76.6103,34.7864],[-76.6206,34.7844],[-76.6177,34.7344],[-76.6166,34.7141],[-76.6592,34.7147],[-76.6736,34.7149],[-76.6735,34.7076],[-76.667,34.7052],[-76.665,34.7044],[-76.6517,34.6995],[-76.5233,34.6523],[-76.4438,34.7464],[-76.4397,34.7585],[-76.4323,34.7651],[-76.4133,34.779],[-76.4026,34.7914],[-76.3838,34.8079],[-76.3732,34.8171],[-76.3626,34.8242],[-76.3413,34.8427],[-76.3228,34.8612],[-76.274,34.8973],[-76.2337,34.9259],[-76.1949,34.9627],[-76.1601,34.9912],[-76.1118,35.0345],[-76.0933,35.0487],[-76.0699,35.0757],[-76.0649,35.0771],[-76.0436,35.07],[-76.0386,35.065],[-76.0377,35.0563],[-76.069,35.0403],[-76.1391,34.9885],[-76.1545,34.9749],[-76.2331,34.9055],[-76.3102,34.8523],[-76.3318,34.8332],[-76.3868,34.7846],[-76.4505,34.7144],[-76.4941,34.662],[-76.5242,34.6154],[-76.5359,34.5886],[-76.5552,34.616],[-76.5538,34.6283],[-76.5504,34.6308],[-76.5493,34.6456],[-76.5795,34.6602],[-76.6187,34.6725],[-76.6429,34.6776],[-76.6626,34.6855],[-76.6747,34.6923],[-76.6763,34.6932],[-76.6938,34.6925],[-76.727,34.6967],[-76.77,34.6969],[-76.7818,34.6961],[-76.8175,34.6937],[-76.9063,34.6828],[-76.9095,34.6823],[-76.9903,34.6696],[-77.0311,34.6612],[-77.0339,34.6605],[-77.0943,34.645],[-77.1084,34.643],[-77.1151,34.642],[-77.1373,34.6343],[-77.1695,34.6231],[-77.1758,34.6223],[-77.1773,34.6213],[-77.1818,34.618],[-77.2114,34.6054],[-77.2605,34.5774],[-77.3069,34.5467],[-77.3354,34.5313],[-77.3443,34.5265],[-77.4036,34.5],[-77.4629,34.472],[-77.4921,34.4565],[-77.5185,34.441],[-77.5292,34.4346],[-77.5573,34.4176],[-77.5826,34.4009],[-77.6178,34.3743],[-77.6352,34.3598],[-77.6485,34.3488],[-77.6604,34.3436],[-77.6889,34.3211],[-77.7075,34.3056],[-77.7123,34.2987],[-77.7183,34.29],[-77.7397,34.2734],[-77.7724,34.2381],[-77.7746,34.2358],[-77.7893,34.2137],[-77.83,34.1635],[-77.8443,34.1401],[-77.8741,34.0796],[-77.8745,34.0789],[-77.8762,34.0745],[-77.8831,34.0567],[-77.8919,34.0342],[-77.8999,34.0137],[-77.9152,33.9745],[-77.9214,33.9668],[-77.9378,33.9313],[-77.9466,33.9123],[-77.9569,33.8778],[-77.9602,33.8533],[-77.9706,33.8445],[-78.0068,33.8587],[-78.0168,33.8837],[-78.0187,33.8883],[-78.0746,33.9022],[-78.0747,33.9022],[-78.0954,33.906],[-78.115,33.9089],[-78.137,33.9122],[-78.1611,33.9134],[-78.1777,33.9143],[-78.1964,33.9139],[-78.2234,33.9134],[-78.2293,33.9133],[-78.2375,33.9153],[-78.2409,33.9162],[-78.2484,33.9146],[-78.2656,33.9138],[-78.3273,33.9084],[-78.3712,33.9023],[-78.3798,33.9038],[-78.3814,33.9032],[-78.3829,33.9027],[-78.3978,33.897],[-78.4361,33.8873],[-78.4373,33.8869],[-78.4542,33.8822],[-78.4547,33.882],[-78.4768,33.8758],[-78.5066,33.8675],[-78.5424,33.8523],[-78.5491,33.8508],[-78.5548,33.8495],[-78.5853,33.8449],[-78.6332,33.8302],[-78.6427,33.8273],[-78.6623,33.8213],[-78.6795,33.815],[-78.6889,33.8116],[-78.7117,33.8019],[-78.7128,33.8014],[-78.7634,33.7748],[-78.7719,33.7698],[-78.7948,33.7564],[-78.7949,33.7564],[-78.8247,33.7354],[-78.8261,33.7345],[-78.8452,33.721],[-78.8531,33.7154],[-78.8685,33.7021],[-78.8811,33.6912],[-78.8917,33.682],[-78.8921,33.6817],[-78.9391,33.6401],[-78.9605,33.6171],[-78.9714,33.6053],[-78.983,33.5928],[-78.9969,33.5779],[-79.0017,33.5727],[-79.0074,33.5666],[-79.0285,33.5334],[-79.0303,33.532],[-79.0411,33.5238],[-79.066,33.5009],[-79.0846,33.4837],[-79.1014,33.461],[-79.118,33.4331],[-79.1354,33.4039],[-79.1373,33.3999],[-79.1475,33.3782],[-79.152,33.3509],[-79.1584,33.3328],[-79.1623,33.3272],[-79.1683,33.303],[-79.1799,33.256],[-79.1803,33.2541],[-79.1816,33.2413],[-79.1763,33.2111],[-79.1813,33.197],[-79.1834,33.1913],[-79.1943,33.1726],[-79.2155,33.1556],[-79.2387,33.1381],[-79.2486,33.1259],[-79.2753,33.119],[-79.2841,33.1167],[-79.3299,33.09],[-79.3437,33.0518],[-79.3666,33.0112],[-79.4103,33.0084],[-79.4245,33.0161],[-79.4665,33.0115],[-79.4887,33.0158],[-79.5069,33.0328],[-79.5224,33.0354],[-79.5576,33.0213],[-79.5807,33.0064],[-79.5866,32.9913],[-79.601,32.9793],[-79.6066,32.9722],[-79.6176,32.9527],[-79.6172,32.939],[-79.6074,32.9258],[-79.5931,32.9254],[-79.5818,32.9296],[-79.5738,32.9235],[-79.5816,32.9077],[-79.6311,32.8886],[-79.696,32.8523],[-79.6977,32.8481],[-79.7024,32.8371],[-79.7199,32.8269],[-79.7194,32.8213],[-79.7187,32.8141],[-79.7264,32.806],[-79.756,32.7958],[-79.811,32.777],[-79.812,32.7755],[-79.8182,32.7664],[-79.8404,32.7568],[-79.8485,32.7552],[-79.8627,32.7615],[-79.8631,32.767],[-79.8634,32.771],[-79.8706,32.7783],[-79.886,32.7879],[-79.8872,32.7877],[-79.9172,32.7828],[-79.9232,32.7818],[-79.9244,32.7792],[-79.9274,32.7725],[-79.928,32.763],[-79.9285,32.7542],[-79.8986,32.7522],[-79.8791,32.7508],[-79.8743,32.7437],[-79.8684,32.7348],[-79.8703,32.7278],[-79.8871,32.7019],[-79.8855,32.6887],[-79.885,32.6844],[-79.9157,32.6649],[-79.9685,32.6397],[-79.9752,32.6395],[-79.9854,32.6278],[-79.9907,32.6235],[-80.0059,32.611],[-80.0337,32.6116],[-80.0728,32.605],[-80.1089,32.5963],[-80.1475,32.5789],[-80.1484,32.5785],[-80.1673,32.5599],[-80.1909,32.5592],[-80.1992,32.559],[-80.2514,32.534],[-80.2548,32.5321],[-80.2788,32.5181],[-80.2955,32.5041],[-80.3324,32.4781],[-80.3384,32.4787],[-80.3465,32.4974],[-80.3466,32.4977],[-80.3523,32.4999],[-80.3567,32.5015],[-80.3807,32.4864],[-80.3868,32.4788],[-80.3926,32.4753],[-80.4135,32.4707],[-80.4159,32.4721],[-80.4179,32.4761],[-80.4185,32.4909],[-80.4235,32.498],[-80.4394,32.5035],[-80.4521,32.4973],[-80.4657,32.4953],[-80.4721,32.497],[-80.4769,32.4854],[-80.4802,32.4774],[-80.4846,32.461],[-80.4821,32.4531],[-80.4802,32.447],[-80.4676,32.4253],[-80.4575,32.4103],[-80.4458,32.4105],[-80.433,32.4107],[-80.4299,32.4018],[-80.4293,32.3907],[-80.4293,32.3897],[-80.4343,32.3752],[-80.4455,32.3503],[-80.4472,32.3482],[-80.4568,32.3369],[-80.4552,32.3265],[-80.4663,32.3192],[-80.5,32.3058],[-80.5076,32.3051],[-80.5464,32.2857],[-80.5683,32.2777],[-80.581,32.2763],[-80.596,32.2787],[-80.6043,32.273],[-80.6203,32.2604],[-80.6334,32.2564],[-80.6465,32.2651],[-80.6457,32.2779],[-80.6448,32.2915],[-80.6543,32.294],[-80.6885,32.3028],[-80.7146,32.3257],[-80.7277,32.3214],[-80.7336,32.3195],[-80.7371,32.306],[-80.7534,32.3068],[-80.7603,32.299],[-80.766,32.2926],[-80.7613,32.28],[-80.7398,32.2653],[-80.7381,32.2642],[-80.728,32.2656],[-80.7178,32.267],[-80.6976,32.2515],[-80.6786,32.237],[-80.6778,32.2364],[-80.6709,32.2172],[-80.68,32.2095],[-80.6905,32.2007],[-80.7215,32.1604],[-80.7296,32.1538],[-80.7366,32.1481],[-80.7486,32.1425],[-80.7704,32.1322],[-80.7895,32.1233],[-80.8169,32.1092],[-80.8284,32.1132],[-80.8316,32.1133],[-80.8462,32.1138],[-80.9041,32.0559],[-80.9045,32.0511],[-80.9044,32.0511],[-80.8976,32.0467],[-80.8915,32.0429],[-80.8902,32.0394],[-80.8919,32.0339],[-80.8846,32.0277],[-80.8798,32.0194],[-80.8672,32.0188],[-80.8523,32.0267],[-80.8431,32.0242],[-80.8407,32.0123],[-80.8405,32.0113],[-80.8419,32.0026],[-80.8484,31.9883],[-80.8499,31.9864],[-80.8509,31.985],[-80.8516,31.9841],[-80.8628,31.9693],[-80.8828,31.9591],[-80.8977,31.9491],[-80.9112,31.9438],[-80.9291,31.945],[-80.9303,31.9567],[-80.9411,31.957],[-80.9429,31.9571],[-80.9485,31.9572],[-80.9724,31.9413],[-80.9738,31.934],[-80.9747,31.9288],[-80.9757,31.9236],[-80.9685,31.9158],[-80.9545,31.9118],[-80.9414,31.913],[-80.9345,31.9092],[-80.9473,31.8962],[-80.9714,31.8779],[-80.9927,31.8576],[-81.0003,31.8567],[-81.0145,31.8675],[-81.0415,31.8762],[-81.0653,31.8771],[-81.0612,31.8653],[-81.0586,31.8578],[-81.0591,31.8501],[-81.0628,31.8447],[-81.0762,31.8361],[-81.0758,31.829],[-81.0572,31.8227],[-81.0509,31.8224],[-81.0479,31.8249],[-81.0398,31.823],[-81.037,31.8196],[-81.0369,31.8127],[-81.0473,31.8029],[-81.0681,31.7687],[-81.0771,31.7613],[-81.0974,31.7531],[-81.1306,31.7227],[-81.1384,31.7209],[-81.1547,31.7262],[-81.1607,31.7281],[-81.1928,31.7332],[-81.1984,31.7261],[-81.2036,31.7194],[-81.1863,31.7015],[-81.1611,31.6914],[-81.1546,31.6939],[-81.1519,31.6984],[-81.1494,31.6993],[-81.1394,31.6999],[-81.1311,31.6958],[-81.1356,31.6835],[-81.1364,31.6748],[-81.1317,31.6545],[-81.1335,31.6233],[-81.15,31.5935],[-81.1604,31.5704],[-81.1731,31.5559],[-81.1788,31.5555],[-81.1833,31.5601],[-81.1861,31.568],[-81.1891,31.5681],[-81.1944,31.5681],[-81.2043,31.5682],[-81.2145,31.5576],[-81.2407,31.5523],[-81.2542,31.5559],[-81.2601,31.5483],[-81.2626,31.5379],[-81.2639,31.5326],[-81.2634,31.5309],[-81.2588,31.5291],[-81.2551,31.5289],[-81.2414,31.5283],[-81.2179,31.5273],[-81.2135,31.5282],[-81.1995,31.5376],[-81.193,31.5358],[-81.1816,31.5277],[-81.1783,31.5224],[-81.1773,31.5171],[-81.1896,31.5036],[-81.2049,31.4731],[-81.2469,31.4228],[-81.2586,31.4044],[-81.2771,31.3704],[-81.2788,31.3672],[-81.2793,31.3511],[-81.2829,31.3265],[-81.2745,31.3262],[-81.268,31.3242],[-81.2548,31.3155],[-81.261,31.3039],[-81.2699,31.2945],[-81.2747,31.2895],[-81.2769,31.2547],[-81.2828,31.2443],[-81.2891,31.2255],[-81.2886,31.2144],[-81.2884,31.2111],[-81.2934,31.2063],[-81.305,31.2062],[-81.3142,31.2079],[-81.339,31.1869],[-81.3479,31.1759],[-81.3549,31.1672],[-81.3608,31.1559],[-81.3593,31.1492],[-81.3603,31.1479],[-81.3682,31.1365],[-81.3868,31.1332],[-81.3993,31.1341],[-81.3997,31.1341],[-81.4008,31.1301],[-81.4021,31.1254],[-81.4037,31.1071],[-81.4012,31.0861],[-81.4013,31.0728],[-81.4151,31.0267],[-81.4205,31.0167],[-81.4247,31.0137],[-81.4325,31.013],[-81.4347,31.0146],[-81.4349,31.0178],[-81.4431,31.0167],[-81.4514,31.0155],[-81.4578,31.0103],[-81.4592,31.0057],[-81.4693,30.996],[-81.4906,30.985],[-81.4937,30.9775],[-81.4902,30.9734],[-81.487,30.9696],[-81.4758,30.966],[-81.4723,30.9699],[-81.4668,30.9709],[-81.4536,30.9656],[-81.4474,30.9567],[-81.4365,30.9567],[-81.4269,30.9566],[-81.4201,30.9741],[-81.4158,30.9772],[-81.4085,30.9777],[-81.4034,30.9579],[-81.4052,30.9082],[-81.4286,30.8363],[-81.4308,30.8312],[-81.4401,30.8214],[-81.4469,30.8104],[-81.4553,30.7909],[-81.4601,30.7699],[-81.4611,30.7537],[-81.4595,30.742],[-81.4494,30.7156],[-81.4441,30.7097],[-81.4327,30.703],[-81.4274,30.698],[-81.4308,30.6694],[-81.4312,30.6675],[-81.4364,30.6386],[-81.4423,30.6054],[-81.4431,30.6009],[-81.4428,30.574],[-81.4426,30.5552],[-81.4341,30.5226],[-81.4428,30.5099],[-81.4471,30.5037],[-81.4401,30.4977],[-81.426,30.4967],[-81.4108,30.482],[-81.407,30.422],[-81.3974,30.4006],[-81.3974,30.3987],[-81.3971,30.3813],[-81.3964,30.34],[-81.3944,30.3246],[-81.3922,30.3077],[-81.3916,30.3034],[-81.3885,30.2886],[-81.3866,30.2793],[-81.3855,30.2738],[-81.3799,30.2529],[-81.3708,30.2193],[-81.3556,30.1626],[-81.3556,30.1625],[-81.309,29.9694],[-81.3031,29.952],[-81.2953,29.9286],[-81.289,29.9152],[-81.286,29.9117],[-81.2765,29.9005],[-81.2704,29.8831],[-81.265,29.8594],[-81.2647,29.8582],[-81.2642,29.8447],[-81.2634,29.8221],[-81.2634,29.8207],[-81.2632,29.8195],[-81.2567,29.7847],[-81.2524,29.7722],[-81.2409,29.7392],[-81.229,29.7147],[-81.2129,29.6707],[-81.2116,29.6671],[-81.1761,29.5846],[-81.1653,29.5594],[-81.1636,29.5553],[-81.136,29.499],[-81.1337,29.4944],[-81.1239,29.4745],[-81.1019,29.4271],[-81.0705,29.3593],[-81.0589,29.3343],[-81.0511,29.3173],[-81.0473,29.3093],[-81.0467,29.3079],[-81.0377,29.2899],[-81.0271,29.2689],[-81.0204,29.2557],[-81.0139,29.2428],[-81.0062,29.2275],[-81.0027,29.2204],[-80.9954,29.2061],[-80.9838,29.183],[-80.9828,29.1809],[-80.9824,29.1803],[-80.9743,29.1642],[-80.9733,29.1622],[-80.9718,29.1591],[-80.9717,29.1589],[-80.968,29.1516],[-80.9662,29.148],[-80.9511,29.1223],[-80.9444,29.1109],[-80.9154,29.0745],[-80.9073,29.0643],[-80.8948,29.0386],[-80.8937,29.0362],[-80.8829,29.0182],[-80.8783,29.0106],[-80.8668,28.9936],[-80.787,28.8753],[-80.7322,28.7912],[-80.7097,28.7567],[-80.6473,28.6779],[-80.6224,28.6425],[-80.6168,28.6346],[-80.5839,28.5977],[-80.5749,28.5852],[-80.5695,28.5688],[-80.5674,28.5624],[-80.561,28.5307],[-80.5361,28.4786],[-80.5251,28.4595],[-80.5267,28.4517],[-80.5629,28.4378],[-80.5741,28.4278],[-80.5878,28.4109],[-80.5882,28.4099],[-80.5958,28.3915],[-80.5962,28.3907],[-80.5991,28.3799],[-80.6019,28.3695],[-80.6034,28.364],[-80.6041,28.3579],[-80.6069,28.3365],[-80.6076,28.3202],[-80.6077,28.3181],[-80.6081,28.3113],[-80.6072,28.299],[-80.6052,28.272],[-80.6042,28.2577],[-80.5962,28.2126],[-80.5935,28.198],[-80.5916,28.187],[-80.59,28.178],[-80.5883,28.1723],[-80.5841,28.1576],[-80.583,28.1537],[-80.5787,28.1387],[-80.5716,28.1137],[-80.5664,28.0956],[-80.5594,28.078],[-80.5477,28.0488],[-80.5442,28.0419],[-80.5356,28.0244],[-80.5089,27.9705],[-80.447,27.862],[-80.4471,27.8608],[-80.4472,27.8597],[-80.3837,27.74],[-80.3817,27.734],[-80.368,27.6922],[-80.3553,27.6535],[-80.3517,27.6426],[-80.3509,27.632],[-80.3506,27.6284],[-80.3444,27.6162],[-80.3315,27.5983],[-80.331,27.5975],[-80.3247,27.5692],[-80.3213,27.5574],[-80.3118,27.5246],[-80.3012,27.5003],[-80.2932,27.5003],[-80.2836,27.4728],[-80.2831,27.4712],[-80.2655,27.4205],[-80.2624,27.4099],[-80.2537,27.3798],[-80.2335,27.3413],[-80.2268,27.3227],[-80.1993,27.263],[-80.1931,27.2495],[-80.1615,27.1928],[-80.1534,27.1693],[-80.1583,27.1646],[-80.1596,27.1633],[-80.1498,27.1436],[-80.1386,27.1115],[-80.1168,27.0724],[-80.0939,27.0186],[-80.0795,26.9705],[-80.0717,26.9443],[-80.0667,26.9276],[-80.0619,26.9116],[-80.0566,26.8939],[-80.0531,26.882],[-80.0463,26.8592],[-80.0462,26.8591],[-80.0356,26.8142],[-80.0314,26.7963],[-80.0318,26.7819],[-80.0321,26.773],[-80.0321,26.7715],[-80.0364,26.7712],[-80.0374,26.7666],[-80.0375,26.7663],[-80.0373,26.7644],[-80.0369,26.7605],[-80.0363,26.7537],[-80.0349,26.7376],[-80.0335,26.7219],[-80.0329,26.7152],[-80.033,26.7117],[-80.0333,26.7007],[-80.0336,26.6898],[-80.0358,26.6758],[-80.0359,26.6686],[-80.0362,26.6443],[-80.0365,26.6153],[-80.0366,26.6124],[-80.0376,26.5936],[-80.0389,26.5693],[-80.0434,26.5457],[-80.0504,26.5095],[-80.0557,26.4758],[-80.059,26.4543],[-80.0606,26.4447],[-80.0617,26.4321],[-80.0655,26.3909],[-80.0706,26.3365],[-80.0715,26.3359],[-80.0723,26.3354],[-80.0748,26.321],[-80.0753,26.3187],[-80.0764,26.3054],[-80.0799,26.2644],[-80.0819,26.259],[-80.0856,26.2493],[-80.0894,26.2319],[-80.0894,26.2318],[-80.0915,26.2168],[-80.0932,26.2049],[-80.0954,26.1896],[-80.0964,26.1822],[-80.0978,26.1726],[-80.0985,26.1676],[-80.1014,26.1478],[-80.1021,26.138],[-80.1042,26.1102],[-80.1053,26.0963],[-80.1067,26.0933],[-80.1096,26.0872],[-80.1139,26.0339],[-80.1156,26.0125],[-80.1173,25.9927],[-80.1177,25.9872],[-80.1178,25.9864],[-80.1178,25.9538],[-80.1179,25.9433],[-80.1179,25.9158],[-80.1194,25.8995],[-80.1205,25.8872],[-80.1209,25.8832],[-80.1206,25.8726],[-80.1201,25.8562],[-80.12,25.8513],[-80.1197,25.841],[-80.1203,25.8349],[-80.1215,25.8236],[-80.122,25.8188],[-80.1221,25.8179],[-80.123,25.8131],[-80.1249,25.8035],[-80.1261,25.7978],[-80.1274,25.7912],[-80.1274,25.7905],[-80.1275,25.7863],[-80.128,25.7722],[-80.1283,25.7716],[-80.1363,25.753],[-80.1369,25.7517],[-80.1375,25.7503],[-80.144,25.7408],[-80.1529,25.7029],[-80.1541,25.6833],[-80.1523,25.6768],[-80.1531,25.6733],[-80.155,25.6655],[-80.1609,25.6649],[-80.1769,25.6851],[-80.1704,25.7106],[-80.1645,25.7218],[-80.1662,25.729],[-80.1728,25.7378],[-80.1803,25.7427],[-80.1846,25.7456],[-80.1977,25.7444],[-80.2291,25.7325],[-80.233,25.7296],[-80.2376,25.7262],[-80.2404,25.7242],[-80.2445,25.7171],[-80.2461,25.7095],[-80.2505,25.688],[-80.2659,25.6584],[-80.2671,25.6518],[-80.2771,25.637],[-80.2871,25.6312],[-80.2884,25.6305],[-80.2967,25.6222],[-80.3015,25.6133],[-80.3021,25.6102],[-80.3043,25.5995],[-80.3048,25.5972],[-80.3056,25.5931],[-80.3056,25.5753],[-80.3021,25.5676],[-80.3054,25.5595],[-80.3139,25.5392],[-80.3246,25.5356],[-80.3252,25.5352],[-80.3256,25.5349],[-80.3287,25.5326],[-80.3394,25.4994],[-80.3394,25.4787],[-80.337,25.4656],[-80.3361,25.4633],[-80.3303,25.4484],[-80.3282,25.4431],[-80.3204,25.4372],[-80.3264,25.4229],[-80.3258,25.398],[-80.3204,25.3915],[-80.3104,25.3897],[-80.3068,25.3844],[-80.3104,25.3731],[-80.3353,25.3387],[-80.3386,25.337],[-80.3525,25.3298],[-80.3617,25.3274],[-80.3741,25.3173],[-80.3763,25.3059],[-80.3771,25.3022],[-80.3659,25.2854],[-80.3383,25.2901],[-80.2902,25.3193],[-80.2718,25.3484],[-80.2699,25.3523],[-80.2496,25.3949],[-80.2295,25.4042],[-80.2291,25.4048],[-80.2168,25.4268],[-80.215,25.4301],[-80.1899,25.4921],[-80.1898,25.5038],[-80.1824,25.5078],[-80.1755,25.5037],[-80.1739,25.4891],[-80.2038,25.4145],[-80.2099,25.4053],[-80.2305,25.3744],[-80.2503,25.3448],[-80.2517,25.3424],[-80.2839,25.2904],[-80.3274,25.2238],[-80.3582,25.1532],[-80.4071,25.1043],[-80.4249,25.0912],[-80.4488,25.0734],[-80.4528,25.0692],[-80.4841,25.0362],[-80.4925,25.0273],[-80.5287,24.9936],[-80.5715,24.9537],[-80.5853,24.9446],[-80.6563,24.8974],[-80.6645,24.9014],[-80.6644,24.9105],[-80.5995,24.9656],[-80.5988,24.9661],[-80.5448,25.0122],[-80.5439,25.0127],[-80.505,25.041],[-80.4967,25.047],[-80.4757,25.0809],[-80.4688,25.092],[-80.4668,25.103],[-80.4613,25.1325],[-80.4611,25.1618],[-80.4429,25.1893],[-80.4645,25.2091],[-80.4954,25.1998],[-80.5049,25.2066],[-80.5145,25.2192],[-80.5216,25.2215],[-80.5424,25.2064],[-80.5692,25.203],[-80.5834,25.2012],[-80.5876,25.2007],[-80.6098,25.2004],[-80.6389,25.1907],[-80.664,25.1873],[-80.6776,25.1693],[-80.7031,25.1536],[-80.713,25.1522],[-80.7244,25.1663],[-80.7435,25.164],[-80.7439,25.1498],[-80.7477,25.1474],[-80.7851,25.1689],[-80.7946,25.1824],[-80.8121,25.186],[-80.8223,25.1742],[-80.8407,25.1768],[-80.8489,25.1783],[-80.858,25.1766],[-80.8582,25.1766],[-80.8755,25.1743],[-80.9001,25.162],[-80.9016,25.1538],[-80.8989,25.1477],[-80.9006,25.1397],[-80.9159,25.1413],[-80.9432,25.1344],[-80.9574,25.1357],[-80.9718,25.134],[-80.9992,25.1242],[-81.0096,25.1254],[-81.023,25.1294],[-81.0505,25.1283],[-81.0799,25.1188],[-81.0945,25.1271],[-81.1119,25.1455],[-81.1206,25.1523],[-81.1336,25.1563],[-81.141,25.1639],[-81.1423,25.183],[-81.1467,25.1931],[-81.1555,25.2081],[-81.172,25.2223],[-81.1709,25.2459],[-81.1683,25.2532],[-81.1621,25.2898],[-81.1593,25.2986],[-81.1523,25.3055],[-81.1489,25.3181],[-81.1519,25.3248],[-81.1481,25.3328],[-81.1401,25.3411],[-81.1339,25.343],[-81.1214,25.3387],[-81.1182,25.3452],[-81.1173,25.355],[-81.1285,25.3805],[-81.1414,25.3814],[-81.1505,25.3873],[-81.1507,25.3992],[-81.1471,25.4043],[-81.1468,25.4076],[-81.1687,25.4638],[-81.1794,25.4754],[-81.1919,25.4847],[-81.2082,25.5049],[-81.2101,25.5169],[-81.2032,25.5342],[-81.2044,25.5389],[-81.2093,25.5486],[-81.2256,25.5585],[-81.2327,25.5734],[-81.2331,25.5866],[-81.2405,25.599],[-81.2715,25.6143],[-81.2728,25.638],[-81.2894,25.658],[-81.2903,25.6875],[-81.3119,25.7029],[-81.3382,25.6929],[-81.3506,25.6898],[-81.356,25.7035],[-81.3552,25.7287],[-81.3823,25.7495],[-81.3838,25.7768],[-81.4144,25.7835],[-81.424,25.7937],[-81.4685,25.8033],[-81.4686,25.8036],[-81.4693,25.8063],[-81.4697,25.8077],[-81.4702,25.8095],[-81.4722,25.8169],[-81.515,25.8386],[-81.5479,25.8496],[-81.5825,25.8767],[-81.6147,25.894],[-81.6235,25.8972],[-81.6401,25.8978],[-81.6446,25.898],[-81.6545,25.8936],[-81.6638,25.8856],[-81.6726,25.8567],[-81.6783,25.8453],[-81.6848,25.8472],[-81.6895,25.8527],[-81.7132,25.8976],[-81.7172,25.9025],[-81.7278,25.9078],[-81.7319,25.9315],[-81.7381,25.942],[-81.7456,25.9496],[-81.7461,25.9511],[-81.7497,25.9605],[-81.7491,25.9715],[-81.7478,25.9943],[-81.7507,25.9984],[-81.7575,26.0004],[-81.7624,26.0061],[-81.8017,26.0882],[-81.8021,26.0924],[-81.8062,26.1283],[-81.8075,26.1404],[-81.8088,26.1522],[-81.8098,26.1556],[-81.8146,26.1732],[-81.8157,26.1894],[-81.8168,26.2072],[-81.8184,26.2193],[-81.8207,26.2367],[-81.8244,26.2542],[-81.8279,26.2701],[-81.8317,26.288],[-81.8319,26.2889],[-81.8331,26.2945],[-81.8396,26.3133],[-81.8446,26.3277],[-81.8458,26.3304],[-81.869,26.3786],[-81.8876,26.3969],[-81.9019,26.4109],[-81.9027,26.4162],[-81.9117,26.4272],[-81.9236,26.4367],[-81.9237,26.4367],[-81.9384,26.4451],[-81.9566,26.4524],[-81.9642,26.458],[-81.9671,26.4629],[-81.9662,26.4651],[-81.9671,26.468],[-81.9695,26.4765],[-81.9807,26.481],[-81.997,26.4849],[-82.009,26.4841],[-82.0093,26.4845],[-82.0137,26.4908],[-82.0091,26.5052],[-82.014,26.5238],[-82.0153,26.5288],[-82.0401,26.5253],[-82.0478,26.5384],[-82.0599,26.543],[-82.0645,26.5388],[-82.0667,26.5368],[-82.0638,26.5124],[-82.0576,26.4978],[-82.0589,26.4934],[-82.0989,26.4839],[-82.107,26.4868],[-82.1086,26.5043],[-82.112,26.5408],[-82.1189,26.561],[-82.1223,26.5794],[-82.1259,26.5928],[-82.1379,26.6374],[-82.1499,26.6541],[-82.1816,26.6817],[-82.1798,26.6967],[-82.1735,26.7018],[-82.1561,26.7037],[-82.1517,26.7041],[-82.139,26.703],[-82.1258,26.6995],[-82.1189,26.6909],[-82.1062,26.6673],[-82.0999,26.6627],[-82.0939,26.6653],[-82.093,26.6656],[-82.0867,26.6852],[-82.085,26.7024],[-82.0798,26.7168],[-82.0666,26.7427],[-82.062,26.7704],[-82.0614,26.7743],[-82.0614,26.7892],[-82.0551,26.8025],[-82.0561,26.8095],[-82.058,26.822],[-82.0585,26.8387],[-82.0568,26.8588],[-82.0591,26.8766],[-82.0616,26.8785],[-82.0666,26.8824],[-82.0907,26.8887],[-82.093,26.9065],[-82.0926,26.9091],[-82.0901,26.9232],[-82.0832,26.9278],[-82.0677,26.9278],[-82.0669,26.9283],[-82.062,26.9312],[-82.0614,26.9387],[-82.062,26.9428],[-82.0631,26.9502],[-82.0763,26.9583],[-82.0824,26.9582],[-82.108,26.9577],[-82.113,26.9558],[-82.1172,26.9542],[-82.1246,26.9456],[-82.1373,26.9261],[-82.162,26.9255],[-82.1672,26.9239],[-82.1695,26.9232],[-82.1752,26.9169],[-82.1729,26.8973],[-82.1563,26.8519],[-82.1471,26.7898],[-82.1511,26.7835],[-82.1729,26.7789],[-82.1787,26.7726],[-82.1911,26.7703],[-82.2089,26.7672],[-82.2274,26.7711],[-82.2436,26.7676],[-82.2499,26.7629],[-82.2535,26.7194],[-82.2617,26.7172],[-82.2679,26.7209],[-82.2684,26.7212],[-82.2676,26.7317],[-82.2656,26.761],[-82.2695,26.7847],[-82.2717,26.7895],[-82.2891,26.8278],[-82.3017,26.8416],[-82.314,26.858],[-82.3299,26.8793],[-82.3407,26.8938],[-82.3516,26.9084],[-82.3757,26.946],[-82.4006,26.9849],[-82.4014,26.9865],[-82.4136,27.0099],[-82.4192,27.0207],[-82.4262,27.0313],[-82.4321,27.0402],[-82.4457,27.0606],[-82.4457,27.0607],[-82.4556,27.0873],[-82.4603,27.0999],[-82.4603,27.1],[-82.4653,27.1107],[-82.4676,27.1126],[-82.4689,27.1136],[-82.4766,27.1398],[-82.477,27.1412],[-82.4903,27.1662],[-82.4976,27.18],[-82.5123,27.2075],[-82.5126,27.208],[-82.5305,27.2385],[-82.5397,27.2543],[-82.542,27.2571],[-82.5451,27.261],[-82.5561,27.2672],[-82.559,27.2688],[-82.5652,27.2749],[-82.5698,27.2795],[-82.5696,27.2853],[-82.5692,27.2986],[-82.576,27.3093],[-82.5903,27.3268],[-82.5976,27.3358],[-82.6181,27.3564],[-82.6239,27.3622],[-82.6428,27.3897],[-82.6751,27.4243],[-82.6918,27.4372],[-82.6911,27.4437],[-82.691,27.4443],[-82.696,27.4573],[-82.7078,27.4876],[-82.7124,27.4963],[-82.7145,27.5004],[-82.7223,27.5107],[-82.7245,27.5136],[-82.743,27.5311],[-82.7457,27.5388],[-82.7424,27.5394],[-82.7175,27.5279],[-82.7081,27.5235],[-82.703,27.498],[-82.6974,27.4973],[-82.6904,27.4964],[-82.6864,27.4972],[-82.6869,27.508],[-82.6836,27.5131],[-82.6746,27.5196],[-82.662,27.5228],[-82.6507,27.5231],[-82.6474,27.5304],[-82.646,27.5335],[-82.6397,27.5419],[-82.6321,27.5519],[-82.612,27.5712],[-82.613,27.5828],[-82.6126,27.5836],[-82.6117,27.5853],[-82.5965,27.594],[-82.5846,27.596],[-82.5706,27.6089],[-82.5657,27.6157],[-82.5585,27.6387],[-82.5545,27.6451],[-82.5544,27.6453],[-82.5371,27.6729],[-82.5143,27.7056],[-82.4949,27.719],[-82.4824,27.7199],[-82.4822,27.7201],[-82.4776,27.723],[-82.4763,27.7299],[-82.4771,27.7352],[-82.4823,27.7426],[-82.4783,27.7463],[-82.4575,27.7526],[-82.4346,27.7644],[-82.4323,27.7676],[-82.432,27.7681],[-82.4328,27.7704],[-82.434,27.7741],[-82.4194,27.7934],[-82.4191,27.7938],[-82.4184,27.8032],[-82.4108,27.8109],[-82.4029,27.8127],[-82.3934,27.8375],[-82.3975,27.8516],[-82.3978,27.8539],[-82.4026,27.8826],[-82.4139,27.9014],[-82.4323,27.9013],[-82.4363,27.9026],[-82.4367,27.9027],[-82.4465,27.9059],[-82.4485,27.9065],[-82.4516,27.9075],[-82.4596,27.9099],[-82.462,27.9144],[-82.4597,27.9317],[-82.4625,27.9365],[-82.4689,27.9365],[-82.476,27.93],[-82.4826,27.9255],[-82.4891,27.921],[-82.4915,27.9155],[-82.4901,27.9087],[-82.4874,27.895],[-82.4874,27.8936],[-82.4877,27.8806],[-82.488,27.8646],[-82.4881,27.8636],[-82.4801,27.8532],[-82.4716,27.8473],[-82.4688,27.8433],[-82.4724,27.8226],[-82.4753,27.821],[-82.4898,27.8226],[-82.5112,27.828],[-82.5351,27.8395],[-82.5539,27.8485],[-82.5529,27.8627],[-82.5386,27.8649],[-82.5364,27.8672],[-82.5332,27.8707],[-82.5299,27.8775],[-82.5393,27.885],[-82.5427,27.8905],[-82.5428,27.8906],[-82.5417,27.8937],[-82.5359,27.898],[-82.5358,27.898],[-82.5313,27.9039],[-82.5317,27.9085],[-82.5329,27.9235],[-82.5337,27.933],[-82.5393,27.945],[-82.5412,27.949],[-82.55,27.9615],[-82.5539,27.967],[-82.5737,27.9692],[-82.576,27.9694],[-82.59,27.9781],[-82.6127,27.9921],[-82.6257,28.0001],[-82.6407,28.0163],[-82.6411,28.0168],[-82.6485,28.0203],[-82.6696,28.0304],[-82.6877,28.0278],[-82.6901,28.0275],[-82.6841,28.0124],[-82.6792,28],[-82.6927,27.9838],[-82.695,27.9797],[-82.7056,27.9607],[-82.7061,27.9599],[-82.7165,27.9584],[-82.7205,27.9558],[-82.7235,27.9494],[-82.7241,27.9481],[-82.7204,27.9372],[-82.7201,27.9364],[-82.71,27.9283],[-82.7097,27.9282],[-82.6972,27.9228],[-82.694,27.9215],[-82.6851,27.9163],[-82.6778,27.9146],[-82.6712,27.913],[-82.6391,27.9057],[-82.635,27.904],[-82.6342,27.9037],[-82.6337,27.9009],[-82.633,27.8964],[-82.6321,27.8911],[-82.6232,27.884],[-82.61,27.8735],[-82.609,27.8721],[-82.5984,27.8576],[-82.5948,27.8434],[-82.5893,27.8357],[-82.5875,27.8236],[-82.5865,27.8167],[-82.5977,27.8072],[-82.6069,27.7993],[-82.6074,27.7989],[-82.6163,27.7879],[-82.6184,27.7853],[-82.6227,27.7799],[-82.6234,27.7778],[-82.6254,27.7709],[-82.6299,27.756],[-82.6305,27.7539],[-82.6276,27.7425],[-82.625,27.7327],[-82.6257,27.727],[-82.6292,27.7198],[-82.6336,27.7106],[-82.6398,27.7039],[-82.6463,27.7021],[-82.6525,27.7003],[-82.6608,27.7019],[-82.6629,27.7023],[-82.6716,27.7059],[-82.6773,27.7062],[-82.6792,27.695],[-82.6793,27.6947],[-82.6937,27.7002],[-82.7083,27.6991],[-82.7136,27.6987],[-82.7177,27.6934],[-82.7188,27.692],[-82.723,27.6712],[-82.7216,27.6639],[-82.7163,27.6514],[-82.7126,27.6466],[-82.702,27.6395],[-82.6997,27.6348],[-82.705,27.6248],[-82.7321,27.6135],[-82.737,27.6169],[-82.7361,27.6252],[-82.744,27.6376],[-82.7386,27.6777],[-82.7385,27.6785],[-82.738,27.7068],[-82.7403,27.7182],[-82.7431,27.7244],[-82.7462,27.7313],[-82.7537,27.7363],[-82.7555,27.7386],[-82.7609,27.7452],[-82.77,27.7679],[-82.7825,27.7831],[-82.7831,27.7838],[-82.7902,27.7916],[-82.7956,27.7955],[-82.8072,27.8041],[-82.8204,27.8137],[-82.8277,27.8213],[-82.8286,27.8223],[-82.8406,27.8438],[-82.8465,27.8543],[-82.8491,27.8632],[-82.8499,27.8716],[-82.8511,27.8863],[-82.85,27.8944],[-82.8479,27.9098],[-82.8478,27.9102],[-82.841,27.9365],[-82.8409,27.9372],[-82.8314,27.9621],[-82.8311,27.9664],[-82.8295,27.9891],[-82.8276,28.0165],[-82.8272,28.0218],[-82.8227,28.0486],[-82.8364,28.0642],[-82.8408,28.0839],[-82.836,28.0889],[-82.8279,28.0874],[-82.8194,28.064],[-82.7958,28.0541],[-82.7956,28.054],[-82.7912,28.0562],[-82.7835,28.0601],[-82.7836,28.0686],[-82.7838,28.1063],[-82.7819,28.123],[-82.7813,28.1276],[-82.7862,28.1435],[-82.7866,28.145],[-82.7907,28.1525],[-82.799,28.1518],[-82.8085,28.1548],[-82.8051,28.1722],[-82.8047,28.1731],[-82.7978,28.1878],[-82.7721,28.2106],[-82.7694,28.213],[-82.7626,28.219],[-82.7645,28.2201],[-82.7641,28.2443],[-82.7633,28.2459],[-82.7603,28.2516],[-82.7591,28.254],[-82.7462,28.2612],[-82.7436,28.2672],[-82.7356,28.2855],[-82.7328,28.2919],[-82.7355,28.3004],[-82.7341,28.3086],[-82.7315,28.3251],[-82.7182,28.3424],[-82.7158,28.3455],[-82.7092,28.3609],[-82.7061,28.3681],[-82.7062,28.3869],[-82.7063,28.4013],[-82.6974,28.4202],[-82.6841,28.428],[-82.6787,28.4335],[-82.6778,28.4344],[-82.6748,28.442],[-82.6804,28.4572],[-82.6724,28.4647],[-82.6651,28.4844],[-82.6645,28.4888],[-82.6664,28.4973],[-82.6701,28.5008],[-82.6694,28.5199],[-82.668,28.5282],[-82.6637,28.5302],[-82.6627,28.5324],[-82.6567,28.5448],[-82.6617,28.5497],[-82.6616,28.5541],[-82.6571,28.568],[-82.6559,28.5767],[-82.6541,28.5908],[-82.6639,28.6063],[-82.6641,28.6066],[-82.6694,28.6273],[-82.6747,28.6476],[-82.6689,28.6941],[-82.6687,28.6957],[-82.7124,28.7209],[-82.6983,28.757],[-82.7144,28.804],[-82.7302,28.8502],[-82.6889,28.9056],[-82.7026,28.933],[-82.7088,28.936],[-82.7239,28.9535],[-82.728,28.9606],[-82.7358,28.9737],[-82.7379,28.9957],[-82.7589,28.9933],[-82.7606,28.9931],[-82.7641,28.9997],[-82.7594,29.0066],[-82.7535,29.0265],[-82.7597,29.0542],[-82.78,29.0631],[-82.7833,29.0646],[-82.7806,29.0736],[-82.8169,29.0762],[-82.8237,29.0989],[-82.8095,29.1046],[-82.8012,29.1051],[-82.7991,29.1106],[-82.7989,29.1145],[-82.8057,29.1298],[-82.8047,29.1466],[-82.8271,29.1584],[-82.8582,29.1623],[-82.8872,29.1617],[-82.9226,29.1698],[-82.9324,29.1679],[-82.9453,29.1678],[-82.9747,29.1709],[-82.9795,29.1718],[-82.9872,29.1801],[-82.9917,29.1807],[-82.9961,29.1781],[-83.0182,29.1514],[-83.0191,29.1413],[-83.0305,29.134],[-83.0532,29.1308],[-83.0569,29.1463],[-83.0682,29.1531],[-83.0609,29.171],[-83.0612,29.1761],[-83.0652,29.1845],[-83.079,29.1969],[-83.0878,29.2164],[-83.0747,29.248],[-83.0773,29.2553],[-83.089,29.2665],[-83.1075,29.2689],[-83.1256,29.2788],[-83.128,29.2827],[-83.1464,29.2892],[-83.1498,29.2898],[-83.1607,29.2866],[-83.166,29.2888],[-83.1696,29.2904],[-83.1767,29.3142],[-83.1783,29.3279],[-83.1769,29.3293],[-83.1755,29.3447],[-83.1896,29.3634],[-83.2007,29.3739],[-83.2024,29.3944],[-83.2181,29.4205],[-83.2405,29.4332],[-83.264,29.4358],[-83.2667,29.4346],[-83.272,29.4323],[-83.2947,29.4379],[-83.3071,29.4597],[-83.3078,29.4689],[-83.3115,29.4757],[-83.3232,29.4768],[-83.3311,29.4756],[-83.3501,29.4894],[-83.3567,29.4999],[-83.3703,29.4999],[-83.3793,29.5036],[-83.384,29.513],[-83.4003,29.5172],[-83.4016,29.5233],[-83.3998,29.533],[-83.4053,29.5783],[-83.4051,29.5956],[-83.3995,29.613],[-83.4041,29.6408],[-83.4123,29.6671],[-83.4128,29.6685],[-83.4147,29.6705],[-83.4363,29.6774],[-83.4446,29.6772],[-83.4482,29.6753],[-83.4554,29.6764],[-83.4831,29.6905],[-83.4836,29.6985],[-83.4937,29.7084],[-83.5127,29.7165],[-83.5376,29.7231],[-83.5472,29.7322],[-83.555,29.7426],[-83.566,29.7614],[-83.579,29.7684],[-83.5813,29.7715],[-83.5847,29.7761],[-83.5861,29.7846],[-83.583,29.7873],[-83.5819,29.7921],[-83.5859,29.8118],[-83.5955,29.828],[-83.6052,29.8364],[-83.6186,29.8423],[-83.638,29.8861],[-83.66,29.8995],[-83.6792,29.9185],[-83.6864,29.9237],[-83.7572,29.9579],[-83.7887,29.977],[-83.7921,29.9775],[-83.8287,29.9832],[-83.8454,29.9981],[-83.9315,30.0391],[-83.9337,30.0412],[-83.9319,30.0442],[-83.9334,30.0463],[-83.9597,30.0649],[-83.9914,30.0838],[-83.9916,30.0839],[-84.0007,30.0962],[-84.0243,30.1033],[-84.0487,30.1032],[-84.063,30.1014],[-84.076,30.0955],[-84.0831,30.0923],[-84.087,30.0921],[-84.0947,30.095],[-84.1027,30.0936],[-84.1138,30.0855],[-84.1249,30.0906],[-84.1357,30.083],[-84.1573,30.0727],[-84.1679,30.0714],[-84.1791,30.0732],[-84.1985,30.0879],[-84.2016,30.088],[-84.2033,30.0859],[-84.208,30.0848],[-84.237,30.0856],[-84.2457,30.093],[-84.2475,30.1011],[-84.2564,30.1038],[-84.2694,30.0977],[-84.2725,30.0924],[-84.274,30.0831],[-84.2704,30.0755],[-84.2708,30.0681],[-84.2772,30.0603],[-84.2897,30.0572],[-84.2978,30.0575],[-84.3234,30.0411],[-84.3371,30.0323],[-84.3661,30.0087],[-84.362,29.9877],[-84.36,29.9847],[-84.3477,29.9841],[-84.343,29.9751],[-84.3425,29.9703],[-84.3394,29.946],[-84.3365,29.9425],[-84.3337,29.9237],[-84.336,29.913],[-84.3434,29.8995],[-84.3491,29.8968],[-84.3789,29.8931],[-84.405,29.9012],[-84.4238,29.903],[-84.4343,29.9063],[-84.4437,29.9138],[-84.4517,29.9291],[-84.4703,29.9245],[-84.4946,29.914],[-84.512,29.9166],[-84.5359,29.9101],[-84.5774,29.8878],[-84.6033,29.8761],[-84.6132,29.868],[-84.615,29.8668],[-84.648,29.8471],[-84.6563,29.8379],[-84.6565,29.8343],[-84.6601,29.8328],[-84.6697,29.8289],[-84.6839,29.8313],[-84.6921,29.8291],[-84.7303,29.8069],[-84.7556,29.7885],[-84.763,29.7888],[-84.8242,29.7583],[-84.8372,29.7559],[-84.8683,29.7425],[-84.8818,29.7339],[-84.888,29.7224],[-84.8925,29.7227],[-84.9018,29.7357],[-84.8901,29.7558],[-84.8771,29.7729],[-84.894,29.7852],[-84.9041,29.7863],[-84.9151,29.7833],[-84.9209,29.7729],[-84.9384,29.7502],[-84.9458,29.7455],[-84.9466,29.745],[-84.964,29.7424],[-84.9684,29.7286],[-84.9688,29.7271],[-84.977,29.7212],[-84.9933,29.715],[-85.0031,29.7141],[-85.0372,29.7111],[-85.0721,29.719],[-85.1017,29.7187],[-85.136,29.7122],[-85.145,29.7028],[-85.1372,29.6947],[-85.1339,29.6914],[-85.1004,29.6847],[-85.0743,29.674],[-85.0716,29.632],[-85.0136,29.6135],[-84.9015,29.6679],[-84.8027,29.699],[-84.7017,29.7704],[-84.6937,29.7679],[-84.6925,29.7592],[-84.777,29.6922],[-84.8767,29.6558],[-84.9416,29.6211],[-84.9837,29.6042],[-85.0494,29.5869],[-85.0842,29.6152],[-85.141,29.634],[-85.1706,29.6556],[-85.222,29.678],[-85.2252,29.6783],[-85.2907,29.6841],[-85.3192,29.6815],[-85.3436,29.672],[-85.3477,29.6672],[-85.3564,29.6691],[-85.3694,29.681],[-85.3803,29.6985],[-85.4032,29.7367],[-85.418,29.7986],[-85.422,29.8276],[-85.4147,29.8551],[-85.4069,29.868],[-85.3975,29.8682],[-85.3937,29.8627],[-85.402,29.8318],[-85.4025,29.8029],[-85.3842,29.7467],[-85.3758,29.722],[-85.3584,29.6933],[-85.3418,29.6882],[-85.3234,29.6978],[-85.306,29.7252],[-85.3015,29.7882],[-85.3024,29.8094],[-85.305,29.8112],[-85.3112,29.8157],[-85.3145,29.8223],[-85.3114,29.8323],[-85.3221,29.8447],[-85.3339,29.8474],[-85.3398,29.8544],[-85.347,29.872],[-85.3637,29.8989],[-85.3847,29.9209],[-85.3887,29.9244],[-85.4051,29.9385],[-85.426,29.9499],[-85.4477,29.956],[-85.4605,29.9596],[-85.4694,29.9578],[-85.4878,29.9612],[-85.5091,29.9715],[-85.5412,29.9958],[-85.5719,30.0264],[-85.5814,30.0378],[-85.5882,30.0555],[-85.6012,30.0563],[-85.6183,30.0655],[-85.6311,30.0708],[-85.6373,30.0733],[-85.6533,30.0778],[-85.6968,30.0969],[-85.7301,30.1182],[-85.7499,30.1365],[-85.7588,30.1434],[-85.7723,30.1539],[-85.7754,30.1563],[-85.7904,30.1655],[-85.8112,30.1783],[-85.8201,30.1833],[-85.8313,30.1895],[-85.8459,30.1977],[-85.8667,30.2092],[-85.8781,30.2156],[-85.8953,30.2243],[-85.9198,30.2366],[-85.9226,30.238],[-85.9359,30.2437],[-85.9959,30.2691],[-85.9999,30.2708],[-86.0376,30.2845],[-86.09,30.3036],[-86.0977,30.3059],[-86.1241,30.3139],[-86.1797,30.3307],[-86.2226,30.3436],[-86.2271,30.3447],[-86.2987,30.363],[-86.3167,30.3662],[-86.3642,30.3745],[-86.3974,30.3786],[-86.4121,30.3803],[-86.4229,30.381],[-86.469,30.3838],[-86.4708,30.3839],[-86.4833,30.3833],[-86.5062,30.3823],[-86.5114,30.3834],[-86.5291,30.3869],[-86.633,30.3963],[-86.7509,30.3919],[-86.766,30.3902],[-86.7981,30.3867],[-86.7995,30.3866],[-86.8506,30.381],[-86.8618,30.3794],[-86.9097,30.3724],[-86.9189,30.3708],[-87.1554,30.3277],[-87.2063,30.3209],[-87.2678,30.3155],[-87.2828,30.3187],[-87.2954,30.3235],[-87.3071,30.3208],[-87.3195,30.3178],[-87.3505,30.3131],[-87.4199,30.2971],[-87.5183,30.2804],[-87.5445,30.2757],[-87.5581,30.2744],[-87.5814,30.2693],[-87.5822,30.269],[-87.6569,30.2497],[-87.6891,30.246],[-87.7355,30.2407],[-87.8006,30.2294],[-87.8315,30.2276],[-87.8385,30.2272],[-87.9261,30.2304],[-87.9623,30.2295],[-88,30.2258],[-88.0146,30.2224],[-88.0284,30.2211],[-88.0293,30.2227],[-88.024,30.2304],[-87.9668,30.2356],[-87.949,30.2566],[-87.936,30.2615],[-87.9182,30.2533],[-87.9138,30.2478],[-87.9005,30.2415],[-87.8932,30.2392],[-87.8793,30.2386],[-87.8601,30.2403],[-87.8177,30.2543],[-87.8021,30.2531],[-87.7878,30.2542],[-87.7666,30.2624],[-87.7553,30.2773],[-87.7554,30.2833],[-87.7555,30.2885],[-87.7555,30.2912],[-87.7728,30.3117],[-87.7967,30.3242],[-87.8093,30.3327],[-87.8299,30.3538],[-87.8372,30.3693],[-87.8432,30.3755],[-87.8451,30.3774],[-87.8538,30.3785],[-87.865,30.3835],[-87.9063,30.4094],[-87.9089,30.4142],[-87.9141,30.4461],[-87.92,30.4706],[-87.9242,30.4761],[-87.9319,30.4811],[-87.9331,30.4862],[-87.9334,30.4874],[-87.9111,30.5258],[-87.9086,30.531],[-87.9053,30.5376],[-87.9017,30.5509],[-87.9024,30.5553],[-87.9042,30.566],[-87.9079,30.5731],[-87.9114,30.5763],[-87.915,30.5859],[-87.9125,30.6158],[-87.9174,30.6302],[-87.9193,30.6361],[-87.9285,30.6491],[-87.9311,30.6527],[-87.9367,30.6574],[-87.956,30.6589],[-87.9699,30.6678],[-87.9812,30.6751],[-88.0084,30.685],[-88.0097,30.6844],[-88.0124,30.6832],[-88.0221,30.6739],[-88.0267,30.6615],[-88.0346,30.6537],[-88.0443,30.6526],[-88.0524,30.6491],[-88.062,30.6449],[-88.0596,30.6191],[-88.054,30.6125],[-88.056,30.608],[-88.0649,30.5883],[-88.0749,30.5789],[-88.0846,30.5646],[-88.0855,30.5633],[-88.0816,30.5463],[-88.0828,30.5287],[-88.0898,30.5242],[-88.0907,30.5236],[-88.1009,30.5098],[-88.1038,30.5009],[-88.103,30.493],[-88.0969,30.4711],[-88.1006,30.4612],[-88.1064,30.4527],[-88.1064,30.4521],[-88.1041,30.4273],[-88.1073,30.3772],[-88.1154,30.3566],[-88.1246,30.3416],[-88.1281,30.3385],[-88.1362,30.3207],[-88.1558,30.3272],[-88.172,30.3247],[-88.1915,30.317],[-88.1957,30.3212],[-88.1984,30.3388],[-88.1964,30.3436],[-88.1885,30.3451],[-88.1885,30.3481],[-88.1965,30.358],[-88.2001,30.3624],[-88.2045,30.3621],[-88.2607,30.3824],[-88.2826,30.3829],[-88.2888,30.3735],[-88.2906,30.3707],[-88.3116,30.3689],[-88.3165,30.37],[-88.3196,30.3803],[-88.3323,30.3884],[-88.3413,30.3895],[-88.364,30.388],[-88.3747,30.3856],[-88.395,30.3694],[-88.3972,30.3677],[-88.3991,30.3607],[-88.3971,30.3548],[-88.3941,30.3525],[-88.394,30.3493],[-88.4012,30.3444],[-88.4099,30.3421],[-88.4188,30.3539],[-88.4339,30.3547],[-88.4465,30.3478],[-88.4466,30.3377],[-88.4538,30.3296],[-88.4719,30.32],[-88.4801,30.3183],[-88.5048,30.3215],[-88.5062,30.3224],[-88.5063,30.3274],[-88.5136,30.3331],[-88.5225,30.3401],[-88.5362,30.3433],[-88.5433,30.3402],[-88.5678,30.3296],[-88.5819,30.3311],[-88.6,30.3566],[-88.613,30.354],[-88.6305,30.3581],[-88.6377,30.3598],[-88.6454,30.3605],[-88.6638,30.3621],[-88.6647,30.3617],[-88.7006,30.3437],[-88.7182,30.3431],[-88.7289,30.3427],[-88.7469,30.3476],[-88.7489,30.349],[-88.7717,30.3654],[-88.7888,30.3737],[-88.8116,30.3849],[-88.8133,30.3791],[-88.8143,30.3757],[-88.8188,30.3606],[-88.8805,30.3866],[-88.8838,30.3892],[-88.8848,30.392],[-88.8921,30.3931],[-88.8939,30.3934],[-88.922,30.3938],[-88.9343,30.393],[-88.9712,30.3908],[-89.001,30.3862],[-89.0163,30.3839],[-89.0832,30.3681],[-89.1014,30.3616],[-89.1242,30.3535],[-89.1494,30.3445],[-89.1868,30.3312],[-89.2204,30.3225],[-89.2718,30.3055],[-89.2857,30.3031],[-89.2914,30.3033],[-89.2944,30.3076],[-89.2943,30.309],[-89.2918,30.3281],[-89.2878,30.3332],[-89.2816,30.332],[-89.2806,30.3416],[-89.2798,30.3498],[-89.2925,30.3656],[-89.3151,30.3754],[-89.3359,30.374],[-89.3409,30.3729],[-89.3494,30.371],[-89.3532,30.3688],[-89.3638,30.3574],[-89.366,30.3523],[-89.3661,30.3522],[-89.3459,30.3436],[-89.3388,30.343],[-89.3325,30.3379],[-89.3224,30.3194],[-89.3223,30.3193],[-89.3225,30.3149],[-89.3259,30.3095],[-89.3299,30.3029],[-89.3438,30.2938],[-89.3447,30.2932],[-89.3585,30.2889],[-89.3657,30.2849],[-89.3795,30.2704],[-89.3837,30.2678],[-89.3877,30.2663],[-89.4193,30.2543],[-89.4246,30.2454],[-89.4245,30.2391],[-89.4248,30.2382],[-89.4304,30.2232],[-89.4475,30.2051],[-89.4479,30.1854],[-89.4613,30.1747],[-89.4636,30.1739],[-89.4698,30.1763],[-89.4758,30.1916],[-89.4802,30.1938],[-89.4901,30.1877],[-89.5032,30.1831],[-89.5228,30.1831],[-89.5245,30.1808],[-89.5312,30.1771],[-89.5375,30.1717],[-89.555,30.1708],[-89.5628,30.1687],[-89.5683,30.1639],[-89.5721,30.1604],[-89.5871,30.1506],[-89.595,30.1499],[-89.598,30.1524],[-89.6175,30.1564],[-89.6229,30.1524],[-89.641,30.1386],[-89.657,30.1184],[-89.6692,30.1107],[-89.6746,30.1104],[-89.6782,30.1083],[-89.6822,30.0915],[-89.6837,30.076],[-89.6985,30.0705],[-89.7129,30.0691],[-89.7275,30.0627],[-89.731,30.0576],[-89.7315,30.0497],[-89.7163,30.0281],[-89.7164,30.0262],[-89.7246,30.0225],[-89.7333,30.0221],[-89.7465,30.0326],[-89.7632,30.0421],[-89.7825,30.0454],[-89.8186,30.0433],[-89.82,30.0421],[-89.8399,30.0241],[-89.8576,30.0044],[-89.8561,29.9971],[-89.8523,29.9777],[-89.8442,29.9556],[-89.8385,29.9458],[-89.8375,29.9451],[-89.829,29.9392],[-89.818,29.9341],[-89.8045,29.9326],[-89.7755,29.9374],[-89.7485,29.9458],[-89.7279,29.9588],[-89.7191,29.9537],[-89.7129,29.9463],[-89.7363,29.9363],[-89.7427,29.9359],[-89.7463,29.9282],[-89.7425,29.9082],[-89.7112,29.8793],[-89.692,29.8687],[-89.6716,29.8675],[-89.6606,29.8629],[-89.638,29.8641],[-89.6132,29.8722],[-89.5981,29.8814],[-89.5912,29.897],[-89.5923,29.9173],[-89.5831,29.9317],[-89.5831,29.9456],[-89.575,29.9595],[-89.5744,29.9837],[-89.5814,29.9947],[-89.5715,29.9999],[-89.5513,30.0057],[-89.5016,30.034],[-89.4941,30.041],[-89.4946,30.0508],[-89.4993,30.0589],[-89.4935,30.0722],[-89.4819,30.0791],[-89.4589,30.0635],[-89.4446,30.061],[-89.429,30.0522],[-89.4185,30.0497],[-89.3724,30.0547],[-89.3686,30.0473],[-89.3724,30.0367],[-89.3811,30.0304],[-89.3936,30.0298],[-89.416,30.0205],[-89.4228,30.0155],[-89.4328,30.008],[-89.4334,29.9912],[-89.4328,29.9788],[-89.4054,29.9657],[-89.3936,29.9663],[-89.3792,29.9638],[-89.3786,29.9196],[-89.368,29.9115],[-89.3319,29.9159],[-89.3155,29.9232],[-89.2836,29.9733],[-89.2733,29.9938],[-89.2505,30.0024],[-89.2437,29.9972],[-89.25,29.9756],[-89.2181,29.9728],[-89.2238,29.9619],[-89.2312,29.9255],[-89.2448,29.93],[-89.2631,29.9295],[-89.2801,29.9249],[-89.3183,29.8981],[-89.3223,29.8873],[-89.3115,29.8816],[-89.2893,29.8805],[-89.2722,29.8868],[-89.2414,29.8896],[-89.2363,29.8868],[-89.2363,29.8771],[-89.2545,29.8646],[-89.2699,29.86],[-89.295,29.8571],[-89.3177,29.8509],[-89.3633,29.8458],[-89.3838,29.8389],[-89.3832,29.8304],[-89.373,29.8253],[-89.3456,29.8201],[-89.3428,29.7985],[-89.332,29.7905],[-89.3183,29.7888],[-89.2933,29.8031],[-89.2773,29.8076],[-89.2773,29.7996],[-89.2841,29.7956],[-89.2847,29.77],[-89.2693,29.7609],[-89.271,29.7564],[-89.3052,29.7569],[-89.316,29.7609],[-89.3251,29.7723],[-89.3377,29.7791],[-89.3542,29.7814],[-89.3673,29.7751],[-89.3861,29.7888],[-89.3946,29.7848],[-89.3992,29.7706],[-89.4145,29.7524],[-89.4282,29.7415],[-89.4302,29.7126],[-89.3961,29.6957],[-89.3878,29.68],[-89.404,29.6818],[-89.4242,29.6976],[-89.4267,29.6786],[-89.4338,29.6564],[-89.4656,29.6517],[-89.4712,29.6732],[-89.4676,29.699],[-89.487,29.7259],[-89.5249,29.7266],[-89.5196,29.6922],[-89.5338,29.6702],[-89.5107,29.6575],[-89.4879,29.6304],[-89.4854,29.6244],[-89.4867,29.621],[-89.4869,29.6204],[-89.5047,29.6315],[-89.523,29.6394],[-89.5352,29.6486],[-89.5833,29.6528],[-89.6108,29.6386],[-89.6412,29.648],[-89.6657,29.6431],[-89.6021,29.6103],[-89.6026,29.5822],[-89.6378,29.5967],[-89.6491,29.613],[-89.6747,29.6266],[-89.6845,29.6248],[-89.6881,29.6151],[-89.6845,29.6029],[-89.6711,29.5882],[-89.6504,29.5869],[-89.6418,29.5756],[-89.6637,29.5644],[-89.6845,29.5633],[-89.6845,29.5511],[-89.6811,29.5345],[-89.6572,29.5323],[-89.6402,29.5036],[-89.6085,29.4904],[-89.5696,29.494],[-89.5721,29.4752],[-89.5511,29.4634],[-89.5284,29.4547],[-89.5321,29.4346],[-89.5319,29.4257],[-89.5184,29.4002],[-89.5086,29.3862],[-89.505,29.386],[-89.4873,29.3933],[-89.4844,29.3975],[-89.4823,29.4062],[-89.4771,29.4112],[-89.4701,29.4015],[-89.4573,29.3931],[-89.4224,29.3906],[-89.38,29.3918],[-89.3731,29.3872],[-89.3555,29.3816],[-89.3403,29.3814],[-89.3366,29.3782],[-89.3476,29.365],[-89.3386,29.3554],[-89.3199,29.3627],[-89.3141,29.3815],[-89.3121,29.388],[-89.3067,29.3831],[-89.2725,29.3512],[-89.2653,29.3454],[-89.2579,29.3369],[-89.2535,29.3228],[-89.2409,29.3101],[-89.2242,29.3138],[-89.2234,29.3181],[-89.2197,29.3244],[-89.2047,29.3387],[-89.2004,29.3444],[-89.2006,29.3477],[-89.1894,29.3451],[-89.1795,29.3396],[-89.1774,29.3352],[-89.1782,29.327],[-89.165,29.303],[-89.1576,29.2967],[-89.1403,29.2911],[-89.1343,29.2793],[-89.137,29.2752],[-89.1297,29.2656],[-89.1151,29.2529],[-89.1167,29.2195],[-89.1127,29.2023],[-89.0913,29.1911],[-89.0664,29.1975],[-89.0571,29.2105],[-89.026,29.2152],[-89.0039,29.1799],[-89.0143,29.1669],[-89.0325,29.1807],[-89.0512,29.1705],[-89.0894,29.1664],[-89.1103,29.1527],[-89.097,29.1388],[-89.0395,29.1355],[-89.0666,29.0907],[-89.0859,29.1117],[-89.0987,29.1177],[-89.1063,29.1115],[-89.1108,29.0812],[-89.1165,29.0741],[-89.1308,29.0708],[-89.147,29.0517],[-89.1488,29.0297],[-89.1377,29.0189],[-89.1429,28.9916],[-89.2187,29.0225],[-89.2175,29.0557],[-89.226,29.0694],[-89.2517,29.0832],[-89.2594,29.0584],[-89.2931,29.0413],[-89.3644,28.9647],[-89.401,28.9338],[-89.4076,28.9324],[-89.4199,28.9297],[-89.393,28.9871],[-89.3621,29.0121],[-89.3438,29.0529],[-89.3297,29.056],[-89.31,29.071],[-89.3129,29.0874],[-89.3026,29.0978],[-89.3124,29.1175],[-89.2962,29.1264],[-89.2957,29.1337],[-89.2786,29.1376],[-89.2815,29.1599],[-89.2823,29.1814],[-89.295,29.1989],[-89.3186,29.2016],[-89.3285,29.1906],[-89.3257,29.1771],[-89.3319,29.1486],[-89.3506,29.1296],[-89.3905,29.1236],[-89.4094,29.1279],[-89.4177,29.1387],[-89.429,29.1445],[-89.4329,29.149],[-89.4475,29.1786],[-89.4558,29.191],[-89.4723,29.2076],[-89.4828,29.2151],[-89.5366,29.2362],[-89.5619,29.2419],[-89.6067,29.252],[-89.6083,29.2642],[-89.624,29.2692],[-89.6397,29.2905],[-89.6718,29.289],[-89.6819,29.2921],[-89.6973,29.2967],[-89.7262,29.304],[-89.7821,29.3111],[-89.8085,29.3138],[-89.8426,29.3188],[-89.8835,29.3071],[-89.9042,29.2947],[-89.9396,29.2734],[-89.9477,29.2713],[-89.9531,29.2564],[-90.022,29.2161],[-90.0585,29.1837],[-90.0898,29.1645],[-90.1228,29.1443],[-90.1706,29.1152],[-90.2236,29.0851],[-90.226,29.0858],[-90.232,29.0877],[-90.2459,29.0934],[-90.25,29.1081],[-90.2333,29.1107],[-90.2344,29.1288],[-90.2486,29.1384],[-90.2778,29.1428],[-90.2853,29.178],[-90.2635,29.1806],[-90.2592,29.1996],[-90.2728,29.199],[-90.3043,29.2662],[-90.3221,29.273],[-90.3443,29.2893],[-90.3492,29.3045],[-90.3769,29.2887],[-90.3726,29.2648],[-90.4033,29.2338],[-90.3998,29.2614],[-90.3972,29.2815],[-90.394,29.299],[-90.4026,29.3122],[-90.4197,29.3242],[-90.4323,29.3469],[-90.4474,29.3476],[-90.4582,29.3358],[-90.4516,29.3215],[-90.4695,29.2982],[-90.4791,29.2922],[-90.4964,29.2955],[-90.5133,29.302],[-90.5273,29.3041],[-90.5543,29.2852],[-90.5662,29.3039],[-90.5796,29.3117],[-90.5976,29.3033],[-90.6001,29.2886],[-90.5879,29.2713],[-90.5897,29.2533],[-90.5674,29.2386],[-90.5618,29.235],[-90.5749,29.2274],[-90.5976,29.2355],[-90.6053,29.2383],[-90.6124,29.2326],[-90.6061,29.2244],[-90.6118,29.2148],[-90.6325,29.2144],[-90.6432,29.1927],[-90.6468,29.1687],[-90.6759,29.1741],[-90.685,29.1656],[-90.6814,29.156],[-90.6943,29.1251],[-90.7114,29.1164],[-90.7232,29.136],[-90.7358,29.1346],[-90.7448,29.1176],[-90.7667,29.1135],[-90.7725,29.1032],[-90.788,29.1076],[-90.7984,29.096],[-90.8059,29.0645],[-90.8083,29.0565],[-90.8125,29.0421],[-90.8406,29.0463],[-90.8679,29.0561],[-90.8648,29.0595],[-90.861,29.0638],[-90.8593,29.0656],[-90.8515,29.0743],[-90.86,29.095],[-90.8776,29.1049],[-90.8854,29.117],[-90.8982,29.1313],[-90.9258,29.1531],[-90.9419,29.1624],[-90.9481,29.1741],[-90.9584,29.1794],[-90.9613,29.1808],[-90.9815,29.1712],[-91.0001,29.1695],[-91.024,29.1748],[-91.0318,29.1822],[-91.0586,29.1817],[-91.094,29.1877],[-91.1148,29.2079],[-91.1291,29.2159],[-91.1996,29.2213],[-91.219,29.2261],[-91.2788,29.2478],[-91.3027,29.266],[-91.3349,29.2988],[-91.3327,29.3058],[-91.3093,29.3057],[-91.2918,29.3114],[-91.2766,29.3298],[-91.2743,29.3449],[-91.2655,29.361],[-91.237,29.3713],[-91.2382,29.3506],[-91.2222,29.326],[-91.1958,29.3055],[-91.1717,29.3251],[-91.1621,29.3182],[-91.1694,29.3039],[-91.168,29.2882],[-91.1724,29.2666],[-91.1545,29.255],[-91.1364,29.2502],[-91.1217,29.2514],[-91.1194,29.2665],[-91.1281,29.2735],[-91.1321,29.2858],[-91.1202,29.3005],[-91.1237,29.32],[-91.1331,29.3411],[-91.1505,29.3449],[-91.1497,29.3535],[-91.1928,29.3711],[-91.2001,29.3896],[-91.2178,29.3964],[-91.2202,29.4047],[-91.2146,29.4158],[-91.212,29.4209],[-91.2174,29.4325],[-91.2369,29.4379],[-91.2383,29.4379],[-91.2572,29.438],[-91.2761,29.4093],[-91.2874,29.4031],[-91.3019,29.4131],[-91.3099,29.4005],[-91.3341,29.3915],[-91.3296,29.4266],[-91.364,29.4207],[-91.3643,29.4354],[-91.3475,29.4444],[-91.3531,29.4547],[-91.3331,29.463],[-91.3204,29.4783],[-91.3335,29.4849],[-91.3405,29.4885],[-91.3576,29.513],[-91.3644,29.5128],[-91.3794,29.5124],[-91.3943,29.4971],[-91.4173,29.4851],[-91.4349,29.4824],[-91.461,29.47],[-91.4856,29.4991],[-91.4864,29.5217],[-91.4961,29.5389],[-91.5173,29.5297],[-91.531,29.5315],[-91.5315,29.5354],[-91.5258,29.5459],[-91.5255,29.5519],[-91.5292,29.5586],[-91.5374,29.5659],[-91.542,29.5944],[-91.5535,29.6328],[-91.5609,29.6373],[-91.5706,29.6383],[-91.5818,29.6372],[-91.6002,29.6312],[-91.6251,29.6262],[-91.6438,29.6306],[-91.6489,29.6336],[-91.6487,29.6367],[-91.6465,29.6394],[-91.6432,29.6403],[-91.6373,29.6472],[-91.6273,29.6621],[-91.6251,29.6717],[-91.6268,29.6848],[-91.6238,29.6992],[-91.6185,29.7108],[-91.6181,29.7207],[-91.6215,29.7354],[-91.6241,29.7371],[-91.6328,29.7426],[-91.6671,29.7458],[-91.7109,29.739],[-91.7373,29.7494],[-91.7523,29.7483],[-91.7837,29.7407],[-91.8305,29.7189],[-91.854,29.7076],[-91.881,29.7133],[-91.8592,29.7278],[-91.8586,29.7361],[-91.858,29.7441],[-91.8729,29.7479],[-91.8792,29.7566],[-91.8612,29.7732],[-91.8517,29.7918],[-91.8431,29.7793],[-91.8288,29.7779],[-91.8248,29.7893],[-91.8249,29.8085],[-91.8308,29.8293],[-91.8595,29.8261],[-91.8891,29.836],[-91.901,29.8334],[-91.9152,29.8194],[-91.9375,29.8168],[-91.971,29.8343],[-91.9721,29.8334],[-91.9828,29.8254],[-91.982,29.812],[-91.9782,29.7999],[-92.0054,29.7909],[-92.0629,29.7692],[-92.1159,29.7395],[-92.1236,29.7535],[-92.1365,29.7673],[-92.1498,29.763],[-92.1749,29.7595],[-92.1711,29.7398],[-92.1999,29.7532],[-92.2082,29.7442],[-92.2001,29.7257],[-92.1691,29.7002],[-92.1487,29.6952],[-92.1179,29.6985],[-92.1032,29.6931],[-92.1366,29.6675],[-92.1264,29.6431],[-92.1082,29.6137],[-92.0915,29.6198],[-92.0589,29.6223],[-92.0346,29.6315],[-92.0169,29.6158],[-92.0488,29.6145],[-92.0653,29.6039],[-92.0484,29.5925],[-92.0419,29.5868],[-92.0645,29.5857],[-92.1059,29.5863],[-92.1586,29.5816],[-92.2126,29.5625],[-92.2519,29.5394],[-92.2804,29.5334],[-92.3235,29.5315],[-92.3647,29.5395],[-92.3833,29.5428],[-92.4028,29.5462],[-92.4099,29.5475],[-92.4736,29.5611],[-92.5369,29.5738],[-92.568,29.5774],[-92.6151,29.5856],[-92.6161,29.5858],[-92.655,29.5961],[-92.7413,29.6221],[-92.7865,29.6411],[-92.88,29.6803],[-92.9475,29.7088],[-92.9931,29.7238],[-93.0312,29.7363],[-93.0882,29.7491],[-93.1769,29.7705],[-93.2269,29.7775],[-93.2286,29.7775],[-93.2675,29.7781],[-93.2956,29.7751],[-93.3464,29.7626],[-93.3806,29.7656],[-93.439,29.7689],[-93.4753,29.7692],[-93.5385,29.7633],[-93.5908,29.7556],[-93.6353,29.7528],[-93.6836,29.7472],[-93.7419,29.7363],[-93.766,29.7295],[-93.7993,29.7153],[-93.819,29.7041],[-93.828,29.6977],[-93.838,29.6906],[-93.8406,29.6858],[-93.8377,29.679],[-93.8613,29.679],[-93.8895,29.6806],[-93.9316,29.6828],[-94.0014,29.6815],[-94.0565,29.6712],[-94.0958,29.6605],[-94.1337,29.6473],[-94.3541,29.5629],[-94.3708,29.5564],[-94.4998,29.507],[-94.5949,29.4679],[-94.6311,29.4515],[-94.6704,29.4308],[-94.6942,29.4156],[-94.7085,29.403],[-94.724,29.3833],[-94.731,29.3691],[-94.7448,29.3692],[-94.7615,29.3619],[-94.7787,29.3615],[-94.7824,29.3643],[-94.7831,29.3756],[-94.7668,29.3935],[-94.7541,29.401],[-94.7238,29.4265],[-94.7064,29.4368],[-94.6864,29.4665],[-94.6815,29.4714],[-94.6724,29.4768],[-94.6659,29.4784],[-94.6567,29.478],[-94.6459,29.4738],[-94.6282,29.476],[-94.6086,29.4833],[-94.5942,29.4921],[-94.5944,29.5058],[-94.5793,29.5234],[-94.5657,29.5301],[-94.5551,29.5282],[-94.546,29.5225],[-94.5271,29.5131],[-94.488,29.529],[-94.4663,29.5523],[-94.4705,29.557],[-94.4735,29.5603],[-94.4948,29.553],[-94.4995,29.5452],[-94.5128,29.543],[-94.521,29.5446],[-94.5256,29.5535],[-94.5444,29.5724],[-94.5572,29.5755],[-94.5702,29.5733],[-94.5936,29.5627],[-94.617,29.5555],[-94.6603,29.5474],[-94.668,29.5441],[-94.6858,29.5395],[-94.705,29.5388],[-94.7577,29.5246],[-94.7687,29.5257],[-94.7809,29.5311],[-94.7906,29.5484],[-94.7794,29.5495],[-94.7711,29.5484],[-94.7552,29.5628],[-94.7346,29.584],[-94.707,29.6252],[-94.6909,29.6901],[-94.694,29.7293],[-94.6896,29.7533],[-94.6946,29.7562],[-94.7218,29.7719],[-94.7209,29.7827],[-94.7388,29.7921],[-94.7565,29.7814],[-94.7974,29.7667],[-94.8161,29.7567],[-94.8511,29.7214],[-94.865,29.6953],[-94.8674,29.6788],[-94.8726,29.6713],[-94.8931,29.6613],[-94.9154,29.6566],[-94.9213,29.6582],[-94.9312,29.6739],[-94.9342,29.6787],[-94.9361,29.6927],[-94.9427,29.6978],[-94.9568,29.6994],[-94.9619,29.6967],[-94.9631,29.6907],[-94.961,29.681],[-94.9571,29.6634],[-94.9627,29.6597],[-94.9714,29.6614],[-94.9784,29.677],[-94.9793,29.6791],[-94.9802,29.6792],[-94.986,29.6796],[-94.9883,29.6775],[-95.002,29.6648],[-95.0083,29.6552],[-95.0142,29.6425],[-95.0156,29.6395],[-95.0135,29.6292],[-95.0099,29.6247],[-95.0087,29.6233],[-94.9954,29.6137],[-94.9928,29.6119],[-94.9841,29.6018],[-94.9891,29.5951],[-95.0029,29.5818],[-95.0114,29.5705],[-95.0166,29.5585],[-95.0183,29.5549],[-95.0182,29.5546],[-95.0152,29.54],[-94.9996,29.5211],[-94.9906,29.516],[-94.9819,29.5111],[-94.9745,29.5092],[-94.9593,29.5052],[-94.9584,29.505],[-94.9095,29.4968],[-94.9136,29.4876],[-94.9234,29.4769],[-94.9352,29.4812],[-94.9495,29.4756],[-94.9514,29.4672],[-94.9516,29.4665],[-94.919,29.4453],[-94.9186,29.445],[-94.9178,29.4446],[-94.8921,29.4334],[-94.8902,29.4219],[-94.8891,29.415],[-94.8887,29.4074],[-94.888,29.3937],[-94.8875,29.3844],[-94.8865,29.3664],[-94.8942,29.338],[-94.894,29.3082],[-94.8987,29.3036],[-94.9041,29.2984],[-94.9216,29.2816],[-94.9278,29.2833],[-94.9517,29.2899],[-94.9525,29.2901],[-94.9832,29.2636],[-95.0225,29.2297],[-95.0587,29.2032],[-95.0991,29.1735],[-95.1128,29.1957],[-95.138,29.1948],[-95.1585,29.1891],[-95.1552,29.1515],[-95.1571,29.1468],[-95.1628,29.1333],[-95.1652,29.1136],[-95.1448,29.0908],[-95.1056,29.123],[-95.0986,29.1288],[-95.0039,29.1845],[-94.992,29.2005],[-94.9915,29.2011],[-94.9519,29.2311],[-94.8856,29.281],[-94.8792,29.2858],[-94.8733,29.2893],[-94.8651,29.294],[-94.8497,29.2973],[-94.825,29.306],[-94.8225,29.3219],[-94.8223,29.3443],[-94.8107,29.3534],[-94.7849,29.3355],[-94.78,29.3349],[-94.7771,29.3368],[-94.7727,29.3366],[-94.7391,29.335],[-94.7344,29.3321],[-94.7348,29.326],[-94.7697,29.3049],[-94.7861,29.2907],[-94.8037,29.2792],[-94.8191,29.2701],[-94.822,29.2684],[-94.8444,29.2553],[-94.8687,29.2409],[-94.9475,29.1945],[-94.9819,29.1742],[-95.0262,29.1481],[-95.0818,29.1112],[-95.1105,29.0882],[-95.1145,29.0835],[-95.1225,29.074],[-95.1251,29.0673],[-95.1914,29.0231],[-95.2389,28.9886],[-95.2723,28.9615],[-95.2966,28.9347],[-95.2971,28.9341],[-95.2974,28.934],[-95.3047,28.9306],[-95.3097,28.9283],[-95.3535,28.8981],[-95.377,28.8762],[-95.3824,28.8663],[-95.4162,28.8595],[-95.4367,28.8591],[-95.4396,28.859],[-95.4868,28.8363],[-95.5073,28.8256],[-95.5888,28.7832],[-95.6595,28.7511],[-95.6841,28.734],[-95.697,28.7271],[-95.8125,28.6649],[-95.884,28.6331],[-96.0007,28.5882],[-96.0242,28.5786],[-96.0779,28.5566],[-96.1944,28.5022],[-96.203,28.4988],[-96.2204,28.492],[-96.2448,28.4751],[-96.2704,28.4619],[-96.3032,28.4419],[-96.3216,28.4251],[-96.3288,28.4237],[-96.3416,28.4173],[-96.3784,28.3906],[-96.3904,28.3818],[-96.4005,28.3571],[-96.4428,28.3177],[-96.4863,28.2985],[-96.632,28.2228],[-96.7196,28.1646],[-96.7922,28.1105],[-96.8521,28.0598],[-96.8865,28.0307],[-96.9476,27.9709],[-97.0033,27.9083],[-97.0167,27.8845],[-97.0398,27.8434],[-97.0437,27.8365],[-97.0448,27.8345],[-97.0573,27.8213],[-97.0844,27.7926],[-97.0907,27.7859],[-97.1409,27.7167],[-97.2127,27.5964],[-97.223,27.5766],[-97.2573,27.5106],[-97.2961,27.4272],[-97.3361,27.3178],[-97.3469,27.278],[-97.3585,27.2348],[-97.3717,27.153],[-97.3738,27.1253],[-97.3753,27.106],[-97.3787,27.06],[-97.3769,26.9715],[-97.3669,26.8856],[-97.3482,26.7959],[-97.3227,26.7017],[-97.2962,26.6178],[-97.2897,26.6003],[-97.2538,26.5032],[-97.2251,26.4112],[-97.2216,26.3998],[-97.1969,26.3059],[-97.1712,26.1622],[-97.1588,26.0827],[-97.1693,26.0777],[-97.1831,26.1233],[-97.2014,26.2497],[-97.2251,26.3445],[-97.2446,26.4112],[-97.2525,26.4382],[-97.2861,26.5372],[-97.3103,26.5633],[-97.3059,26.5796],[-97.3149,26.6003],[-97.3368,26.6508],[-97.357,26.7254],[-97.3891,26.8005],[-97.401,26.8917],[-97.3974,27.0103],[-97.3998,27.1151],[-97.3881,27.2064],[-97.3775,27.278],[-97.3772,27.28],[-97.3615,27.352],[-97.3304,27.4345],[-97.3043,27.5073],[-97.2683,27.576],[-97.2622,27.5876],[-97.2547,27.6006],[-97.2359,27.6332],[-97.2352,27.6345],[-97.187,27.6943],[-97.1512,27.7686],[-97.1209,27.7987],[-97.1313,27.8227],[-97.1299,27.8395],[-97.1028,27.8791],[-97.0825,27.9132],[-97.0567,27.9261],[-97.0172,27.9457],[-96.9844,27.9844],[-96.9707,28.0125],[-96.9546,28.036],[-96.9337,28.056],[-96.9283,28.0823],[-96.9199,28.0935],[-96.8883,28.1039],[-96.8873,28.1163],[-96.8799,28.1288],[-96.8543,28.1201],[-96.8249,28.1396],[-96.8193,28.1433],[-96.8213,28.1684],[-96.7906,28.1889],[-96.7347,28.1908],[-96.7028,28.2146],[-96.655,28.2464],[-96.6265,28.2691],[-96.6094,28.2811],[-96.599,28.2933],[-96.5756,28.3008],[-96.5538,28.3027],[-96.5415,28.3164],[-96.5252,28.323],[-96.4825,28.3301],[-96.4503,28.3378],[-96.4406,28.343],[-96.4337,28.3637],[-96.4449,28.3703],[-96.4528,28.3802],[-96.4502,28.3885],[-96.4206,28.4044],[-96.42,28.4169],[-96.4529,28.4187],[-96.5115,28.3833],[-96.542,28.3719],[-96.5814,28.3533],[-96.6206,28.3191],[-96.6324,28.3187],[-96.6652,28.3096],[-96.6844,28.3145],[-96.6879,28.3281],[-96.7052,28.3488],[-96.7002,28.3697],[-96.7058,28.4002],[-96.7103,28.4068],[-96.7225,28.4089],[-96.749,28.4089],[-96.7622,28.4119],[-96.767,28.4107],[-96.7684,28.4104],[-96.776,28.4058],[-96.7902,28.3839],[-96.7948,28.3646],[-96.7943,28.3493],[-96.7907,28.3239],[-96.7912,28.3191],[-96.7918,28.3122],[-96.806,28.2969],[-96.8096,28.2903],[-96.806,28.2821],[-96.7993,28.2727],[-96.7872,28.2557],[-96.7872,28.2501],[-96.8004,28.2241],[-96.81,28.2171],[-96.8421,28.1936],[-96.8727,28.1763],[-96.8981,28.1529],[-96.9103,28.1473],[-96.9348,28.1239],[-96.9628,28.1234],[-97.0004,28.1376],[-97.0075,28.1361],[-97.027,28.1484],[-97.0213,28.1841],[-97.0278,28.1847],[-97.037,28.1855],[-97.147,28.1417],[-97.2177,28.0862],[-97.2173,28.0759],[-97.2172,28.0735],[-97.1798,28.0588],[-97.18,28.0496],[-97.1607,28.0437],[-97.1535,28.0319],[-97.1372,28.0281],[-97.1285,28.0384],[-97.132,28.0496],[-97.1123,28.0595],[-97.1116,28.0638],[-97.1106,28.0693],[-97.0998,28.0781],[-97.0854,28.0795],[-97.0624,28.0888],[-97.0535,28.0924],[-97.047,28.1159],[-97.0278,28.1119],[-97.0249,28.1073],[-97.0268,28.1015],[-97.0355,28.0847],[-97.0367,28.0734],[-97.0315,28.0538],[-97.0315,28.0536],[-97.0259,28.0419],[-97.0309,28.0333],[-97.0406,28.0287],[-97.0488,28.0221],[-97.0503,28.0191],[-97.0563,28.0072],[-97.062,27.9961],[-97.0757,27.987],[-97.1018,27.9508],[-97.1215,27.9234],[-97.1292,27.9198],[-97.1348,27.9025],[-97.1358,27.8994],[-97.1444,27.8944],[-97.1477,27.8901],[-97.1551,27.8806],[-97.1567,27.878],[-97.1846,27.8313],[-97.1872,27.8241],[-97.1969,27.8221],[-97.2096,27.8221],[-97.2208,27.8241],[-97.2252,27.8257],[-97.2259,27.8302],[-97.2203,27.8378],[-97.2348,27.8512],[-97.2393,27.8597],[-97.2444,27.8691],[-97.2508,27.876],[-97.263,27.8801],[-97.2737,27.8816],[-97.2919,27.8786],[-97.2951,27.8781],[-97.3015,27.8759],[-97.3251,27.8679],[-97.3302,27.8729],[-97.341,27.8833],[-97.364,27.8781],[-97.378,27.8749],[-97.4543,27.8738],[-97.4932,27.8841],[-97.509,27.8738],[-97.5147,27.8701],[-97.5151,27.8512],[-97.5043,27.8444],[-97.4721,27.8242],[-97.4192,27.823],[-97.379,27.8379],[-97.3918,27.8139],[-97.3918,27.8131],[-97.3931,27.7868],[-97.3933,27.7829],[-97.3894,27.7739],[-97.3862,27.7666],[-97.3852,27.7652],[-97.3756,27.7519],[-97.3684,27.7417],[-97.3525,27.7296],[-97.347,27.7254],[-97.3339,27.7199],[-97.3164,27.7127],[-97.3119,27.7115],[-97.254,27.6967],[-97.26,27.6796],[-97.2623,27.6792],[-97.2661,27.6786],[-97.273,27.6638],[-97.2826,27.6435],[-97.2966,27.6139],[-97.2978,27.6085],[-97.2986,27.6048],[-97.2976,27.5987],[-97.2941,27.5941],[-97.3022,27.586],[-97.3215,27.5712],[-97.3251,27.5609],[-97.3368,27.5274],[-97.3434,27.5178],[-97.3475,27.503],[-97.3505,27.4786],[-97.3592,27.4582],[-97.3658,27.4506],[-97.3719,27.4251],[-97.3699,27.4124],[-97.3729,27.4012],[-97.3796,27.39],[-97.3994,27.3447],[-97.4019,27.3356],[-97.405,27.33],[-97.4131,27.3213],[-97.4203,27.3173],[-97.4304,27.3137],[-97.4508,27.3137],[-97.4829,27.2979],[-97.5083,27.275],[-97.5322,27.2786],[-97.5444,27.2842],[-97.547,27.2908],[-97.5368,27.2893],[-97.5266,27.2918],[-97.5246,27.2979],[-97.5175,27.305],[-97.5047,27.305],[-97.4981,27.3086],[-97.5027,27.3223],[-97.4991,27.3279],[-97.4839,27.3386],[-97.4839,27.3514],[-97.4869,27.359],[-97.5017,27.3666],[-97.5144,27.3615],[-97.5205,27.3529],[-97.5383,27.3356],[-97.5709,27.3157],[-97.5841,27.3096],[-97.6091,27.2852],[-97.6218,27.2872],[-97.6315,27.2862],[-97.6365,27.2821],[-97.6367,27.2817],[-97.6401,27.2709],[-97.6391,27.2531],[-97.635,27.247],[-97.6289,27.243],[-97.5974,27.2424],[-97.5826,27.2404],[-97.574,27.2389],[-97.5612,27.2328],[-97.5429,27.2292],[-97.52,27.2312],[-97.5098,27.2353],[-97.5032,27.2399],[-97.5002,27.2445],[-97.4851,27.2508],[-97.4671,27.2536],[-97.4584,27.2595],[-97.4503,27.2625],[-97.4241,27.2641],[-97.4223,27.2577],[-97.4348,27.2022],[-97.4416,27.1638],[-97.431,27.1609],[-97.4394,27.0765],[-97.4441,26.9872],[-97.4532,26.9105],[-97.4603,26.8473],[-97.4665,26.8097],[-97.4786,26.8067],[-97.4717,26.7587],[-97.4686,26.7409],[-97.4673,26.7101],[-97.4449,26.6335],[-97.4457,26.6094],[-97.4412,26.5999],[-97.4282,26.5725],[-97.417,26.5536],[-97.4192,26.5272],[-97.4068,26.4995],[-97.4112,26.4745],[-97.3697,26.4579],[-97.3496,26.411],[-97.3303,26.3659],[-97.297,26.2961],[-97.2877,26.2758],[-97.2924,26.2627],[-97.2938,26.259],[-97.311,26.2359],[-97.3113,26.2132],[-97.2988,26.2012],[-97.2961,26.1824],[-97.3075,26.1573],[-97.291,26.1333],[-97.3046,26.1207],[-97.2829,26.0957],[-97.2798,26.0921],[-97.2709,26.0865],[-97.2515,26.0815],[-97.247,26.0804],[-97.2295,26.08],[-97.208,26.0796],[-97.1997,26.077],[-97.1991,26.0729],[-97.1965,26.0534],[-97.1907,26.0517],[-97.1867,26.0506],[-97.165,26.0639],[-97.152,26.0621],[-97.1532,26.0389],[-97.1519,26.0177],[-97.1456,25.9711],[-97.1469,25.9698],[-97.1463,25.9556],[-97.1478,25.9531],[-97.1566,25.949],[-97.1603,25.9502],[-97.1682,25.9593],[-97.1784,25.9621],[-97.1876,25.9582],[-97.2069,25.9609],[-97.2292,25.9588],[-97.2399,25.955],[-97.248,25.9481],[-97.2767,25.9521],[-97.2814,25.948],[-97.2772,25.9354],[-97.3036,25.9367],[-97.3206,25.9298],[-97.3249,25.924],[-97.3383,25.9231],[-97.3415,25.9237],[-97.3504,25.9252],[-97.3676,25.9157],[-97.3744,25.9074],[-97.3724,25.905],[-97.366,25.9024],[-97.3655,25.8905],[-97.3601,25.8689],[-97.3654,25.8498],[-97.3729,25.8401],[-97.3945,25.8374],[-97.4226,25.8404],[-97.4451,25.85],[-97.4483,25.8595],[-97.4492,25.8717],[-97.4516,25.875],[-97.4547,25.8793],[-97.4683,25.8842],[-97.4861,25.8788],[-97.4908,25.8793],[-97.4969,25.8801],[-97.507,25.8827],[-97.5218,25.8865],[-97.5286,25.9052],[-97.5303,25.9168],[-97.543,25.92],[-97.5452,25.924],[-97.5459,25.9295],[-97.5464,25.9341],[-97.5478,25.9345],[-97.5554,25.9371],[-97.5594,25.9323],[-97.5665,25.934],[-97.5691,25.9346],[-97.5826,25.9379],[-97.5804,25.9451],[-97.583,25.9554],[-97.598,25.9576],[-97.6077,25.9727],[-97.6083,25.9766],[-97.6145,25.9832],[-97.6272,25.9967],[-97.6348,25.9995],[-97.644,26.0066],[-97.6437,26.0169],[-97.6492,26.0215],[-97.6613,26.0194],[-97.6683,26.02],[-97.6714,26.0242],[-97.6971,26.0235],[-97.7032,26.0303],[-97.7111,26.033],[-97.7199,26.0308],[-97.7588,26.0321],[-97.7631,26.0336],[-97.7649,26.0379],[-97.7683,26.0403],[-97.7701,26.0415],[-97.7792,26.0428],[-97.7841,26.0406],[-97.7898,26.0425],[-97.7923,26.0443],[-97.7945,26.0525],[-97.7953,26.0552],[-97.8013,26.06],[-97.8255,26.0557],[-97.8366,26.0517],[-97.8605,26.0529],[-97.8683,26.0567],[-97.8712,26.0581],[-97.877,26.0645],[-97.8865,26.0663],[-97.9139,26.0565],[-97.9354,26.0527],[-97.9443,26.0596],[-97.9501,26.0618],[-97.9674,26.0517],[-97.9788,26.0597],[-97.9813,26.0672],[-98.011,26.0639],[-98.0288,26.0665],[-98.0331,26.061],[-98.0344,26.0514],[-98.0392,26.0413],[-98.07,26.048],[-98.07,26.0515],[-98.0761,26.0669],[-98.0765,26.068],[-98.0805,26.0709],[-98.0848,26.0708],[-98.0858,26.0692],[-98.0816,26.0661],[-98.0819,26.0637],[-98.091,26.0592],[-98.0944,26.0586],[-98.0976,26.0603],[-98.1055,26.0675],[-98.1283,26.0619],[-98.1466,26.0494],[-98.1495,26.0516],[-98.1495,26.0558],[-98.1517,26.0582],[-98.1688,26.0689],[-98.1779,26.0747],[-98.1891,26.0633],[-98.1915,26.0571],[-98.197,26.0562],[-98.2009,26.0592],[-98.205,26.0664],[-98.2053,26.0666],[-98.2207,26.0765],[-98.2301,26.0772],[-98.2488,26.0731],[-98.2645,26.0855],[-98.2724,26.0937],[-98.2772,26.0988],[-98.2729,26.1063],[-98.27,26.1071],[-98.2697,26.1082],[-98.2657,26.1204],[-98.2962,26.1203],[-98.2995,26.1175],[-98.303,26.11],[-98.3081,26.1128],[-98.3238,26.1212],[-98.3352,26.1376],[-98.3384,26.1513],[-98.3333,26.1588],[-98.3332,26.1623],[-98.3368,26.1664],[-98.3458,26.166],[-98.3546,26.153],[-98.3865,26.1578],[-98.3867,26.1579],[-98.4044,26.1826],[-98.4181,26.1846],[-98.4425,26.1992],[-98.4444,26.2014],[-98.4437,26.2133],[-98.451,26.2199],[-98.4651,26.2223],[-98.4816,26.2193],[-98.4833,26.2164],[-98.4967,26.2129],[-98.5006,26.2138],[-98.5035,26.2148],[-98.5093,26.2228],[-98.5166,26.2236],[-98.5266,26.2216],[-98.5352,26.2257],[-98.538,26.2313],[-98.5439,26.2345],[-98.5616,26.2308],[-98.5762,26.2352],[-98.5818,26.243],[-98.5852,26.2544],[-98.5871,26.2549],[-98.5992,26.2576],[-98.6135,26.252],[-98.6267,26.2522],[-98.6342,26.2426],[-98.6542,26.236],[-98.6694,26.2363],[-98.6752,26.24],[-98.679,26.2456],[-98.6778,26.2556],[-98.6812,26.2627],[-98.6872,26.2651],[-98.6989,26.2656],[-98.7075,26.2722],[-98.7106,26.279],[-98.7092,26.2842],[-98.7103,26.2872],[-98.7112,26.2897],[-98.7292,26.299],[-98.7346,26.299],[-98.7453,26.3031],[-98.7456,26.3172],[-98.7491,26.3217],[-98.7509,26.3227],[-98.7552,26.3251],[-98.7698,26.326],[-98.7799,26.3265],[-98.7898,26.3316],[-98.7963,26.3491],[-98.7976,26.3567],[-98.798,26.3591],[-98.7982,26.3602],[-98.8073,26.3694],[-98.8246,26.3707],[-98.8329,26.3633],[-98.8441,26.3586],[-98.8477,26.3596],[-98.8533,26.3649],[-98.8534,26.365],[-98.8614,26.366],[-98.891,26.3576],[-98.9056,26.364],[-98.9068,26.3654],[-98.9213,26.3814],[-98.9249,26.382],[-98.9376,26.3761],[-98.942,26.3755],[-98.9502,26.3803],[-98.9583,26.3941],[-98.9676,26.3983],[-98.9824,26.3964],[-98.9856,26.396],[-98.9903,26.3955],[-99.008,26.3955],[-99.0147,26.3988],[-99.0189,26.404],[-99.0219,26.4079],[-99.0323,26.4121],[-99.0325,26.4121],[-99.0391,26.4129],[-99.0455,26.4098],[-99.0532,26.402],[-99.0621,26.3974],[-99.082,26.3965],[-99.0851,26.3988],[-99.0894,26.4081],[-99.1109,26.4263],[-99.1138,26.434],[-99.1031,26.4415],[-99.0916,26.477],[-99.105,26.5003],[-99.1278,26.5252],[-99.1437,26.5279],[-99.1667,26.5361],[-99.1707,26.5403],[-99.1714,26.5498],[-99.1674,26.56],[-99.1695,26.5717],[-99.1781,26.6205],[-99.2005,26.6564],[-99.2099,26.6939],[-99.2089,26.7248],[-99.24,26.7459],[-99.2424,26.7883],[-99.2431,26.7892],[-99.2622,26.8157],[-99.2686,26.8432],[-99.2748,26.851],[-99.2805,26.8581],[-99.2951,26.8654],[-99.3168,26.8658],[-99.3235,26.8736],[-99.3289,26.8798],[-99.3218,26.9068],[-99.3247,26.916],[-99.3373,26.9228],[-99.3611,26.9289],[-99.3671,26.929],[-99.3791,26.9345],[-99.3883,26.9442],[-99.3937,26.9607],[-99.3902,26.9663],[-99.3773,26.9738],[-99.3766,26.9777],[-99.3784,26.98],[-99.3874,26.9824],[-99.4037,26.9974],[-99.4073,27.0058],[-99.4155,27.0172],[-99.4204,27.0166],[-99.4294,27.0108],[-99.4322,27.0107],[-99.4387,27.0146],[-99.4465,27.023],[-99.447,27.026],[-99.4441,27.0313],[-99.444,27.0365],[-99.4523,27.0627],[-99.4503,27.0677],[-99.4345,27.0785],[-99.4292,27.091],[-99.4303,27.0949],[-99.4376,27.1004],[-99.4421,27.1068],[-99.4411,27.11],[-99.4334,27.1192],[-99.4306,27.1266],[-99.4314,27.1376],[-99.4383,27.1448],[-99.44,27.1511],[-99.438,27.1541],[-99.43,27.1591],[-99.4263,27.1763],[-99.4328,27.2097],[-99.4419,27.218],[-99.4452,27.2233],[-99.4414,27.2368],[-99.4415,27.2499],[-99.4524,27.264],[-99.4539,27.2647],[-99.4633,27.2684],[-99.4807,27.26],[-99.4879,27.2607],[-99.4924,27.2641],[-99.4966,27.2717],[-99.4875,27.2902],[-99.4879,27.2949],[-99.4946,27.3035],[-99.502,27.3061],[-99.5115,27.3041],[-99.5237,27.3041],[-99.5297,27.3061],[-99.5364,27.3125],[-99.5378,27.3161],[-99.5314,27.3238],[-99.5213,27.3248],[-99.5079,27.3357],[-99.5048,27.3383],[-99.5078,27.3486],[-99.5078,27.3542],[-99.5021,27.3665],[-99.4991,27.3731],[-99.4921,27.3805],[-99.4879,27.4099],[-99.4875,27.4124],[-99.4957,27.4389],[-99.4956,27.4417],[-99.4952,27.4497],[-99.4951,27.4515],[-99.4857,27.4647],[-99.4838,27.4673],[-99.481,27.4791],[-99.4804,27.4816],[-99.4802,27.4858],[-99.4835,27.4911],[-99.4946,27.4985],[-99.4975,27.5005],[-99.5028,27.5002],[-99.5133,27.4995],[-99.5193,27.4969],[-99.5258,27.4967],[-99.5283,27.4989],[-99.5258,27.5164],[-99.5239,27.5303],[-99.5224,27.5408],[-99.5219,27.5441],[-99.5188,27.5532],[-99.5143,27.557],[-99.5111,27.5645],[-99.5122,27.5681],[-99.516,27.5721],[-99.5284,27.5792],[-99.5301,27.5802],[-99.5325,27.5859],[-99.5372,27.5972],[-99.5397,27.6033],[-99.5549,27.6145],[-99.5568,27.6143],[-99.5595,27.6091],[-99.5629,27.6073],[-99.58,27.6023],[-99.5848,27.6039],[-99.5851,27.6064],[-99.5782,27.6104],[-99.5781,27.6192],[-99.5848,27.622],[-99.5914,27.6275],[-99.594,27.6386],[-99.5962,27.6399],[-99.6021,27.6416],[-99.6035,27.642],[-99.6245,27.6345],[-99.6253,27.6311],[-99.6389,27.6268],[-99.6543,27.6296],[-99.6659,27.636],[-99.6654,27.6403],[-99.6595,27.6452],[-99.6583,27.6502],[-99.6618,27.6558],[-99.6689,27.66],[-99.6858,27.661],[-99.6994,27.6554],[-99.7046,27.655],[-99.7115,27.6584],[-99.7215,27.6662],[-99.7237,27.6733],[-99.7324,27.6854],[-99.7575,27.7119],[-99.7585,27.7171],[-99.7707,27.7321],[-99.7749,27.7335],[-99.7854,27.7304],[-99.7888,27.7307],[-99.7963,27.7356],[-99.8017,27.7418],[-99.8057,27.7587],[-99.8131,27.774],[-99.8191,27.776],[-99.8222,27.7669],[-99.8258,27.7644],[-99.8351,27.7629],[-99.8417,27.7665],[-99.8447,27.7788],[-99.8509,27.794],[-99.8701,27.7946],[-99.8777,27.7994],[-99.8778,27.8244],[-99.876,27.838],[-99.8772,27.8422],[-99.882,27.8504],[-99.8937,27.8562],[-99.9015,27.8642],[-99.9044,27.8753],[-99.9012,27.8844],[-99.8941,27.893],[-99.8935,27.8992],[-99.8958,27.9042],[-99.9001,27.9121],[-99.9175,27.918],[-99.9371,27.9405],[-99.9385,27.9541],[-99.9322,27.9677],[-99.9318,27.981],[-99.9628,27.9835],[-99.9849,27.9907],[-99.9914,27.9946],[-100.0086,28.024],[-100.0128,28.0372],[-100.0179,28.0648],[-100.0287,28.0731],[-100.0461,28.0791],[-100.0531,28.0847],[-100.057,28.0942],[-100.0556,28.1011],[-100.0565,28.1042],[-100.0677,28.1136],[-100.0755,28.1249],[-100.0834,28.144],[-100.0903,28.1483],[-100.1196,28.1556],[-100.1411,28.1681],[-100.1606,28.1682],[-100.1684,28.1715],[-100.1744,28.1794],[-100.1857,28.1858],[-100.1965,28.1902],[-100.2081,28.1904],[-100.2121,28.1965],[-100.2121,28.1968],[-100.2134,28.2104],[-100.2176,28.2269],[-100.2203,28.2322],[-100.2236,28.2352],[-100.2276,28.2359],[-100.2462,28.2341],[-100.2516,28.2362],[-100.2676,28.2503],[-100.2805,28.268],[-100.2894,28.2735],[-100.2935,28.2785],[-100.2943,28.2844],[-100.2876,28.3011],[-100.2865,28.3123],[-100.2886,28.317],[-100.3142,28.3459],[-100.3172,28.3574],[-100.3204,28.3621],[-100.3419,28.385],[-100.3444,28.3897],[-100.3496,28.4026],[-100.3439,28.4101],[-100.3371,28.4272],[-100.3362,28.4302],[-100.3378,28.443],[-100.3415,28.4496],[-100.3508,28.4592],[-100.3575,28.4636],[-100.3683,28.4772],[-100.366,28.4811],[-100.3522,28.4826],[-100.3442,28.4862],[-100.3371,28.4917],[-100.3338,28.4993],[-100.3385,28.5018],[-100.3621,28.5084],[-100.3791,28.5116],[-100.3889,28.5157],[-100.4051,28.5358],[-100.4114,28.5519],[-100.3973,28.5756],[-100.3968,28.5804],[-100.3984,28.5849],[-100.4299,28.5964],[-100.4456,28.608],[-100.4473,28.6093],[-100.4486,28.6168],[-100.4455,28.6371],[-100.4471,28.6422],[-100.4629,28.6414],[-100.4745,28.6471],[-100.4795,28.6549],[-100.4796,28.6552],[-100.4959,28.6586],[-100.5004,28.662],[-100.5027,28.669],[-100.5101,28.6907],[-100.5108,28.6963],[-100.512,28.7054],[-100.5089,28.7121],[-100.5067,28.7167],[-100.5069,28.722],[-100.5076,28.7406],[-100.5099,28.7437],[-100.5192,28.7562],[-100.533,28.7633],[-100.5378,28.7808],[-100.5324,28.7911],[-100.5358,28.8059],[-100.5473,28.8258],[-100.5531,28.8282],[-100.5614,28.8292],[-100.5705,28.8263],[-100.5747,28.8288],[-100.5768,28.8362],[-100.573,28.8485],[-100.5805,28.856],[-100.591,28.8631],[-100.5989,28.8756],[-100.6027,28.8877],[-100.6021,28.9019],[-100.6272,28.9037],[-100.6316,28.9028],[-100.6406,28.9142],[-100.6392,28.9163],[-100.6389,28.9276],[-100.6515,28.9434],[-100.647,28.9571],[-100.6459,28.9864],[-100.6509,29.0083],[-100.6538,29.0154],[-100.6561,29.0172],[-100.6602,29.0315],[-100.6632,29.048],[-100.6625,29.0581],[-100.6641,29.0732],[-100.6684,29.084],[-100.6747,29.0998],[-100.6845,29.1107],[-100.6923,29.1152],[-100.71,29.1197],[-100.7275,29.1291],[-100.7378,29.1391],[-100.7391,29.1417],[-100.7376,29.1474],[-100.7397,29.1505],[-100.7461,29.1541],[-100.7597,29.1571],[-100.7726,29.1685],[-100.7759,29.1733],[-100.766,29.1858],[-100.7671,29.1953],[-100.7855,29.2281],[-100.7914,29.2259],[-100.7957,29.2277],[-100.797,29.2356],[-100.7951,29.2418],[-100.7949,29.2425],[-100.7977,29.2469],[-100.8235,29.2617],[-100.834,29.2614],[-100.839,29.2633],[-100.8487,29.2714],[-100.8565,29.2757],[-100.8647,29.2761],[-100.876,29.2796],[-100.8789,29.2822],[-100.8821,29.299],[-100.8868,29.3078],[-100.9048,29.312],[-100.9211,29.3229],[-100.9267,29.3266],[-100.9406,29.3331],[-100.9432,29.342],[-100.9459,29.3445],[-100.949,29.3472],[-100.9643,29.3473],[-100.9717,29.3514],[-100.9729,29.3545],[-100.9956,29.3634],[-101.0042,29.3648],[-101.0106,29.3687],[-101.024,29.3937],[-101.0366,29.4061],[-101.0386,29.4107],[-101.0376,29.4147],[-101.0434,29.4299],[-101.057,29.4408],[-101.0602,29.4587],[-101.0639,29.4601],[-101.0871,29.4694],[-101.1037,29.4705],[-101.1153,29.4685],[-101.13,29.4784],[-101.1375,29.4735],[-101.1443,29.4732],[-101.1519,29.477],[-101.1717,29.5039],[-101.1738,29.5146],[-101.1927,29.5203],[-101.2274,29.5223],[-101.2353,29.5249],[-101.2549,29.5203],[-101.2608,29.5299],[-101.2612,29.5368],[-101.2444,29.5692],[-101.2523,29.6042],[-101.2474,29.6182],[-101.2523,29.6256],[-101.2692,29.63],[-101.2805,29.6148],[-101.2776,29.5932],[-101.2932,29.5718],[-101.3055,29.5779],[-101.3143,29.5956],[-101.3073,29.6407],[-101.3112,29.6485],[-101.3167,29.6555],[-101.3252,29.6578],[-101.3501,29.6547],[-101.3618,29.6578],[-101.3672,29.664],[-101.3789,29.6983],[-101.3969,29.7139],[-101.3984,29.717],[-101.3963,29.7271],[-101.397,29.734],[-101.4006,29.7381],[-101.41,29.7415],[-101.4156,29.7465],[-101.4154,29.7566],[-101.4247,29.7581],[-101.4411,29.7535],[-101.4465,29.755],[-101.4535,29.7597],[-101.4552,29.7719],[-101.4675,29.7799],[-101.4753,29.7807],[-101.5032,29.7646],[-101.5227,29.7597],[-101.5328,29.7643],[-101.5375,29.783],[-101.5468,29.797],[-101.5616,29.7947],[-101.5756,29.7744],[-101.5826,29.7713],[-101.6037,29.7744],[-101.626,29.7711],[-101.6303,29.7687],[-101.6351,29.7587],[-101.6464,29.7543],[-101.6524,29.7588],[-101.6546,29.7652],[-101.6625,29.7713],[-101.69,29.7712],[-101.7066,29.7627],[-101.7142,29.7677],[-101.7352,29.7716],[-101.7543,29.7777],[-101.7609,29.7825],[-101.7633,29.7842],[-101.7772,29.7893],[-101.7857,29.7883],[-101.791,29.783],[-101.7969,29.7826],[-101.8065,29.7864],[-101.8094,29.7902],[-101.8149,29.7931],[-101.8312,29.7893],[-101.8526,29.8019],[-101.8622,29.8002],[-101.8754,29.794],[-101.8927,29.7979],[-101.9124,29.7979],[-101.9176,29.7927],[-101.9226,29.7902],[-101.9297,29.7893],[-101.9381,29.796],[-101.9465,29.7977],[-101.9536,29.7969],[-101.9595,29.7994],[-101.9662,29.8073],[-101.9704,29.8103],[-101.9745,29.8103],[-101.9875,29.8011],[-102.0018,29.8048],[-102.0219,29.8025],[-102.0348,29.804],[-102.039,29.8027],[-102.0411,29.7996],[-102.0384,29.7928],[-102.0392,29.791],[-102.05,29.7851],[-102.0736,29.7869],[-102.0773,29.7924],[-102.0844,29.795],[-102.0918,29.7929],[-102.1157,29.7924],[-102.1423,29.8029],[-102.1596,29.8144],[-102.1617,29.8195],[-102.1819,29.846],[-102.1861,29.8485],[-102.1887,29.8489],[-102.2054,29.8424],[-102.2318,29.8483],[-102.2474,29.8573],[-102.2612,29.8576],[-102.2618,29.864],[-102.265,29.8678],[-102.2688,29.868],[-102.2768,29.863],[-102.2812,29.8631],[-102.2973,29.8752],[-102.3014,29.8777],[-102.3154,29.8799],[-102.3206,29.879],[-102.3207,29.8789],[-102.3246,29.8723],[-102.3334,29.868],[-102.341,29.8693],[-102.3499,29.8623],[-102.3645,29.8454],[-102.3625,29.8332],[-102.3695,29.8204],[-102.3773,29.8002],[-102.3773,29.79],[-102.3867,29.7669],[-102.3929,29.7656],[-102.4121,29.7681],[-102.4333,29.7766],[-102.4689,29.7798],[-102.4903,29.7839],[-102.5083,29.7832],[-102.5127,29.7803],[-102.5134,29.7658],[-102.5394,29.7516],[-102.5455,29.7509],[-102.5511,29.7524],[-102.5593,29.7604],[-102.5618,29.7661],[-102.5694,29.7681],[-102.5737,29.7621],[-102.576,29.7547],[-102.5874,29.7499],[-102.5972,29.7516],[-102.6129,29.7482],[-102.6225,29.7366],[-102.6302,29.7343],[-102.6457,29.7339],[-102.6613,29.7361],[-102.671,29.742],[-102.6772,29.7383],[-102.6882,29.7225],[-102.6902,29.7075],[-102.6983,29.6956],[-102.6993,29.685],[-102.6935,29.6765],[-102.7242,29.6484],[-102.7369,29.6415],[-102.742,29.6321],[-102.7384,29.6219],[-102.74,29.599],[-102.7462,29.5929],[-102.7571,29.5978],[-102.7618,29.5984],[-102.7683,29.5947],[-102.7622,29.5794],[-102.7661,29.5723],[-102.774,29.5731],[-102.7775,29.5565],[-102.7757,29.5522],[-102.7714,29.5485],[-102.8087,29.5223],[-102.8073,29.494],[-102.814,29.4828],[-102.831,29.4443],[-102.8325,29.4331],[-102.8274,29.4183],[-102.8246,29.3996],[-102.8408,29.377],[-102.843,29.358],[-102.8616,29.3516],[-102.8719,29.3521],[-102.8769,29.3541],[-102.8795,29.3533],[-102.8837,29.3481],[-102.8798,29.3388],[-102.8905,29.3095],[-102.8883,29.2919],[-102.891,29.2871],[-102.9026,29.2794],[-102.9063,29.26],[-102.9032,29.254],[-102.8879,29.2456],[-102.8811,29.246],[-102.8713,29.2416],[-102.8668,29.225],[-102.878,29.2147],[-102.8901,29.2088],[-102.8992,29.2089],[-102.9088,29.2193],[-102.9121,29.2189],[-102.9159,29.2159],[-102.9156,29.2113],[-102.9124,29.2063],[-102.9178,29.1907],[-102.9255,29.1937],[-102.9326,29.1941],[-102.9449,29.1888],[-102.9472,29.1808],[-102.9509,29.1768],[-102.9535,29.1763],[-102.9773,29.1862],[-102.9894,29.1832],[-102.9947,29.1796],[-102.9981,29.1727],[-102.9957,29.1612],[-103.0024,29.1503],[-103.0084,29.1483],[-103.0103,29.1378],[-103.015,29.1258],[-103.033,29.1141],[-103.0333,29.1074],[-103.0357,29.103],[-103.0404,29.0994],[-103.0554,29.0965],[-103.0744,29.0885],[-103.0764,29.0857],[-103.0768,29.0761],[-103.1003,29.0577],[-103.1025,29.0405],[-103.1004,29.0269],[-103.1016,29.0181],[-103.1078,29.0138],[-103.1172,29.0002],[-103.1139,28.9885],[-103.1153,28.9853],[-103.1267,28.9821],[-103.1349,28.9835],[-103.1433,28.9781],[-103.1566,28.9728],[-103.1639,28.9721],[-103.1659,28.974],[-103.1662,28.9788],[-103.2278,28.9915],[-103.2391,28.9817],[-103.2451,28.9802],[-103.2492,28.981],[-103.2533,28.9867],[-103.2603,28.9897],[-103.266,28.9902],[-103.2704,28.9881],[-103.2734,28.9828],[-103.278,28.9792],[-103.285,28.9821],[-103.2832,28.9931],[-103.2862,29.0003],[-103.2943,29.0052],[-103.3054,29.0058],[-103.3119,29.0084],[-103.3091,29.0184],[-103.316,29.0226],[-103.3282,29.0162],[-103.3358,29.0197],[-103.3358,29.0275],[-103.3324,29.0334],[-103.3348,29.0398],[-103.3415,29.0412],[-103.3479,29.0374],[-103.3508,29.0286],[-103.3554,29.0215],[-103.362,29.0189],[-103.3821,29.0242],[-103.4278,29.0423],[-103.4347,29.0553],[-103.453,29.0675],[-103.4574,29.0686],[-103.4632,29.0668],[-103.4692,29.0692],[-103.4713,29.0731],[-103.4714,29.0813],[-103.4748,29.0867],[-103.4844,29.0945],[-103.4998,29.1148],[-103.5246,29.121],[-103.5234,29.1334],[-103.525,29.1374],[-103.5578,29.1554],[-103.5795,29.15],[-103.5924,29.1503],[-103.6064,29.1604],[-103.6105,29.1658],[-103.6456,29.1593],[-103.6532,29.1629],[-103.6568,29.1691],[-103.6602,29.1709],[-103.6887,29.1783],[-103.6973,29.1772],[-103.7138,29.185],[-103.7247,29.1915],[-103.7422,29.2086],[-103.7569,29.2306],[-103.7679,29.2243],[-103.7814,29.2309],[-103.7787,29.254],[-103.7912,29.2633],[-103.7927,29.2637],[-103.8191,29.2715],[-103.8383,29.2783],[-103.8569,29.2819],[-103.8806,29.285],[-103.9171,29.2842],[-103.9189,29.285],[-103.9189,29.2901],[-103.925,29.2939],[-103.9437,29.2949],[-103.9658,29.2986],[-103.9752,29.296],[-104.0383,29.3202],[-104.0556,29.3309],[-104.0572,29.3377],[-104.0759,29.3451],[-104.0822,29.3459],[-104.091,29.3537],[-104.0933,29.3599],[-104.0984,29.3668],[-104.1065,29.3731],[-104.1255,29.3809],[-104.1437,29.3833],[-104.1666,29.3994],[-104.1801,29.4128],[-104.1813,29.4263],[-104.196,29.4429],[-104.2082,29.4482],[-104.2125,29.4524],[-104.2139,29.4562],[-104.2132,29.473],[-104.2206,29.478],[-104.2291,29.481],[-104.2338,29.4865],[-104.2335,29.4927],[-104.2358,29.4967],[-104.2603,29.5094],[-104.2642,29.514],[-104.3088,29.5243],[-104.3181,29.5279],[-104.3275,29.5222],[-104.3348,29.5195],[-104.3381,29.52],[-104.3712,29.5431],[-104.381,29.5434],[-104.3946,29.5561],[-104.3944,29.5605],[-104.3996,29.5723],[-104.4523,29.6037],[-104.4665,29.6093],[-104.4835,29.6277],[-104.4937,29.634],[-104.5076,29.6396],[-104.5398,29.6761],[-104.5406,29.6811],[-104.5358,29.6872],[-104.5363,29.6904],[-104.5503,29.7138],[-104.5522,29.7171],[-104.5556,29.7312],[-104.5547,29.7407],[-104.566,29.7588],[-104.5657,29.7705],[-104.5925,29.8103],[-104.594,29.8092],[-104.5991,29.811],[-104.6102,29.8191],[-104.619,29.8444],[-104.6244,29.8452],[-104.6301,29.8533],[-104.6304,29.8634],[-104.6333,29.8705],[-104.6568,29.8893],[-104.6586,29.8916],[-104.659,29.9014],[-104.6723,29.9111],[-104.6798,29.9247],[-104.6843,29.9561],[-104.6797,29.9753],[-104.6855,29.9899],[-104.6896,30.015],[-104.6936,30.0191],[-104.7023,30.0213],[-104.704,30.0242],[-104.7011,30.0355],[-104.7069,30.0507],[-104.7036,30.0645],[-104.6982,30.0653],[-104.6928,30.0698],[-104.685,30.0856],[-104.6857,30.096],[-104.6921,30.1073],[-104.6954,30.1321],[-104.6921,30.1387],[-104.6875,30.1622],[-104.6873,30.1795],[-104.7028,30.2117],[-104.7112,30.2229],[-104.7132,30.238],[-104.7338,30.2612],[-104.7374,30.2614],[-104.7404,30.2595],[-104.7497,30.2613],[-104.7516,30.2636],[-104.7579,30.2824],[-104.7616,30.3011],[-104.7794,30.3132],[-104.7973,30.3303],[-104.8098,30.3349],[-104.8135,30.3471],[-104.8148,30.3605],[-104.8176,30.3659],[-104.8243,30.3705],[-104.8375,30.3739],[-104.8595,30.3904],[-104.8574,30.409],[-104.8524,30.4188],[-104.8611,30.4289],[-104.8699,30.4586],[-104.8687,30.4632],[-104.8661,30.4648],[-104.8661,30.4674],[-104.8768,30.511],[-104.8894,30.5351],[-104.8922,30.5514],[-104.899,30.5704],[-104.9248,30.6048],[-104.9381,30.6035],[-104.9664,30.608],[-104.9721,30.6103],[-104.9803,30.622],[-104.9798,30.6293],[-104.9863,30.6611],[-105.0012,30.6726],[-105.0021,30.681],[-105.0068,30.686],[-105.0201,30.6836],[-105.0429,30.6873],[-105.0499,30.6808],[-105.0623,30.6863],[-105.0626,30.6982],[-105.0983,30.7189],[-105.1081,30.7301],[-105.1107,30.7378],[-105.1107,30.7434],[-105.1138,30.746],[-105.1233,30.7495],[-105.1402,30.7525],[-105.1524,30.7515],[-105.1576,30.754],[-105.1602,30.7571],[-105.1612,30.7675],[-105.1648,30.7725],[-105.1783,30.7721],[-105.1834,30.7766],[-105.1859,30.7844],[-105.1951,30.7921],[-105.2062,30.7865],[-105.2129,30.7854],[-105.216,30.7865],[-105.2167,30.7895],[-105.2149,30.7973],[-105.2187,30.8016],[-105.2384,30.8031],[-105.2554,30.797],[-105.2614,30.7981],[-105.2872,30.8222],[-105.2956,30.8222],[-105.3037,30.817],[-105.3149,30.817],[-105.3177,30.825],[-105.3201,30.8275],[-105.3477,30.8381],[-105.3607,30.8474],[-105.3774,30.8486],[-105.3942,30.853],[-105.3967,30.8554],[-105.3942,30.872],[-105.3996,30.8889],[-105.4135,30.8998],[-105.4301,30.9058],[-105.488,30.9433],[-105.4969,30.9505],[-105.498,30.9573],[-105.5023,30.9627],[-105.5331,30.9849],[-105.5437,30.9847],[-105.5574,30.9902],[-105.5791,31.0216],[-105.5814,31.0268],[-105.5795,31.0354],[-105.5853,31.0575],[-105.5959,31.0648],[-105.5988,31.0749],[-105.6033,31.0826],[-105.6273,31.0985],[-105.6419,31.0983],[-105.6467,31.1139],[-105.6488,31.1159],[-105.7095,31.1364],[-105.717,31.1414],[-105.7195,31.1492],[-105.7427,31.1649],[-105.7635,31.1641],[-105.7733,31.1669],[-105.78,31.1827],[-105.7797,31.1913],[-105.7829,31.1976],[-105.7944,31.2022],[-105.8188,31.2307],[-105.8357,31.2468],[-105.8694,31.2886],[-105.876,31.2916],[-105.8909,31.29],[-105.895,31.291],[-105.9035,31.3068],[-105.9088,31.3128],[-105.9326,31.3131],[-105.9385,31.3187],[-105.9481,31.3401],[-105.9459,31.3528],[-105.9539,31.3647],[-105.9701,31.3659],[-105.9975,31.3868],[-106.0049,31.3925],[-106.0803,31.3987],[-106.1069,31.4214],[-106.1122,31.4236],[-106.1328,31.4254],[-106.1425,31.4305],[-106.1582,31.4389],[-106.1757,31.4563],[-106.2058,31.466],[-106.2127,31.4735],[-106.2188,31.4803],[-106.2239,31.5004],[-106.2368,31.5134],[-106.2462,31.5412],[-106.2548,31.548],[-106.2803,31.5618],[-106.2808,31.5621],[-106.2878,31.5844],[-106.2884,31.5859],[-106.3035,31.6204],[-106.309,31.628],[-106.3305,31.6581],[-106.3347,31.6641],[-106.338,31.6712],[-106.347,31.6911],[-106.3495,31.6967],[-106.3572,31.7019],[-106.3683,31.7095],[-106.3701,31.7107],[-106.3738,31.7148],[-106.378,31.7283],[-106.381,31.7321],[-106.3858,31.7347],[-106.3946,31.7394],[-106.4042,31.7446],[-106.4179,31.752],[-106.422,31.7527],[-106.4315,31.7542],[-106.4442,31.7609],[-106.4515,31.7648],[-106.4676,31.7596],[-106.4707,31.7535],[-106.4738,31.7514],[-106.4755,31.7501],[-106.4827,31.7483],[-106.4846,31.7478],[-106.4895,31.7484],[-106.5073,31.7612],[-106.5098,31.7635],[-106.5236,31.7762],[-106.5286,31.7818],[-106.5282,31.7831],[-106.5317,31.7839],[-106.5693,31.7839],[-106.7505,31.7837],[-106.7505,31.7839],[-106.9935,31.7837],[-107.0006,31.7837],[-107.0006,31.7835],[-107.2968,31.7838],[-107.4222,31.7836],[-107.4225,31.7836],[-107.6279,31.7837],[-107.6411,31.7837],[-107.8484,31.7836],[-108.2084,31.7836],[-108.2081,31.6135],[-108.2085,31.4998],[-108.2086,31.4997],[-108.2086,31.3334],[-108.4754,31.3334],[-108.7077,31.3332],[-108.7887,31.3324],[-108.8511,31.3323],[-108.861,31.3323],[-109.05,31.3325],[-109.2785,31.334],[-109.5607,31.334],[-109.7927,31.3341],[-109.8297,31.3341],[-109.9572,31.3334],[-110.0006,31.3331],[-110.1405,31.334],[-110.4597,31.3328],[-110.4602,31.3328],[-110.6222,31.3332],[-110.7955,31.3336],[-110.8503,31.3332],[-110.9132,31.3328],[-110.9422,31.3326],[-110.9451,31.3326],[-110.9653,31.3324],[-110.9768,31.3323],[-111.0006,31.3322],[-111.0748,31.3322],[-111.1256,31.349],[-111.3664,31.4261],[-111.5602,31.4881],[-111.6231,31.508],[-111.9794,31.6207],[-112.2461,31.7042],[-112.365,31.7411],[-112.3758,31.744],[-112.3881,31.748],[-112.3994,31.7518],[-112.6078,31.8158],[-112.8671,31.8955],[-113.126,31.9728],[-113.2173,32.0021],[-113.3338,32.0388],[-113.4932,32.0889],[-113.7508,32.169],[-113.7817,32.179],[-113.9615,32.2346],[-114.2508,32.3239],[-114.5008,32.4001],[-114.5638,32.419],[-114.6495,32.4449],[-114.7182,32.4655],[-114.761,32.4784],[-114.7695,32.481],[-114.7826,32.4849],[-114.8136,32.4943],[-114.814,32.4972],[-114.8123,32.5001],[-114.8115,32.5228],[-114.7956,32.551],[-114.8142,32.5648],[-114.7997,32.5936],[-114.8094,32.6171],[-114.7976,32.6246],[-114.7822,32.6302],[-114.7674,32.6467],[-114.7649,32.6494],[-114.7305,32.6988],[-114.73,32.6997],[-114.7301,32.7043],[-114.7227,32.7131],[-114.7196,32.7188],[-114.7265,32.7183],[-115.0008,32.6997],[-115.3356,32.6762],[-115.4652,32.6671],[-115.4654,32.6671],[-115.4826,32.6658],[-115.4905,32.6652],[-115.4968,32.6647],[-115.4991,32.6645],[-115.5335,32.662],[-115.6622,32.6523],[-116.0466,32.6234],[-116.1062,32.6186],[-116.1154,32.6179],[-116.1258,32.6167],[-116.211,32.6103],[-116.3508,32.5991],[-116.3898,32.5959],[-116.5406,32.5837],[-116.627,32.5763],[-116.7573,32.5656],[-116.8532,32.5578],[-116.8572,32.5575],[-116.9281,32.5508],[-116.946,32.5501],[-117.0264,32.5425],[-117.0299,32.5422],[-117.0626,32.5399],[-117.0628,32.5399],[-117.1189,32.5347],[-117.1242,32.5342],[-117.1249,32.5342],[-117.1291,32.5548],[-117.1293,32.556],[-117.1334,32.5756],[-117.1332,32.584],[-117.1332,32.5856],[-117.133,32.5971],[-117.1367,32.6188],[-117.1395,32.6271],[-117.1454,32.6369],[-117.1599,32.6607],[-117.1689,32.672],[-117.1766,32.6785],[-117.1804,32.6817],[-117.193,32.6878],[-117.1968,32.6889],[-117.2131,32.6878],[-117.2239,32.6831],[-117.2362,32.6714],[-117.2461,32.6694],[-117.2552,32.7001],[-117.2562,32.7108],[-117.2576,32.726],[-117.2563,32.7373],[-117.2554,32.7454],[-117.2546,32.7474],[-117.2526,32.7529],[-117.2527,32.7541],[-117.253,32.7591],[-117.2533,32.7639],[-117.255,32.7869],[-117.2563,32.7904],[-117.2602,32.8007],[-117.2611,32.8031],[-117.2717,32.8133],[-117.281,32.8222],[-117.2812,32.8262],[-117.282,32.8367],[-117.2822,32.8395],[-117.2812,32.843],[-117.2739,32.8514],[-117.2683,32.8499],[-117.265,32.8489],[-117.2607,32.8526],[-117.2562,32.8594],[-117.2517,32.8743],[-117.2545,32.9001],[-117.2605,32.9312],[-117.2625,32.9395],[-117.2728,32.9805],[-117.2754,32.9907],[-117.2808,33.0123],[-117.2826,33.0155],[-117.2915,33.0313],[-117.2934,33.0346],[-117.2989,33.0481],[-117.3057,33.0646],[-117.3098,33.0745],[-117.3134,33.0871],[-117.3153,33.0935],[-117.3284,33.1218],[-117.3452,33.1447],[-117.3595,33.1642],[-117.3626,33.1684],[-117.3694,33.1766],[-117.3915,33.2028],[-117.398,33.2095],[-117.4019,33.2136],[-117.4456,33.2685],[-117.4698,33.2964],[-117.5056,33.3341],[-117.5477,33.3655],[-117.5717,33.379],[-117.5959,33.3866],[-117.5962,33.3871],[-117.6069,33.4047],[-117.6079,33.4063],[-117.6205,33.4192],[-117.6317,33.4305],[-117.6317,33.4306],[-117.641,33.4374],[-117.6456,33.4407],[-117.6753,33.4569],[-117.6843,33.4618],[-117.6846,33.4619],[-117.6893,33.4602],[-117.692,33.4566],[-117.6914,33.454],[-117.7134,33.46],[-117.7153,33.4606],[-117.7256,33.4815],[-117.7258,33.4819],[-117.7265,33.4834],[-117.7349,33.4913],[-117.7427,33.4987],[-117.7548,33.5101],[-117.7614,33.5163],[-117.7635,33.5186],[-117.7737,33.5295],[-117.7792,33.5354],[-117.7849,33.5415],[-117.7929,33.5439],[-117.8013,33.5463],[-117.8142,33.5522],[-117.8289,33.5643],[-117.8403,33.5735],[-117.8664,33.587],[-117.8768,33.5923],[-117.8789,33.593],[-117.8998,33.5996],[-117.9271,33.6055],[-117.9406,33.62],[-117.9575,33.6297],[-117.965,33.634],[-117.9709,33.6373],[-117.9879,33.6471],[-118.0006,33.6543],[-118.0008,33.6545],[-118.0084,33.6603],[-118.0188,33.6681],[-118.0297,33.6764],[-118.0322,33.6789],[-118.0553,33.7016],[-118.0649,33.711],[-118.0654,33.7114],[-118.0889,33.7298],[-118.09,33.7302],[-118.0961,33.7324],[-118.1011,33.7341],[-118.1157,33.7429],[-118.1326,33.7532],[-118.1327,33.7532],[-118.1466,33.7573],[-118.1569,33.7603],[-118.1667,33.7621],[-118.1755,33.7636],[-118.1762,33.7635],[-118.1808,33.7631],[-118.1819,33.7618],[-118.1894,33.7525],[-118.1913,33.7501],[-118.1875,33.736],[-118.1927,33.7317],[-118.2248,33.7321],[-118.2357,33.7242],[-118.2475,33.7156],[-118.2815,33.7095],[-118.2836,33.7087],[-118.2928,33.7052],[-118.2932,33.705],[-118.3125,33.7113],[-118.3172,33.7128],[-118.3228,33.7157],[-118.3333,33.7212],[-118.3547,33.7323],[-118.3605,33.7368],[-118.3721,33.739],[-118.385,33.7414],[-118.3966,33.7359],[-118.4036,33.7388],[-118.4112,33.742],[-118.4142,33.7477],[-118.4215,33.7616],[-118.4284,33.7747],[-118.4234,33.782],[-118.4202,33.7851],[-118.4115,33.7938],[-118.405,33.8002],[-118.3945,33.8043],[-118.3943,33.8043],[-118.3916,33.8152],[-118.3915,33.8154],[-118.3918,33.8288],[-118.3921,33.8386],[-118.3921,33.8409],[-118.3976,33.8524],[-118.4021,33.8618],[-118.4094,33.877],[-118.4127,33.8839],[-118.422,33.9016],[-118.4237,33.9047],[-118.4298,33.9163],[-118.4424,33.9403],[-118.4487,33.9502],[-118.4563,33.9624],[-118.4606,33.9691],[-118.4682,33.9783],[-118.4726,33.9837],[-118.4761,33.9878],[-118.4827,33.9959],[-118.4842,33.9977],[-118.4869,34.0003],[-118.4927,34.0058],[-118.5028,34.0155],[-118.5096,34.0204],[-118.5169,34.0256],[-118.5195,34.0275],[-118.5197,34.0276],[-118.5361,34.0352],[-118.5431,34.0385],[-118.5543,34.0398],[-118.5671,34.0414],[-118.5692,34.0416],[-118.6036,34.039],[-118.6097,34.0364],[-118.6364,34.0375],[-118.6684,34.0389],[-118.6754,34.0375],[-118.6794,34.0333],[-118.7062,34.0294],[-118.7143,34.0304],[-118.7324,34.0327],[-118.745,34.0321],[-118.7499,34.0307],[-118.7834,34.0215],[-118.7871,34.0195],[-118.8051,34.0012],[-118.8216,34.0139],[-118.8216,34.014],[-118.8404,34.0275],[-118.8428,34.0287],[-118.8547,34.0342],[-118.8962,34.0392],[-118.928,34.0458],[-118.9381,34.0434],[-118.9449,34.0453],[-118.9547,34.0482],[-118.9778,34.0598],[-118.997,34.0659],[-119.0046,34.0662],[-119.0375,34.0831],[-119.0638,34.0891],[-119.07,34.0905],[-119.0885,34.0983],[-119.0982,34.0993],[-119.1098,34.0946],[-119.1302,34.1001],[-119.1375,34.105],[-119.1596,34.1197],[-119.1886,34.139],[-119.1893,34.1392],[-119.2031,34.1445],[-119.2112,34.1449],[-119.2164,34.1461],[-119.2253,34.1583],[-119.2277,34.1617],[-119.2371,34.1758],[-119.2486,34.1974],[-119.257,34.2133],[-119.2659,34.2346],[-119.2659,34.2347],[-119.2663,34.2361],[-119.2701,34.2529],[-119.2786,34.2669],[-119.2856,34.2714],[-119.2909,34.2749],[-119.3021,34.2728],[-119.3076,34.2742],[-119.313,34.2757],[-119.3375,34.2906],[-119.3492,34.3044],[-119.3704,34.3195],[-119.3758,34.3211],[-119.3882,34.3174],[-119.3904,34.3182],[-119.4278,34.353],[-119.4311,34.3553],[-119.4359,34.3558],[-119.461,34.3741],[-119.4727,34.3756],[-119.4783,34.3772],[-119.4834,34.3786],[-119.5042,34.3845],[-119.5107,34.3863],[-119.5368,34.3955],[-119.537,34.3955],[-119.5595,34.4134],[-119.6136,34.4206],[-119.6169,34.421],[-119.6304,34.4177],[-119.6389,34.4157],[-119.6487,34.4174],[-119.6591,34.4168],[-119.6719,34.4161],[-119.6882,34.4125],[-119.6862,34.4102],[-119.6847,34.4083],[-119.6917,34.4032],[-119.6945,34.4019],[-119.7091,34.3954],[-119.7277,34.3959],[-119.7294,34.3959],[-119.743,34.4018],[-119.7455,34.4029],[-119.7558,34.4062],[-119.7859,34.416],[-119.7948,34.4176],[-119.8106,34.4169],[-119.8269,34.4162],[-119.8358,34.4158],[-119.8386,34.4146],[-119.8535,34.4081],[-119.8538,34.408],[-119.8539,34.408],[-119.8695,34.4086],[-119.874,34.4088],[-119.8848,34.4141],[-119.9116,34.4272],[-119.9252,34.4339],[-119.9564,34.4353],[-119.972,34.4446],[-120.0081,34.4604],[-120.0388,34.4634],[-120.0507,34.4617],[-120.0886,34.4602],[-120.0972,34.4618],[-120.1184,34.4699],[-120.1412,34.4734],[-120.1835,34.4704],[-120.2255,34.4706],[-120.238,34.4681],[-120.2578,34.4675],[-120.283,34.4684],[-120.2951,34.4706],[-120.2992,34.4697],[-120.3018,34.4671],[-120.3414,34.4588],[-120.442,34.4515],[-120.4514,34.4471],[-120.4714,34.4478],[-120.4766,34.4751],[-120.4804,34.4811],[-120.4905,34.4901],[-120.5002,34.5053],[-120.5114,34.523],[-120.5248,34.5313],[-120.5813,34.557],[-120.6084,34.5567],[-120.612,34.5536],[-120.6226,34.554],[-120.6378,34.5662],[-120.6457,34.581],[-120.6402,34.6044],[-120.6251,34.6345],[-120.602,34.6921],[-120.6004,34.7046],[-120.6017,34.7097],[-120.6149,34.7307],[-120.6263,34.7381],[-120.6374,34.7559],[-120.6291,34.7774],[-120.623,34.7933],[-120.6163,34.8163],[-120.6099,34.8428],[-120.6103,34.8582],[-120.6163,34.8667],[-120.6393,34.8804],[-120.6414,34.8903],[-120.6422,34.8941],[-120.6473,34.9011],[-120.6629,34.9012],[-120.6708,34.9041],[-120.6489,34.9744],[-120.64,35.003],[-120.6336,35.0331],[-120.6299,35.0615],[-120.6296,35.0784],[-120.6309,35.1012],[-120.631,35.1019],[-120.6355,35.1223],[-120.6358,35.1238],[-120.6386,35.129],[-120.6443,35.1396],[-120.6511,35.1478],[-120.6625,35.1534],[-120.668,35.152],[-120.6751,35.1531],[-120.687,35.1607],[-120.6989,35.1712],[-120.7042,35.1732],[-120.7142,35.176],[-120.7188,35.1766],[-120.7342,35.1785],[-120.7489,35.1778],[-120.7548,35.1747],[-120.7569,35.1692],[-120.7561,35.1605],[-120.7605,35.1597],[-120.779,35.1689],[-120.7861,35.1777],[-120.8053,35.185],[-120.8467,35.2044],[-120.856,35.2065],[-120.873,35.2257],[-120.8968,35.2479],[-120.8969,35.254],[-120.8953,35.2591],[-120.8894,35.2778],[-120.8796,35.2942],[-120.875,35.3064],[-120.8672,35.3272],[-120.8627,35.3468],[-120.8621,35.3608],[-120.8631,35.3689],[-120.864,35.3763],[-120.8641,35.377],[-120.8661,35.393],[-120.8672,35.3966],[-120.8692,35.4033],[-120.8746,35.4126],[-120.8848,35.4302],[-120.8969,35.4422],[-120.9079,35.4491],[-120.9465,35.4467],[-120.9507,35.448],[-120.9559,35.4537],[-120.957,35.4543],[-120.9694,35.4602],[-120.9761,35.459],[-120.9842,35.4595],[-121.0034,35.4607],[-121.0256,35.4846],[-121.0524,35.5069],[-121.0531,35.5075],[-121.0599,35.5097],[-121.1016,35.5488],[-121.1126,35.5687],[-121.123,35.5876],[-121.126,35.5931],[-121.1336,35.6005],[-121.1436,35.606],[-121.1667,35.6354],[-121.1889,35.6431],[-121.1953,35.6407],[-121.251,35.6566],[-121.2723,35.6667],[-121.285,35.6741],[-121.2898,35.6894],[-121.2965,35.6968],[-121.3046,35.7018],[-121.3146,35.7133],[-121.3158,35.7525],[-121.3249,35.7693],[-121.3324,35.7831],[-121.3464,35.7952],[-121.3567,35.8042],[-121.3881,35.8235],[-121.4068,35.8446],[-121.4131,35.8553],[-121.427,35.8601],[-121.4396,35.867],[-121.4623,35.8856],[-121.4612,35.8969],[-121.4635,35.9044],[-121.4724,35.9199],[-121.4734,35.9233],[-121.4747,35.9281],[-121.4862,35.9703],[-121.5031,36.0003],[-121.5116,36.0066],[-121.5258,36.012],[-121.5319,36.0144],[-121.5537,36.0198],[-121.5696,36.0215],[-121.5746,36.0252],[-121.5904,36.0504],[-121.5892,36.0538],[-121.5929,36.0651],[-121.6068,36.0721],[-121.6187,36.0878],[-121.622,36.0997],[-121.6296,36.1145],[-121.6801,36.1658],[-121.7172,36.1951],[-121.7799,36.2274],[-121.7971,36.2342],[-121.807,36.2329],[-121.8137,36.2342],[-121.8264,36.2419],[-121.8358,36.2507],[-121.8394,36.2605],[-121.852,36.2778],[-121.8748,36.2891],[-121.8885,36.3028],[-121.8947,36.3178],[-121.8929,36.3404],[-121.9054,36.3583],[-121.9027,36.3639],[-121.9018,36.3819],[-121.9032,36.3936],[-121.9057,36.3982],[-121.9144,36.4043],[-121.9175,36.4148],[-121.9147,36.4259],[-121.9255,36.4539],[-121.9372,36.4725],[-121.94,36.4809],[-121.9416,36.4856],[-121.9392,36.4969],[-121.9388,36.5064],[-121.9437,36.5118],[-121.9447,36.5219],[-121.9288,36.5231],[-121.9259,36.5252],[-121.9264,36.5276],[-121.9297,36.5452],[-121.932,36.5575],[-121.9325,36.5599],[-121.9425,36.5664],[-121.9497,36.5676],[-121.9515,36.564],[-121.9573,36.5645],[-121.9726,36.5734],[-121.9786,36.5805],[-121.9715,36.5825],[-121.9704,36.5828],[-121.9417,36.6181],[-121.9386,36.6339],[-121.9364,36.6367],[-121.9297,36.637],[-121.9239,36.6346],[-121.9188,36.6308],[-121.9023,36.6184],[-121.8902,36.6093],[-121.8901,36.6085],[-121.8891,36.6018],[-121.8868,36.6015],[-121.8716,36.6045],[-121.8714,36.6046],[-121.8606,36.6111],[-121.8592,36.6126],[-121.8423,36.6301],[-121.832,36.6449],[-121.8251,36.6572],[-121.8151,36.6814],[-121.8145,36.6829],[-121.8098,36.696],[-121.8071,36.7142],[-121.8056,36.7502],[-121.8051,36.7521],[-121.7924,36.7911],[-121.7883,36.804],[-121.7915,36.8152],[-121.8027,36.8362],[-121.8094,36.8487],[-121.8106,36.8506],[-121.8277,36.8794],[-121.8623,36.9316],[-121.8671,36.9365],[-121.8802,36.9502],[-121.8947,36.9619],[-121.8999,36.965],[-121.9065,36.9689],[-121.9301,36.9782],[-121.9395,36.9781],[-121.9517,36.9714],[-121.952,36.9712],[-121.9649,36.9606],[-121.9728,36.9542],[-121.9759,36.9541],[-121.9839,36.9587],[-121.9858,36.9591],[-122.0005,36.9621],[-122.0124,36.9646],[-122.0126,36.9645],[-122.0234,36.9621],[-122.0243,36.9594],[-122.0272,36.9512],[-122.042,36.9495],[-122.0501,36.9485],[-122.0664,36.9483],[-122.0794,36.9508],[-122.106,36.956],[-122.1406,36.9749],[-122.1551,36.9808],[-122.1869,37.0035],[-122.2062,37.0139],[-122.2522,37.0594],[-122.2605,37.0725],[-122.2849,37.1017],[-122.293,37.1073],[-122.3061,37.1164],[-122.3139,37.1182],[-122.323,37.1155],[-122.3305,37.1153],[-122.3371,37.1174],[-122.3389,37.1209],[-122.3371,37.1308],[-122.3378,37.1359],[-122.344,37.1441],[-122.3598,37.1556],[-122.3618,37.1636],[-122.3671,37.1728],[-122.3793,37.1811],[-122.3906,37.183],[-122.3971,37.1872],[-122.4051,37.1958],[-122.4072,37.2195],[-122.409,37.2253],[-122.4158,37.2328],[-122.4191,37.2415],[-122.4185,37.2485],[-122.4117,37.2658],[-122.4013,37.337],[-122.4009,37.3592],[-122.4093,37.3748],[-122.4101,37.3758],[-122.4233,37.3925],[-122.4406,37.4294],[-122.4437,37.4359],[-122.446,37.4615],[-122.4472,37.4653],[-122.4521,37.4805],[-122.4679,37.4981],[-122.4724,37.5005],[-122.4857,37.4947],[-122.4859,37.4946],[-122.4938,37.4923],[-122.4993,37.4953],[-122.5167,37.5213],[-122.5195,37.5373],[-122.5166,37.5449],[-122.5148,37.5461],[-122.5137,37.5522],[-122.5181,37.5761],[-122.5174,37.5868],[-122.5172,37.5906],[-122.5014,37.5996],[-122.498,37.6089],[-122.4968,37.6121],[-122.4953,37.6299],[-122.4941,37.644],[-122.4954,37.6652],[-122.4968,37.6864],[-122.5005,37.7008],[-122.5024,37.7081],[-122.5065,37.7237],[-122.5078,37.7355],[-122.5094,37.7488],[-122.5111,37.7639],[-122.512,37.7711],[-122.5145,37.7808],[-122.5098,37.7846],[-122.5053,37.7883],[-122.4938,37.788],[-122.4929,37.7879],[-122.4858,37.7906],[-122.4858,37.7907],[-122.4781,37.8108],[-122.4703,37.8087],[-122.4638,37.8047],[-122.4482,37.8073],[-122.4395,37.8087],[-122.4259,37.811],[-122.425,37.811],[-122.4206,37.8111],[-122.4075,37.8114],[-122.3996,37.8066],[-122.3981,37.8056],[-122.3897,37.7958],[-122.3853,37.7907],[-122.3848,37.7874],[-122.384,37.783],[-122.3814,37.7674],[-122.379,37.7535],[-122.3768,37.7403],[-122.3759,37.735],[-122.3701,37.7323],[-122.3699,37.7326],[-122.3677,37.7349],[-122.3655,37.7346],[-122.3568,37.7295],[-122.3617,37.715],[-122.3704,37.7176],[-122.375,37.7156],[-122.3914,37.7083],[-122.3932,37.7075],[-122.3876,37.6791],[-122.3819,37.6718],[-122.3743,37.6622],[-122.3756,37.6524],[-122.3779,37.6504],[-122.3874,37.6485],[-122.3861,37.6377],[-122.382,37.6354],[-122.3655,37.6262],[-122.3553,37.6157],[-122.3586,37.6112],[-122.3704,37.6144],[-122.3733,37.6138],[-122.3778,37.6067],[-122.3785,37.6056],[-122.3752,37.6032],[-122.3602,37.5925],[-122.3596,37.5925],[-122.3332,37.5915],[-122.3177,37.5909],[-122.3154,37.5873],[-122.3157,37.5837],[-122.3059,37.5755],[-122.3044,37.5754],[-122.2885,37.5744],[-122.2633,37.5729],[-122.2627,37.5729],[-122.2519,37.5663],[-122.2507,37.5639],[-122.2457,37.5537],[-122.2443,37.5534],[-122.2294,37.5498],[-122.2234,37.5453],[-122.2143,37.5385],[-122.1966,37.5372],[-122.195,37.5225],[-122.1684,37.5041],[-122.1637,37.503],[-122.1557,37.5012],[-122.1496,37.5027],[-122.1398,37.506],[-122.1309,37.5023],[-122.1294,37.4984],[-122.1242,37.4855],[-122.1238,37.4758],[-122.1237,37.4732],[-122.1158,37.4658],[-122.1129,37.463],[-122.0894,37.4509],[-122.0599,37.4454],[-122.0591,37.4452],[-122.0389,37.4506],[-122.0342,37.4611],[-122.0388,37.4639],[-122.0453,37.468],[-122.0531,37.4794],[-122.0549,37.4944],[-122.0782,37.501],[-122.0991,37.4995],[-122.1113,37.5076],[-122.1114,37.5102],[-122.1114,37.5109],[-122.112,37.5289],[-122.1287,37.5606],[-122.1324,37.5622],[-122.1339,37.5629],[-122.1375,37.5675],[-122.1444,37.5819],[-122.147,37.5884],[-122.1454,37.6008],[-122.1464,37.6074],[-122.1529,37.6408],[-122.1615,37.6638],[-122.1628,37.6673],[-122.163,37.6679],[-122.1709,37.6761],[-122.1791,37.68],[-122.197,37.6925],[-122.1974,37.6928],[-122.2025,37.6967],[-122.204,37.6978],[-122.2059,37.698],[-122.208,37.6981],[-122.2138,37.6987],[-122.2216,37.7056],[-122.2468,37.7219],[-122.25,37.7266],[-122.256,37.7357],[-122.2571,37.7379],[-122.258,37.7396],[-122.2571,37.745],[-122.2522,37.7476],[-122.2485,37.749],[-122.2449,37.7503],[-122.2426,37.7537],[-122.2483,37.7576],[-122.2537,37.7612],[-122.2538,37.7612],[-122.2615,37.7638],[-122.2641,37.7647],[-122.2754,37.7673],[-122.2797,37.7682],[-122.2861,37.7695],[-122.2916,37.7701],[-122.294,37.7704],[-122.3043,37.7746],[-122.3189,37.779],[-122.3292,37.7832],[-122.3308,37.7838],[-122.331,37.786],[-122.3317,37.7961],[-122.3357,37.7997],[-122.3356,37.8],[-122.3337,37.8098],[-122.3333,37.8103],[-122.3236,37.8232],[-122.3177,37.8268],[-122.3062,37.8275],[-122.3039,37.8301],[-122.3035,37.8329],[-122.3014,37.8473],[-122.3013,37.8478],[-122.3105,37.8739],[-122.3103,37.8819],[-122.3101,37.8884],[-122.31,37.8928],[-122.3133,37.897],[-122.3135,37.8972],[-122.3237,37.9058],[-122.3345,37.9088],[-122.3571,37.9088],[-122.3607,37.9057],[-122.3623,37.9042],[-122.3676,37.9039],[-122.3787,37.9052],[-122.3859,37.9081],[-122.3892,37.9101],[-122.3905,37.9225],[-122.3951,37.9271],[-122.4013,37.9284],[-122.4137,37.9373],[-122.4174,37.9435],[-122.4301,37.9631],[-122.4298,37.9654],[-122.4154,37.9631],[-122.4118,37.9605],[-122.4084,37.9575],[-122.3998,37.956],[-122.3969,37.9613],[-122.3922,37.97],[-122.3821,37.9733],[-122.3676,37.9782],[-122.3619,37.99],[-122.363,37.9944],[-122.3669,37.9985],[-122.3689,38.0079],[-122.3679,38.0125],[-122.3637,38.0142],[-122.3595,38.0099],[-122.3401,38.0037],[-122.3339,38.0049],[-122.3319,38.0053],[-122.3311,38.0059],[-122.3211,38.0129],[-122.3155,38.0135],[-122.3132,38.0131],[-122.3008,38.0109],[-122.2995,38.0118],[-122.2945,38.0152],[-122.2851,38.0216],[-122.2835,38.0227],[-122.2733,38.0335],[-122.2629,38.0446],[-122.2629,38.0515],[-122.2667,38.0601],[-122.273,38.0744],[-122.2828,38.0829],[-122.3018,38.1051],[-122.3173,38.112],[-122.3688,38.1356],[-122.3936,38.1434],[-122.3974,38.1417],[-122.4098,38.1362],[-122.4396,38.1169],[-122.4425,38.1167],[-122.4504,38.1163],[-122.455,38.1189],[-122.4844,38.115],[-122.49,38.112],[-122.4907,38.1098],[-122.4913,38.1081],[-122.49,38.097],[-122.4892,38.0954],[-122.4867,38.0901],[-122.4838,38.0718],[-122.4856,38.0685],[-122.4923,38.0564],[-122.4949,38.0475],[-122.4995,38.0322],[-122.4978,38.0194],[-122.4957,38.0167],[-122.4946,38.0151],[-122.4815,38.0076],[-122.4628,38.0034],[-122.4547,37.9974],[-122.453,37.9962],[-122.4484,37.9883],[-122.4484,37.9847],[-122.4566,37.9788],[-122.4625,37.9814],[-122.472,37.9818],[-122.4843,37.9706],[-122.4887,37.9667],[-122.4903,37.9648],[-122.4903,37.9592],[-122.4877,37.9487],[-122.4805,37.9454],[-122.4796,37.9429],[-122.4792,37.9415],[-122.4857,37.9376],[-122.4943,37.9386],[-122.4995,37.9392],[-122.5031,37.9366],[-122.5031,37.9288],[-122.4936,37.9219],[-122.4864,37.9219],[-122.4841,37.921],[-122.4782,37.9186],[-122.472,37.9104],[-122.4723,37.9026],[-122.4715,37.9021],[-122.4586,37.8941],[-122.4484,37.8934],[-122.4392,37.8839],[-122.4383,37.881],[-122.45,37.8712],[-122.4548,37.8703],[-122.4622,37.8689],[-122.4834,37.8901],[-122.4846,37.8903],[-122.4998,37.8934],[-122.501,37.8937],[-122.4972,37.8752],[-122.4963,37.8708],[-122.4831,37.864],[-122.4818,37.8579],[-122.4792,37.8454],[-122.4765,37.8325],[-122.4792,37.8254],[-122.4835,37.8267],[-122.5054,37.8221],[-122.5292,37.819],[-122.5373,37.8303],[-122.549,37.8362],[-122.5615,37.8518],[-122.5843,37.8592],[-122.6013,37.8751],[-122.6271,37.8861],[-122.6272,37.8862],[-122.64,37.8973],[-122.6565,37.9045],[-122.6785,37.9066],[-122.6822,37.9064],[-122.6936,37.9012],[-122.7026,37.8938],[-122.7273,37.9046],[-122.7329,37.9202],[-122.7369,37.9258],[-122.7546,37.9355],[-122.7661,37.938],[-122.7832,37.9513],[-122.7917,37.9694],[-122.7974,37.9767],[-122.8214,37.9967],[-122.8566,38.0167],[-122.8821,38.0253],[-122.9397,38.0319],[-122.9568,38.0287],[-122.9724,38.0202],[-122.9834,38.0046],[-122.9775,37.9982],[-122.9776,37.9926],[-122.9847,37.99],[-123.0111,37.9917],[-123.0196,37.9942],[-123.019,38.0012],[-123.0102,38.0063],[-122.9924,38.0418],[-122.9609,38.113],[-122.9521,38.1386],[-122.9491,38.1541],[-122.9496,38.164],[-122.9536,38.1757],[-122.9654,38.1871],[-122.9664,38.1985],[-122.9681,38.2024],[-122.9896,38.2291],[-122.9865,38.2359],[-122.9766,38.2376],[-122.9698,38.2388],[-122.9672,38.2507],[-122.9771,38.2679],[-122.9863,38.2732],[-122.9946,38.2831],[-122.9971,38.2895],[-123.0029,38.2957],[-123.0041,38.297],[-123.0243,38.3106],[-123.0387,38.3136],[-123.0511,38.3107],[-123.0535,38.3057],[-123.0526,38.3035],[-123.052,38.3022],[-123.0535,38.2994],[-123.0582,38.2984],[-123.0637,38.3022],[-123.0747,38.3226],[-123.0684,38.3352],[-123.0683,38.3599],[-123.0856,38.3905],[-123.1037,38.4155],[-123.1224,38.4373],[-123.1288,38.4504],[-123.1453,38.4594],[-123.1556,38.467],[-123.1664,38.4749],[-123.1797,38.4821],[-123.2023,38.4943],[-123.2498,38.511],[-123.2872,38.5402],[-123.2972,38.5435],[-123.3319,38.5655],[-123.3433,38.59],[-123.3496,38.5968],[-123.3719,38.6072],[-123.3793,38.622],[-123.3982,38.647],[-123.403,38.6494],[-123.4057,38.6567],[-123.4327,38.6871],[-123.4418,38.6997],[-123.4539,38.7105],[-123.4613,38.717],[-123.49,38.7322],[-123.5148,38.742],[-123.5252,38.7538],[-123.5335,38.7684],[-123.5418,38.7768],[-123.572,38.7982],[-123.5799,38.8028],[-123.5864,38.8029],[-123.6002,38.8141],[-123.6016,38.819],[-123.6053,38.8228],[-123.6386,38.8439],[-123.6427,38.844],[-123.6474,38.8455],[-123.6522,38.8546],[-123.6547,38.8656],[-123.6598,38.8725],[-123.6881,38.8936],[-123.7105,38.9132],[-123.7254,38.9174],[-123.7276,38.9295],[-123.7263,38.9364],[-123.7389,38.9541],[-123.7329,38.955],[-123.7291,38.9567],[-123.7213,38.9639],[-123.7111,38.9773],[-123.6969,39.0044],[-123.6907,39.0213],[-123.6901,39.0312],[-123.694,39.0574],[-123.7111,39.1023],[-123.7134,39.1084],[-123.718,39.1282],[-123.735,39.1429],[-123.7422,39.1649],[-123.761,39.1916],[-123.7659,39.1937],[-123.775,39.2121],[-123.7774,39.2372],[-123.7879,39.2643],[-123.7965,39.2697],[-123.799,39.2714],[-123.8038,39.2788],[-123.8018,39.2835],[-123.8031,39.2917],[-123.8114,39.3128],[-123.8088,39.3244],[-123.8174,39.3388],[-123.8221,39.3439],[-123.8253,39.3608],[-123.8259,39.3651],[-123.8263,39.3687],[-123.8223,39.38],[-123.8206,39.4048],[-123.8188,39.4172],[-123.8173,39.428],[-123.8147,39.4465],[-123.8043,39.4715],[-123.7956,39.4922],[-123.7842,39.5094],[-123.7785,39.5215],[-123.7665,39.5528],[-123.7665,39.5532],[-123.7672,39.5599],[-123.7874,39.6046],[-123.7835,39.6095],[-123.7823,39.6215],[-123.7864,39.6599],[-123.7927,39.6841],[-123.8082,39.7107],[-123.8247,39.7181],[-123.8295,39.7231],[-123.8316,39.7306],[-123.8351,39.7388],[-123.8381,39.7524],[-123.8372,39.7762],[-123.8398,39.7956],[-123.8517,39.832],[-123.8538,39.8341],[-123.8815,39.8454],[-123.9077,39.863],[-123.9151,39.8753],[-123.9159,39.8811],[-123.93,39.9097],[-123.955,39.9224],[-123.9627,39.9376],[-123.98,39.9625],[-123.9959,39.973],[-124.0239,40.0013],[-124.0359,40.0133],[-124.0564,40.0243],[-124.0651,40.0248],[-124.0689,40.0213],[-124.0725,40.0227],[-124.08,40.0298],[-124.0807,40.0661],[-124.0871,40.0784],[-124.1105,40.1038],[-124.14,40.1164],[-124.1708,40.1242],[-124.1769,40.1265],[-124.1879,40.1305],[-124.2149,40.1609],[-124.2311,40.1716],[-124.2584,40.1843],[-124.2965,40.2088],[-124.3209,40.2266],[-124.3277,40.2374],[-124.3431,40.244],[-124.3527,40.2505],[-124.3634,40.261],[-124.3636,40.2762],[-124.3479,40.3146],[-124.3531,40.3314],[-124.3566,40.335],[-124.3628,40.35],[-124.3654,40.3749],[-124.3736,40.3929],[-124.3791,40.3988],[-124.3915,40.407],[-124.4026,40.4221],[-124.4096,40.4381],[-124.4086,40.4432],[-124.3966,40.4621],[-124.3849,40.4898],[-124.3832,40.4999],[-124.387,40.505],[-124.3828,40.519],[-124.3791,40.5229],[-124.3635,40.5487],[-124.3294,40.6164],[-124.3151,40.6395],[-124.3126,40.6413],[-124.3122,40.6419],[-124.2891,40.6796],[-124.2484,40.7352],[-124.2336,40.7604],[-124.2282,40.7694],[-124.2019,40.8051],[-124.1767,40.8436],[-124.1583,40.8761],[-124.1371,40.9257],[-124.1367,40.9268],[-124.1281,40.956],[-124.1259,40.9631],[-124.1181,40.9893],[-124.1126,41.0251],[-124.1122,41.0282],[-124.1254,41.0485],[-124.1329,41.0525],[-124.1382,41.0543],[-124.1429,41.054],[-124.1472,41.0529],[-124.1489,41.0515],[-124.1513,41.0511],[-124.1536,41.0536],[-124.154,41.0599],[-124.1545,41.0872],[-124.1606,41.099],[-124.1591,41.122],[-124.1654,41.1298],[-124.164,41.1387],[-124.1585,41.143],[-124.1497,41.1408],[-124.1438,41.1447],[-124.1227,41.1897],[-124.107,41.2297],[-124.1064,41.2407],[-124.0923,41.2877],[-124.079,41.3471],[-124.0723,41.3748],[-124.0631,41.4396],[-124.0655,41.4647],[-124.0661,41.4703],[-124.0759,41.5018],[-124.0814,41.5112],[-124.082,41.5478],[-124.0924,41.5536],[-124.1011,41.5692],[-124.1014,41.5785],[-124.0974,41.5853],[-124.101,41.6025],[-124.1144,41.6168],[-124.116,41.6288],[-124.1202,41.6404],[-124.1356,41.6573],[-124.1394,41.6717],[-124.1384,41.6789],[-124.1435,41.7093],[-124.1474,41.718],[-124.1542,41.7287],[-124.1542,41.7288],[-124.1647,41.7401],[-124.1774,41.7458],[-124.1854,41.7394],[-124.191,41.7361],[-124.1933,41.7365],[-124.195,41.7368],[-124.2038,41.747],[-124.2151,41.7545],[-124.2397,41.7708],[-124.2423,41.772],[-124.2434,41.7719],[-124.2487,41.7715],[-124.256,41.783],[-124.245,41.7923],[-124.2307,41.8187],[-124.227,41.8279],[-124.2196,41.8464],[-124.2084,41.8882],[-124.2038,41.9366],[-124.2034,41.941],[-124.2049,41.9834],[-124.2116,41.9985],[-124.2142,42.0059],[-124.2448,42.0275],[-124.2701,42.0453],[-124.2705,42.0456],[-124.2874,42.046],[-124.2996,42.0517],[-124.3143,42.0679],[-124.3155,42.069],[-124.341,42.0929],[-124.3562,42.115],[-124.3571,42.118],[-124.3515,42.1298],[-124.3518,42.135],[-124.3557,42.142],[-124.3616,42.1438],[-124.366,42.1523],[-124.3668,42.1585],[-124.3634,42.1586],[-124.3603,42.1623],[-124.361,42.1808],[-124.3678,42.1883],[-124.3732,42.1902],[-124.3749,42.1931],[-124.3762,42.1964],[-124.3756,42.2088],[-124.3778,42.2188],[-124.3836,42.2272],[-124.411,42.2505],[-124.4115,42.2541],[-124.4085,42.2606],[-124.4052,42.2779],[-124.4051,42.2781],[-124.4106,42.3074],[-124.4293,42.3317],[-124.4272,42.3349],[-124.4256,42.3519],[-124.4241,42.3772],[-124.4249,42.3954],[-124.4281,42.4203],[-124.4286,42.4215],[-124.4349,42.4349],[-124.4351,42.4402],[-124.422,42.4612],[-124.4231,42.479],[-124.4214,42.4917],[-124.3991,42.5399],[-124.3907,42.5666],[-124.39,42.5748],[-124.4009,42.5975],[-124.3994,42.6181],[-124.4012,42.6272],[-124.4131,42.6579],[-124.4168,42.6616],[-124.4507,42.6758],[-124.4515,42.6778],[-124.4479,42.6841],[-124.4475,42.6847],[-124.4484,42.6899],[-124.4739,42.7327],[-124.4917,42.7418],[-124.4985,42.7411],[-124.4991,42.7386],[-124.51,42.7347],[-124.5134,42.7351],[-124.5147,42.7368],[-124.5162,42.7536],[-124.5244,42.7898],[-124.5361,42.8142],[-124.5442,42.823],[-124.5524,42.8406],[-124.5001,42.9175],[-124.4809,42.9515],[-124.4796,42.9543],[-124.4626,42.9914],[-124.4569,43.0003],[-124.4362,43.0713],[-124.433,43.0923],[-124.4322,43.0974],[-124.4345,43.116],[-124.4276,43.1232],[-124.4241,43.1269],[-124.4176,43.1437],[-124.4017,43.1849],[-124.3953,43.2111],[-124.3953,43.2113],[-124.3956,43.2239],[-124.3825,43.2702],[-124.3889,43.2905],[-124.394,43.2993],[-124.4004,43.3021],[-124.4028,43.3059],[-124.3876,43.326],[-124.373,43.339],[-124.3533,43.3427],[-124.3416,43.3513],[-124.315,43.3884],[-124.2869,43.4363],[-124.2782,43.4546],[-124.2556,43.5022],[-124.2335,43.5571],[-124.232,43.5626],[-124.2187,43.6109],[-124.203,43.6678],[-124.2038,43.6703],[-124.2049,43.674],[-124.1983,43.6895],[-124.1935,43.7061],[-124.1684,43.8089],[-124.1586,43.8637],[-124.1503,43.9109],[-124.1427,43.9582],[-124.1381,43.9969],[-124.1358,44.017],[-124.1335,44.0358],[-124.1243,44.0928],[-124.1224,44.1044],[-124.1258,44.1261],[-124.117,44.1719],[-124.1144,44.1982],[-124.1157,44.2066],[-124.1111,44.2351],[-124.1089,44.2655],[-124.1097,44.2706],[-124.1149,44.2727],[-124.116,44.2746],[-124.1159,44.2762],[-124.1152,44.2865],[-124.1091,44.3037],[-124.1081,44.3099],[-124.1096,44.3145],[-124.1006,44.3319],[-124.0921,44.3704],[-124.0919,44.3718],[-124.0844,44.4156],[-124.0837,44.4231],[-124.0821,44.4415],[-124.0821,44.4782],[-124.0844,44.4869],[-124.0836,44.5011],[-124.078,44.5244],[-124.0764,44.5312],[-124.0673,44.608],[-124.0691,44.613],[-124.0681,44.6156],[-124.0652,44.6224],[-124.065,44.6325],[-124.0621,44.6438],[-124.0583,44.6587],[-124.0583,44.6589],[-124.06,44.6694],[-124.0704,44.6835],[-124.0634,44.7032],[-124.0591,44.7377],[-124.0663,44.7627],[-124.0755,44.7714],[-124.0751,44.7785],[-124.0741,44.7981],[-124.0667,44.8312],[-124.0632,44.8353],[-124.0542,44.8382],[-124.0488,44.85],[-124.0459,44.859],[-124.0323,44.9008],[-124.0254,44.927],[-124.0251,44.9282],[-124.0257,44.9365],[-124.025,44.9415],[-124.0238,44.9498],[-124.0171,44.9758],[-124.0152,44.9829],[-124.0145,44.9873],[-124.0046,45.045],[-124.0044,45.0462],[-124.0047,45.0482],[-124.0098,45.0473],[-124.018,45.0498],[-124.0159,45.0648],[-124.0122,45.0769],[-124.0061,45.0847],[-124.0049,45.0842],[-123.9895,45.094],[-123.9754,45.1455],[-123.9736,45.1596],[-123.9682,45.2012],[-123.9685,45.2023],[-123.9729,45.2168],[-123.9629,45.2802],[-123.9642,45.317],[-123.9729,45.3369],[-123.9787,45.3389],[-124.0078,45.3368],[-124.0075,45.3397],[-123.9797,45.3477],[-123.979,45.3486],[-123.9734,45.3548],[-123.9657,45.3862],[-123.9606,45.4308],[-123.9641,45.4491],[-123.973,45.4675],[-123.9738,45.4725],[-123.9765,45.4897],[-123.9708,45.4935],[-123.9663,45.4934],[-123.9576,45.5104],[-123.9476,45.5649],[-123.9509,45.5672],[-123.9567,45.5713],[-123.9512,45.5858],[-123.9417,45.6453],[-123.9399,45.6562],[-123.939,45.6619],[-123.9392,45.6838],[-123.9394,45.7088],[-123.941,45.7167],[-123.9431,45.727],[-123.946,45.7332],[-123.9541,45.7418],[-123.9686,45.757],[-123.9826,45.7618],[-123.9819,45.7683],[-123.9695,45.7824],[-123.9694,45.7831],[-123.9615,45.8371],[-123.9627,45.87],[-123.9676,45.9078],[-123.9795,45.9304],[-123.993,45.9388],[-123.9937,45.9464],[-123.9829,45.9568],[-123.9793,45.9602],[-123.97,45.9691],[-123.9574,45.9745],[-123.9418,45.9757],[-123.9375,45.9773],[-123.9364,45.9809],[-123.9279,46.0096],[-123.9279,46.0105],[-123.9293,46.042],[-123.93,46.0468],[-123.9334,46.0717],[-123.9475,46.1161],[-123.9592,46.1417],[-123.9616,46.1461],[-123.9741,46.1688],[-123.9968,46.204],[-124.0103,46.2235],[-124.0243,46.2293],[-124.0114,46.2362],[-124.002,46.2373],[-123.9981,46.2353],[-123.9889,46.2271],[-123.9729,46.2127],[-123.9501,46.2041],[-123.927,46.1916],[-123.9124,46.1794],[-123.9042,46.1693],[-123.8912,46.1648],[-123.859,46.1582],[-123.8548,46.1573],[-123.8428,46.1605],[-123.8418,46.1679],[-123.8415,46.1698],[-123.8633,46.1824],[-123.8666,46.1877],[-123.8642,46.1895],[-123.8497,46.1911],[-123.8388,46.1922],[-123.8244,46.1906],[-123.8218,46.1903],[-123.7939,46.1963],[-123.7832,46.1985],[-123.7719,46.2034],[-123.7669,46.2063],[-123.7633,46.211],[-123.7576,46.213],[-123.7505,46.2081],[-123.7458,46.2048],[-123.7357,46.2013],[-123.7278,46.1966],[-123.7181,46.189],[-123.6934,46.1898],[-123.6742,46.1982],[-123.6754,46.2124],[-123.6738,46.2154],[-123.6668,46.2182],[-123.6609,46.2163],[-123.6442,46.2132],[-123.6323,46.2132],[-123.6264,46.2142],[-123.6195,46.2153],[-123.602,46.2247],[-123.5862,46.2287],[-123.5482,46.2482],[-123.5477,46.2591],[-123.5476,46.2656],[-123.5599,46.2651],[-123.5644,46.2622],[-123.5816,46.2605],[-123.6135,46.26],[-123.6695,46.2668],[-123.6791,46.2725],[-123.6801,46.2779],[-123.6781,46.2865],[-123.6788,46.2907],[-123.6806,46.296],[-123.6878,46.2992],[-123.7008,46.3053],[-123.7243,46.3012],[-123.724,46.2951],[-123.7279,46.2897],[-123.7286,46.2887],[-123.7415,46.2903],[-123.7596,46.2751],[-123.7667,46.2735],[-123.7751,46.2746],[-123.7827,46.2802],[-123.7956,46.2845],[-123.8061,46.2836],[-123.8755,46.2398],[-123.9093,46.2455],[-123.9196,46.2512],[-123.9544,46.277],[-123.9694,46.2914],[-123.9709,46.2939],[-123.9704,46.2994],[-123.9745,46.3031],[-123.9852,46.309],[-124.0013,46.3133],[-124.0204,46.3157],[-124.0206,46.3157],[-124.0299,46.3083],[-124.0356,46.2968],[-124.0388,46.2837],[-124.044,46.2759],[-124.061,46.2788],[-124.0807,46.2672],[-124.0822,46.2692],[-124.0817,46.2747],[-124.0763,46.2965],[-124.0714,46.3055],[-124.0646,46.3269],[-124.0643,46.3304],[-124.0634,46.3388],[-124.0603,46.3678],[-124.0584,46.3865],[-124.058,46.3953],[-124.0574,46.4093],[-124.0572,46.4666],[-124.057,46.4913],[-124.057,46.4933],[-124.0585,46.5127],[-124.062,46.5562],[-124.0684,46.6014],[-124.0696,46.6307],[-124.0687,46.6349],[-124.0627,46.6426],[-124.0565,46.6456],[-124.0484,46.6458],[-124.0359,46.6308],[-124.0527,46.6228],[-124.0508,46.6174],[-124.0288,46.591],[-124.0236,46.5826],[-124.0231,46.5641],[-124.026,46.5316],[-124.0295,46.5104],[-124.0317,46.4964],[-124.031,46.4918],[-124.026,46.463],[-124.0256,46.4594],[-124.017,46.3921],[-124.0153,46.3787],[-124.0072,46.3715],[-123.9848,46.3787],[-123.9639,46.3767],[-123.9581,46.3779],[-123.9537,46.3788],[-123.9499,46.4103],[-123.962,46.4089],[-123.967,46.4157],[-123.9653,46.4333],[-123.9766,46.4413],[-123.9884,46.445],[-123.9906,46.463],[-123.9909,46.4657],[-123.9942,46.4689],[-123.9927,46.4886],[-123.9884,46.497],[-123.9837,46.4985],[-123.9791,46.4974],[-123.9792,46.4899],[-123.9708,46.4754],[-123.968,46.4735],[-123.9425,46.4652],[-123.9394,46.4672],[-123.9437,46.4772],[-123.9212,46.5077],[-123.9059,46.5171],[-123.8967,46.5227],[-123.8972,46.5285],[-123.8943,46.537],[-123.9033,46.5519],[-123.9169,46.5626],[-123.9202,46.5673],[-123.9223,46.5771],[-123.9289,46.5889],[-123.9391,46.5963],[-123.9556,46.6036],[-123.9592,46.6136],[-123.9606,46.6364],[-123.9406,46.6409],[-123.9219,46.6503],[-123.9209,46.6536],[-123.9233,46.6727],[-123.9156,46.6786],[-123.8956,46.6837],[-123.8649,46.6987],[-123.8514,46.7026],[-123.8375,46.7025],[-123.833,46.7025],[-123.8292,46.709],[-123.8335,46.7183],[-123.8487,46.7199],[-123.8621,46.7277],[-123.8708,46.7283],[-123.8767,46.7307],[-123.8896,46.7461],[-123.8931,46.7502],[-123.8986,46.7502],[-123.9107,46.7467],[-123.9164,46.7413],[-123.9158,46.7373],[-123.9128,46.7306],[-123.9169,46.7267],[-123.9291,46.7253],[-123.9487,46.7254],[-123.9686,46.7361],[-123.975,46.7334],[-123.9797,46.7247],[-123.9752,46.714],[-123.9669,46.7052],[-123.9737,46.7034],[-123.9875,46.7075],[-123.9942,46.7079],[-124.0035,46.7023],[-124.0224,46.709],[-124.0425,46.72],[-124.0421,46.7228],[-124.0464,46.7257],[-124.0631,46.7337],[-124.081,46.735],[-124.0922,46.7416],[-124.0965,46.7462],[-124.095,46.7568],[-124.0967,46.7844],[-124.0983,46.7941],[-124.1012,46.8107],[-124.1081,46.8364],[-124.1157,46.8586],[-124.123,46.8798],[-124.1382,46.9055],[-124.1177,46.9124],[-124.1106,46.9125],[-124.0934,46.9012],[-124.0904,46.8955],[-124.0893,46.8677],[-124.0731,46.8615],[-124.0681,46.863],[-124.0663,46.8635],[-124.0611,46.8651],[-124.0551,46.8704],[-124.0493,46.8913],[-124.0463,46.894],[-124.0362,46.8985],[-124.0137,46.9036],[-124.0095,46.9103],[-123.9851,46.9219],[-123.9794,46.923],[-123.9575,46.9213],[-123.9153,46.933],[-123.8829,46.9399],[-123.8779,46.9418],[-123.8602,46.9486],[-123.8633,46.951],[-123.8761,46.9611],[-123.8854,46.9665],[-123.8894,46.9689],[-123.8982,46.9719],[-123.9216,46.9719],[-123.9392,46.9697],[-123.948,46.9718],[-123.9592,46.9818],[-123.9916,46.9802],[-124.0122,46.9852],[-124.0197,46.9912],[-124.0101,46.9979],[-124.0058,47.0032],[-124.0052,47.0039],[-124.017,47.0117],[-124.017,47.0148],[-124.0263,47.0302],[-124.0605,47.0397],[-124.0659,47.0411],[-124.1064,47.0426],[-124.1221,47.0417],[-124.1415,47.0351],[-124.149,47.0293],[-124.1513,47.0211],[-124.1497,47.0167],[-124.1397,46.9884],[-124.138,46.971],[-124.1244,46.9439],[-124.1413,46.9403],[-124.1586,46.9294],[-124.1801,46.9264],[-124.1745,46.9416],[-124.1712,46.9584],[-124.1691,46.9945],[-124.1705,47.0175],[-124.1735,47.0664],[-124.1767,47.093],[-124.1838,47.1248],[-124.1828,47.134],[-124.1858,47.136],[-124.1897,47.1468],[-124.1959,47.174],[-124.209,47.2182],[-124.2195,47.2447],[-124.2363,47.2873],[-124.2422,47.2951],[-124.2536,47.3025],[-124.2575,47.3041],[-124.2712,47.305],[-124.2864,47.3252],[-124.2933,47.3393],[-124.2999,47.3484],[-124.3075,47.3523],[-124.3194,47.3556],[-124.3241,47.3676],[-124.3266,47.3888],[-124.3367,47.416],[-124.3452,47.489],[-124.3536,47.5335],[-124.356,47.5457],[-124.359,47.5476],[-124.3662,47.5824],[-124.3717,47.5996],[-124.3749,47.6039],[-124.3822,47.6323],[-124.396,47.6655],[-124.4121,47.6912],[-124.4202,47.7253],[-124.4252,47.7384],[-124.4305,47.7462],[-124.4539,47.7653],[-124.4717,47.7669],[-124.4766,47.7697],[-124.4822,47.7975],[-124.4897,47.817],[-124.498,47.8226],[-124.5067,47.8239],[-124.5128,47.8225],[-124.5399,47.837],[-124.5583,47.856],[-124.559,47.8631],[-124.5624,47.8662],[-124.5882,47.8779],[-124.6095,47.88],[-124.6108,47.8806],[-124.6255,47.888],[-124.6302,47.8925],[-124.6297,47.897],[-124.6454,47.9353],[-124.652,47.9432],[-124.6623,47.9515],[-124.6724,47.9644],[-124.6708,47.9824],[-124.679,48.0157],[-124.6822,48.036],[-124.6854,48.0492],[-124.6884,48.0549],[-124.6937,48.0587],[-124.6965,48.0693],[-124.6951,48.0871],[-124.6886,48.0925],[-124.6871,48.0987],[-124.6951,48.1149],[-124.7217,48.1532],[-124.7317,48.1604],[-124.7332,48.1634]],[[-123.2371,48.6835],[-123.2366,48.689],[-123.2129,48.6897],[-123.198,48.6847],[-123.1861,48.6849],[-123.1721,48.6799],[-123.148,48.668],[-123.131,48.6568],[-123.122,48.6471],[-123.1062,48.6335],[-123.1197,48.633],[-123.135,48.6372],[-123.1707,48.6514],[-123.1796,48.6549],[-123.2159,48.6694],[-123.2371,48.6835]],[[-123.203,48.5962],[-123.1957,48.6071],[-123.1784,48.6221],[-123.1516,48.6237],[-123.1397,48.6228],[-123.1356,48.6202],[-123.1074,48.6225],[-123.0985,48.6128],[-123.0983,48.6101],[-123.1021,48.604],[-123.1016,48.5978],[-123.0746,48.5918],[-123.06,48.5821],[-123.0484,48.5692],[-123.0337,48.5634],[-123.024,48.5621],[-123.015,48.5608],[-123.0059,48.5612],[-122.9873,48.5619],[-122.9861,48.57],[-122.9896,48.5747],[-122.995,48.5782],[-123.0048,48.5808],[-123.0166,48.5802],[-123.0232,48.5846],[-123.0341,48.5918],[-123.0249,48.5945],[-123.0234,48.5995],[-123.0412,48.6119],[-123.0465,48.6115],[-123.0487,48.621],[-123.0235,48.634],[-123.0156,48.6426],[-123.0148,48.6475],[-123.0099,48.6551],[-122.9889,48.6672],[-122.9849,48.6727],[-122.9491,48.6934],[-122.9413,48.7029],[-122.9424,48.7067],[-122.9183,48.7135],[-122.9063,48.7143],[-122.8946,48.715],[-122.8759,48.7121],[-122.8331,48.6982],[-122.8025,48.6827],[-122.8003,48.6796],[-122.743,48.662],[-122.7421,48.6607],[-122.755,48.6495],[-122.7839,48.6354],[-122.7921,48.6335],[-122.8096,48.619],[-122.8089,48.6153],[-122.799,48.6047],[-122.7988,48.6024],[-122.8002,48.6017],[-122.8049,48.5959],[-122.8026,48.5896],[-122.8011,48.5854],[-122.7866,48.5767],[-122.7712,48.5624],[-122.7703,48.5581],[-122.7724,48.5521],[-122.7826,48.5452],[-122.7885,48.5304],[-122.7873,48.523],[-122.7775,48.5178],[-122.7791,48.5089],[-122.8004,48.4945],[-122.8163,48.4878],[-122.8179,48.4839],[-122.8197,48.4588],[-122.8131,48.4529],[-122.8108,48.449],[-122.8077,48.4441],[-122.8025,48.4331],[-122.8035,48.4287],[-122.8122,48.4223],[-122.8258,48.4241],[-122.8741,48.4182],[-122.8838,48.4188],[-122.8936,48.4227],[-122.889,48.4359],[-122.9032,48.437],[-122.9139,48.4432],[-122.9178,48.4398],[-122.928,48.44],[-122.9165,48.4533],[-122.9201,48.4584],[-122.9269,48.4609],[-122.9379,48.4562],[-122.9506,48.4536],[-122.962,48.4512],[-123.0392,48.46],[-123.0582,48.4715],[-123.0677,48.4795],[-123.1195,48.4926],[-123.1211,48.4935],[-123.1415,48.5053],[-123.1485,48.5116],[-123.1511,48.514],[-123.1632,48.5295],[-123.1641,48.5356],[-123.1619,48.5393],[-123.1615,48.5476],[-123.1724,48.5565],[-123.1763,48.5621],[-123.1759,48.5685],[-123.172,48.5723],[-123.1731,48.5791],[-123.1849,48.587],[-123.1978,48.5862],[-123.2027,48.5902],[-123.203,48.5962]],[[-123.0905,49.002],[-123.0354,49.0022],[-123.0215,48.9773],[-123.0281,48.9739],[-123.041,48.9773],[-123.0607,48.9754],[-123.0838,48.9761],[-123.0845,48.9865],[-123.0905,49.002]],[[-123.0704,48.7],[-123.0402,48.7173],[-123.0255,48.718],[-123.0197,48.7213],[-123.0098,48.7223],[-123.0075,48.7189],[-123.0051,48.6943],[-123.0144,48.685],[-123.0212,48.6814],[-123.0423,48.6757],[-123.0416,48.6786],[-123.0357,48.6853],[-123.0364,48.6901],[-123.0471,48.6958],[-123.0704,48.7]],[[-122.9207,48.7555],[-122.9181,48.7684],[-122.8985,48.7696],[-122.8775,48.7639],[-122.8803,48.7511],[-122.8968,48.746],[-122.903,48.7485],[-122.9086,48.7507],[-122.9207,48.7555]],[[-122.77,48.2244],[-122.7699,48.2275],[-122.7526,48.2601],[-122.7479,48.2644],[-122.732,48.2794],[-122.7226,48.3043],[-122.7224,48.3044],[-122.7173,48.308],[-122.7071,48.3153],[-122.6946,48.33],[-122.6737,48.3547],[-122.6671,48.3699],[-122.6649,48.3748],[-122.6647,48.4015],[-122.6448,48.4055],[-122.635,48.4042],[-122.6243,48.4005],[-122.6172,48.4071],[-122.6097,48.4116],[-122.602,48.4099],[-122.5967,48.4056],[-122.5954,48.3972],[-122.585,48.3952],[-122.5882,48.369],[-122.5889,48.363],[-122.5852,48.3533],[-122.5655,48.3482],[-122.5513,48.3421],[-122.516,48.3204],[-122.5066,48.31],[-122.5047,48.3004],[-122.5058,48.2977],[-122.5195,48.2883],[-122.5228,48.2855],[-122.531,48.2824],[-122.5518,48.2815],[-122.5559,48.2819],[-122.5583,48.2821],[-122.5749,48.2949],[-122.5841,48.298],[-122.5995,48.2983],[-122.6185,48.2942],[-122.6268,48.289],[-122.6207,48.283],[-122.6238,48.2694],[-122.6377,48.2673],[-122.6482,48.2658],[-122.6526,48.2651],[-122.6534,48.2593],[-122.6692,48.2406],[-122.6809,48.2392],[-122.7218,48.2344],[-122.7262,48.2227],[-122.711,48.2141],[-122.6684,48.224],[-122.6653,48.2237],[-122.6313,48.2207],[-122.6284,48.2225],[-122.6064,48.2083],[-122.5881,48.1859],[-122.5858,48.1824],[-122.5826,48.1704],[-122.5749,48.1556],[-122.5679,48.1486],[-122.5582,48.1196],[-122.5599,48.1142],[-122.5716,48.1051],[-122.5719,48.1021],[-122.5546,48.0774],[-122.5451,48.0525],[-122.5379,48.0161],[-122.5299,48.0186],[-122.518,48.0224],[-122.5097,48.0398],[-122.514,48.0591],[-122.5111,48.0753],[-122.5169,48.0811],[-122.5254,48.0965],[-122.5133,48.0975],[-122.4911,48.0942],[-122.4616,48.0685],[-122.4484,48.0543],[-122.4313,48.045],[-122.4199,48.0419],[-122.4006,48.0366],[-122.3874,48.034],[-122.3763,48.0345],[-122.3733,48.0008],[-122.3692,47.9953],[-122.3536,47.9814],[-122.3528,47.9786],[-122.3503,47.9694],[-122.3496,47.9588],[-122.3507,47.9532],[-122.3588,47.9374],[-122.3679,47.9324],[-122.3768,47.9237],[-122.3758,47.9103],[-122.3773,47.9059],[-122.3805,47.904],[-122.3904,47.9057],[-122.3973,47.9124],[-122.4193,47.9121],[-122.431,47.9147],[-122.4455,47.9302],[-122.4458,47.9362],[-122.4408,47.9466],[-122.4408,47.9518],[-122.4467,47.9632],[-122.4704,47.9862],[-122.4727,47.9884],[-122.4875,47.9907],[-122.5013,47.9871],[-122.5148,47.9812],[-122.5178,47.9749],[-122.5212,47.973],[-122.5468,47.9672],[-122.5521,47.9736],[-122.551,47.9773],[-122.5431,47.986],[-122.5416,47.993],[-122.5429,47.9964],[-122.56,48.0065],[-122.5621,48.0069],[-122.5798,48.01],[-122.5818,48.0104],[-122.6073,48.031],[-122.5968,48.0388],[-122.5936,48.0472],[-122.5949,48.0563],[-122.614,48.0728],[-122.6132,48.0795],[-122.6073,48.088],[-122.5983,48.1106],[-122.6021,48.1352],[-122.6096,48.1519],[-122.6121,48.1542],[-122.6175,48.1591],[-122.6332,48.1633],[-122.656,48.1625],[-122.6712,48.1573],[-122.6773,48.1546],[-122.6796,48.1551],[-122.6866,48.1747],[-122.6931,48.1815],[-122.7115,48.1936],[-122.7159,48.1948],[-122.735,48.2],[-122.7446,48.2097],[-122.763,48.2153],[-122.77,48.2244]],[[-122.7399,48.5839],[-122.7249,48.6033],[-122.7145,48.6088],[-122.6947,48.5966],[-122.6917,48.5906],[-122.6706,48.5688],[-122.6894,48.5439],[-122.7164,48.5399],[-122.7173,48.5397],[-122.7224,48.5406],[-122.724,48.5499],[-122.7305,48.5656],[-122.7362,48.569],[-122.7394,48.5739],[-122.7399,48.5839]],[[-122.7223,48.7316],[-122.7157,48.7487],[-122.7031,48.7436],[-122.6959,48.7373],[-122.6689,48.7066],[-122.6633,48.6971],[-122.6449,48.6914],[-122.6182,48.6707],[-122.6096,48.645],[-122.617,48.6456],[-122.6353,48.6518],[-122.6735,48.6808],[-122.6918,48.7115],[-122.7022,48.717],[-122.7188,48.7168],[-122.722,48.7234],[-122.7223,48.7316]],[[-122.6993,48.6211],[-122.6981,48.6231],[-122.6742,48.6299],[-122.657,48.6099],[-122.6661,48.6081],[-122.6768,48.6101],[-122.6861,48.6133],[-122.6993,48.6211]],[[-122.6543,48.538],[-122.6536,48.549],[-122.6508,48.554],[-122.6524,48.5834],[-122.6494,48.5885],[-122.6426,48.5883],[-122.6293,48.5722],[-122.6108,48.5611],[-122.5929,48.5536],[-122.584,48.5515],[-122.5789,48.5481],[-122.573,48.529],[-122.5836,48.5323],[-122.5902,48.5363],[-122.5999,48.5369],[-122.6199,48.5292],[-122.6357,48.526],[-122.6404,48.5259],[-122.6493,48.5288],[-122.652,48.5313],[-122.6543,48.538]],[[-122.5281,47.3455],[-122.526,47.3589],[-122.5142,47.3723],[-122.5267,47.3986],[-122.5214,47.4055],[-122.5147,47.414],[-122.5133,47.4491],[-122.4979,47.4759],[-122.4827,47.4831],[-122.4747,47.5111],[-122.4524,47.5035],[-122.4604,47.4938],[-122.46,47.4869],[-122.4334,47.4664],[-122.4394,47.4586],[-122.4399,47.4176],[-122.4399,47.417],[-122.4377,47.4074],[-122.4273,47.4021],[-122.3951,47.3993],[-122.3736,47.3887],[-122.3785,47.3853],[-122.4018,47.3813],[-122.4378,47.3656],[-122.4484,47.355],[-122.454,47.3433],[-122.4575,47.3426],[-122.4697,47.3446],[-122.4813,47.3395],[-122.4835,47.3386],[-122.4912,47.3352],[-122.4931,47.3303],[-122.5049,47.3307],[-122.5189,47.3333],[-122.5281,47.3455]],[[-122.5116,47.5477],[-122.5045,47.5517],[-122.4771,47.5461],[-122.4771,47.5324],[-122.4896,47.5255],[-122.4902,47.5252],[-122.5021,47.5284],[-122.5116,47.5477]],[[-122.4448,37.8613],[-122.4386,37.8684],[-122.4308,37.8711],[-122.422,37.868],[-122.4209,37.8571],[-122.4298,37.8531],[-122.4417,37.8557],[-122.4448,37.8613]],[[-122.3785,37.8265],[-122.3779,37.8306],[-122.3699,37.8321],[-122.3632,37.824],[-122.3588,37.8143],[-122.3627,37.8076],[-122.3724,37.8113],[-122.3727,37.8165],[-122.3785,37.8265]],[[-122.3345,48.0189],[-122.3283,48.0213],[-122.3217,48.02],[-122.3129,48.0131],[-122.3035,48.0056],[-122.3066,48.0044],[-122.3261,48.0103],[-122.3345,48.0189]],[[-120.4541,34.0281],[-120.4491,34.0373],[-120.435,34.0419],[-120.4188,34.0521],[-120.4153,34.055],[-120.4113,34.0529],[-120.4036,34.0504],[-120.3962,34.0502],[-120.3909,34.052],[-120.3742,34.0627],[-120.3688,34.0678],[-120.3686,34.0712],[-120.3702,34.0749],[-120.3683,34.0765],[-120.3623,34.0731],[-120.355,34.0593],[-120.3603,34.0558],[-120.3586,34.0502],[-120.3469,34.0466],[-120.3312,34.0491],[-120.319,34.042],[-120.3132,34.0366],[-120.3021,34.0236],[-120.3045,34.0212],[-120.3171,34.0188],[-120.3477,34.0201],[-120.3553,34.0179],[-120.3579,34.015],[-120.3751,34.0188],[-120.4094,34.0322],[-120.4152,34.0322],[-120.419,34.0289],[-120.4274,34.0254],[-120.4541,34.0281]],[[-120.2485,33.9993],[-120.2474,34.0019],[-120.2387,34.0076],[-120.23,34.0101],[-120.2213,34.0104],[-120.2085,34.0057],[-120.1958,34.0043],[-120.1673,34.0082],[-120.1517,34.0181],[-120.1476,34.0248],[-120.1404,34.026],[-120.1359,34.0261],[-120.1151,34.0199],[-120.0902,34.0198],[-120.0736,34.0245],[-120.0628,34.0312],[-120.062,34.034],[-120.0576,34.0373],[-120.0551,34.0377],[-120.0433,34.0358],[-120.044,34.0248],[-120.0478,34.0212],[-120.0504,34.0133],[-120.0489,34.0099],[-120.0466,34],[-120.0413,33.9945],[-120.0257,33.9856],[-120.0111,33.9799],[-120.0038,33.9795],[-119.9843,33.9839],[-119.9789,33.9831],[-119.9799,33.9696],[-119.9769,33.9567],[-119.9711,33.9504],[-119.9703,33.9444],[-119.9737,33.9425],[-120.001,33.9416],[-120.0177,33.9364],[-120.0469,33.9196],[-120.0483,33.9176],[-120.0486,33.9158],[-120.0497,33.9146],[-120.0778,33.9089],[-120.0986,33.9079],[-120.1055,33.9043],[-120.1091,33.8991],[-120.1218,33.8957],[-120.169,33.9191],[-120.179,33.928],[-120.1898,33.9477],[-120.1923,33.9503],[-120.1986,33.9522],[-120.2001,33.9569],[-120.2094,33.9724],[-120.2245,33.9891],[-120.2485,33.9993]],[[-119.9233,34.0694],[-119.9192,34.0773],[-119.9129,34.0775],[-119.8911,34.0729],[-119.8573,34.0713],[-119.8259,34.0598],[-119.8187,34.053],[-119.8078,34.0521],[-119.7898,34.0573],[-119.7707,34.0551],[-119.7661,34.0554],[-119.7637,34.0572],[-119.7555,34.0567],[-119.7395,34.0493],[-119.7264,34.0479],[-119.7126,34.0433],[-119.7046,34.0377],[-119.6865,34.0198],[-119.6377,34.0132],[-119.6193,34.0165],[-119.6122,34.0213],[-119.6043,34.0316],[-119.6088,34.0352],[-119.6092,34.0374],[-119.5932,34.0496],[-119.5734,34.0501],[-119.5667,34.0535],[-119.5296,34.0412],[-119.5206,34.0343],[-119.5218,34.0322],[-119.5324,34.0249],[-119.5388,34.024],[-119.5424,34.0211],[-119.5483,34.0098],[-119.5471,34.0055],[-119.5545,33.9978],[-119.5605,33.9955],[-119.5756,33.996],[-119.5902,33.9897],[-119.5969,33.9886],[-119.6191,33.9872],[-119.6211,33.989],[-119.6477,33.9878],[-119.6628,33.9859],[-119.6901,33.9722],[-119.707,33.9692],[-119.7124,33.9654],[-119.7147,33.9614],[-119.7212,33.9596],[-119.743,33.9639],[-119.7504,33.9638],[-119.7581,33.9592],[-119.7959,33.9629],[-119.8427,33.9703],[-119.8734,33.9804],[-119.8771,33.9858],[-119.883,34.0008],[-119.8849,34.0088],[-119.8825,34.0117],[-119.8769,34.0235],[-119.8763,34.0321],[-119.8928,34.0455],[-119.9162,34.0584],[-119.9233,34.0694]],[[-119.5789,33.2786],[-119.562,33.2711],[-119.5552,33.2734],[-119.5476,33.2803],[-119.5438,33.2803],[-119.5329,33.2847],[-119.5281,33.2849],[-119.505,33.2728],[-119.4955,33.2691],[-119.4828,33.264],[-119.4657,33.2592],[-119.4585,33.2547],[-119.4296,33.2282],[-119.4443,33.2192],[-119.4647,33.2154],[-119.476,33.2155],[-119.5007,33.2206],[-119.5117,33.223],[-119.5175,33.2267],[-119.5459,33.2334],[-119.565,33.2474],[-119.5656,33.25],[-119.566,33.2526],[-119.5706,33.2577],[-119.5789,33.2786]],[[-119.4429,34.0134],[-119.4411,34.0156],[-119.4365,34.0211],[-119.3975,34.0143],[-119.3673,34.0236],[-119.3592,34.0179],[-119.3575,34.0167],[-119.3587,34.0138],[-119.362,34.006],[-119.3948,33.9985],[-119.4388,34.0045],[-119.441,34.0092],[-119.4429,34.0134]],[[-119.0452,33.4821],[-119.0319,33.4855],[-119.0266,33.479],[-119.0298,33.4678],[-119.037,33.4655],[-119.0442,33.4683],[-119.0452,33.4821]],[[-118.6066,33.0147],[-118.6055,33.031],[-118.594,33.036],[-118.5752,33.034],[-118.569,33.0292],[-118.5644,33.0249],[-118.5645,33.0186],[-118.5592,33.0063],[-118.5401,32.9809],[-118.5292,32.9709],[-118.4968,32.9338],[-118.4853,32.9235],[-118.479,32.9204],[-118.4606,32.9095],[-118.4468,32.8954],[-118.37,32.8393],[-118.3535,32.822],[-118.3565,32.8173],[-118.3605,32.8199],[-118.38,32.8245],[-118.3874,32.8253],[-118.3946,32.824],[-118.4013,32.8203],[-118.4256,32.8006],[-118.4294,32.8054],[-118.4284,32.8069],[-118.4449,32.8206],[-118.4761,32.8418],[-118.4879,32.8446],[-118.4963,32.8516],[-118.5069,32.8685],[-118.5081,32.8713],[-118.5072,32.8763],[-118.5246,32.8932],[-118.5245,32.8955],[-118.5358,32.9063],[-118.5511,32.9452],[-118.5609,32.9579],[-118.5735,32.9692],[-118.5869,33.0083],[-118.596,33.0154],[-118.6066,33.0147]],[[-118.6033,33.4773],[-118.5956,33.4797],[-118.5445,33.4741],[-118.5307,33.4681],[-118.4997,33.4479],[-118.4856,33.4462],[-118.4776,33.4484],[-118.4458,33.4289],[-118.4236,33.4273],[-118.382,33.4099],[-118.3703,33.4093],[-118.3683,33.4071],[-118.3651,33.3884],[-118.3323,33.3564],[-118.3245,33.3488],[-118.3161,33.3429],[-118.3153,33.342],[-118.3102,33.3358],[-118.3032,33.3203],[-118.3051,33.3103],[-118.3168,33.3011],[-118.3252,33.2991],[-118.3432,33.3052],[-118.3603,33.3153],[-118.3748,33.3201],[-118.4029,33.3209],[-118.44,33.3186],[-118.4563,33.3218],[-118.4654,33.3261],[-118.4819,33.3441],[-118.4888,33.3566],[-118.4826,33.3699],[-118.4785,33.3863],[-118.4849,33.4121],[-118.4887,33.4198],[-118.504,33.4242],[-118.5163,33.4251],[-118.5232,33.4307],[-118.5374,33.4346],[-118.5587,33.4334],[-118.5634,33.4344],[-118.5709,33.4394],[-118.5759,33.4483],[-118.6028,33.4697],[-118.6033,33.4773]],[[-92.0302,29.5727],[-92.0178,29.591],[-92.0093,29.5993],[-92.0053,29.6031],[-91.9826,29.6142],[-91.9609,29.6089],[-91.9399,29.6103],[-91.9279,29.6325],[-91.9005,29.6345],[-91.8863,29.6285],[-91.8664,29.6297],[-91.8482,29.6271],[-91.8309,29.6116],[-91.8066,29.6002],[-91.8027,29.5887],[-91.7847,29.5941],[-91.7766,29.5838],[-91.7652,29.575],[-91.7463,29.5743],[-91.7333,29.5808],[-91.7315,29.5625],[-91.7111,29.5693],[-91.7132,29.5555],[-91.7353,29.5401],[-91.7654,29.5248],[-91.7742,29.5049],[-91.7683,29.4904],[-91.7862,29.4831],[-91.8036,29.4879],[-91.8146,29.4821],[-91.8216,29.4739],[-91.8465,29.4793],[-91.8573,29.5001],[-91.8705,29.5038],[-91.884,29.5017],[-91.9009,29.5139],[-91.9153,29.5185],[-91.9493,29.5363],[-91.9636,29.5359],[-91.972,29.5434],[-92.0151,29.5613],[-92.0302,29.5727]],[[-90.9821,46.9859],[-90.9331,46.9983],[-90.9259,46.9876],[-90.9316,46.9647],[-90.9652,46.9625],[-90.9798,46.9726],[-90.9821,46.9859]],[[-90.792,46.7813],[-90.7873,46.7872],[-90.744,46.7985],[-90.7124,46.8207],[-90.6569,46.8435],[-90.6432,46.8538],[-90.634,46.8644],[-90.622,46.8729],[-90.6165,46.8745],[-90.6026,46.8727],[-90.5874,46.8581],[-90.5744,46.8504],[-90.5731,46.8459],[-90.5783,46.8417],[-90.5845,46.8398],[-90.6138,46.8379],[-90.6797,46.8143],[-90.6783,46.8064],[-90.658,46.7985],[-90.6594,46.7865],[-90.6775,46.7832],[-90.7093,46.7836],[-90.7245,46.781],[-90.7636,46.7549],[-90.7857,46.7537],[-90.7887,46.7601],[-90.782,46.7709],[-90.792,46.7813]],[[-90.7751,47.0241],[-90.7588,47.0331],[-90.7385,47.0195],[-90.7408,47.0024],[-90.7554,46.9985],[-90.7698,47.0036],[-90.7751,47.0241]],[[-90.7656,46.8344],[-90.7534,46.8622],[-90.7453,46.8711],[-90.7342,46.8748],[-90.7218,46.8719],[-90.7197,46.8632],[-90.7216,46.855],[-90.7501,46.8311],[-90.7592,46.8293],[-90.7656,46.8344]],[[-90.7653,46.947],[-90.7405,46.9642],[-90.7151,46.9573],[-90.6945,46.9367],[-90.6886,46.9203],[-90.6993,46.9149],[-90.7371,46.9147],[-90.7653,46.947]],[[-90.765,29.0453],[-90.7508,29.0556],[-90.727,29.0629],[-90.6985,29.0702],[-90.6616,29.0723],[-90.6521,29.0577],[-90.683,29.0504],[-90.7484,29.0401],[-90.765,29.0453]],[[-90.7131,46.9936],[-90.7012,47.0074],[-90.6799,47.0065],[-90.6728,46.9968],[-90.6917,46.9823],[-90.7095,46.9836],[-90.7131,46.9936]],[[-90.7021,46.8866],[-90.6965,46.8912],[-90.686,46.8954],[-90.6777,46.8966],[-90.6702,46.8939],[-90.6682,46.8868],[-90.6743,46.8825],[-90.6883,46.8784],[-90.6996,46.8806],[-90.7021,46.8866]],[[-90.6977,47.0349],[-90.6927,47.045],[-90.6807,47.0481],[-90.6669,47.0402],[-90.6736,47.0235],[-90.6842,47.0192],[-90.6961,47.0232],[-90.6977,47.0349]],[[-90.6791,46.9537],[-90.6779,46.9642],[-90.6496,46.9801],[-90.6344,46.9804],[-90.6317,46.9707],[-90.6625,46.9521],[-90.6791,46.9537]],[[-90.6542,46.9185],[-90.6518,46.9253],[-90.6348,46.9424],[-90.5394,46.9658],[-90.5224,46.9672],[-90.5116,46.9614],[-90.5115,46.9525],[-90.5277,46.9357],[-90.5515,46.9204],[-90.5786,46.9185],[-90.5938,46.9162],[-90.6071,46.9188],[-90.6349,46.9069],[-90.6447,46.909],[-90.6542,46.9185]],[[-90.6283,46.9958],[-90.6262,47.0081],[-90.6067,47.0093],[-90.5978,46.9961],[-90.6158,46.9873],[-90.6283,46.9958]],[[-90.5778,47.033],[-90.5661,47.0378],[-90.5458,47.0179],[-90.5476,47.0001],[-90.5641,46.9954],[-90.5778,47.033]],[[-90.5582,29.0941],[-90.5238,29.091],[-90.4774,29.0754],[-90.4382,29.0723],[-90.4192,29.065],[-90.4427,29.0561],[-90.4881,29.0588],[-90.5368,29.0743],[-90.5387,29.0761],[-90.5582,29.0941]],[[-90.5116,46.8764],[-90.5109,46.8798],[-90.4968,46.8867],[-90.4624,46.8974],[-90.4542,46.8992],[-90.4488,46.8962],[-90.448,46.8924],[-90.4527,46.8885],[-90.4873,46.8715],[-90.4976,46.8695],[-90.5069,46.8721],[-90.5116,46.8764]],[[-90.4653,47.0024],[-90.4567,47.0169],[-90.4571,47.0441],[-90.4491,47.066],[-90.4373,47.0735],[-90.4167,47.0767],[-90.3971,47.0757],[-90.393,47.0679],[-90.4004,47.0466],[-90.4035,47.0254],[-90.4154,47.0134],[-90.4524,46.9974],[-90.4653,47.0024]],[[-90.3762,29.1087],[-90.3598,29.1252],[-90.3515,29.1311],[-90.343,29.1285],[-90.3039,29.0754],[-90.3176,29.0673],[-90.3349,29.0638],[-90.3617,29.1031],[-90.3762,29.1087]],[[-89.6268,29.5352],[-89.6108,29.5365],[-89.589,29.5476],[-89.5752,29.5499],[-89.5646,29.5438],[-89.5784,29.5323],[-89.5904,29.5189],[-89.5997,29.5076],[-89.6177,29.5205],[-89.6268,29.5352]],[[-89.453,30.1391],[-89.4421,30.1444],[-89.4245,30.1535],[-89.4197,30.1465],[-89.4177,30.1437],[-89.429,30.1286],[-89.439,30.1275],[-89.453,30.1391]],[[-89.3422,30.0592],[-89.3164,30.0692],[-89.303,30.0916],[-89.2489,30.1252],[-89.2332,30.135],[-89.2003,30.1556],[-89.1905,30.1618],[-89.186,30.1541],[-89.1833,30.1493],[-89.2037,30.126],[-89.213,30.1154],[-89.2271,30.0951],[-89.2208,30.0714],[-89.1858,30.0639],[-89.1734,30.0434],[-89.184,30.0328],[-89.203,30.0346],[-89.2123,30.0196],[-89.2016,30.0014],[-89.2157,29.9935],[-89.2295,30.0004],[-89.2272,30.0212],[-89.2393,30.0408],[-89.2598,30.0494],[-89.2762,30.0317],[-89.2813,30.0329],[-89.3085,30.0398],[-89.3287,30.0383],[-89.337,30.04],[-89.3422,30.0592]],[[-89.2552,47.8761],[-89.2471,47.8885],[-89.2263,47.8954],[-89.2207,47.9008],[-89.2213,47.9081],[-89.2145,47.9139],[-89.1792,47.935],[-89.0952,47.9679],[-89.0183,47.9925],[-88.9942,48.0023],[-88.9409,48.0196],[-88.9315,48.0216],[-88.9275,48.0196],[-88.915,48.0207],[-88.8951,48.0291],[-88.8963,48.0318],[-88.8937,48.0348],[-88.8357,48.0568],[-88.8161,48.057],[-88.8105,48.0552],[-88.7876,48.063],[-88.7721,48.0705],[-88.7718,48.0795],[-88.7643,48.0852],[-88.7445,48.0928],[-88.7282,48.1019],[-88.7056,48.111],[-88.6954,48.1105],[-88.6844,48.1158],[-88.6756,48.1204],[-88.6764,48.1249],[-88.6742,48.1272],[-88.6569,48.1392],[-88.614,48.1548],[-88.5784,48.1624],[-88.547,48.1749],[-88.5248,48.1653],[-88.5011,48.1682],[-88.492,48.1755],[-88.482,48.1799],[-88.4597,48.1838],[-88.4472,48.1829],[-88.4226,48.191],[-88.4182,48.1804],[-88.4199,48.1707],[-88.4274,48.1668],[-88.4495,48.1633],[-88.4597,48.1586],[-88.4696,48.1529],[-88.4857,48.1377],[-88.5119,48.1217],[-88.5669,48.0937],[-88.5781,48.0844],[-88.5784,48.078],[-88.5759,48.0752],[-88.5739,48.0689],[-88.575,48.0642],[-88.5798,48.0587],[-88.6701,48.0114],[-88.7186,47.9951],[-88.7724,47.9811],[-88.792,47.9789],[-88.8321,47.9652],[-88.8529,47.9653],[-88.8992,47.9533],[-88.918,47.9456],[-88.9236,47.938],[-88.9627,47.9235],[-89.0031,47.9085],[-89.0049,47.8964],[-88.9946,47.8916],[-88.9715,47.8951],[-88.9535,47.8905],[-88.8997,47.9024],[-88.899,47.9007],[-88.9117,47.8913],[-88.9989,47.8675],[-89.0227,47.8585],[-89.0445,47.8558],[-89.0564,47.8526],[-89.108,47.8357],[-89.1241,47.8286],[-89.1577,47.824],[-89.1902,47.8316],[-89.1927,47.8334],[-89.1922,47.8411],[-89.2018,47.8502],[-89.2345,47.8517],[-89.2356,47.8538],[-89.2345,47.8554],[-89.2285,47.858],[-89.2468,47.871],[-89.2509,47.8704],[-89.2552,47.8761]],[[-89.1705,30.2286],[-89.1598,30.2389],[-89.09,30.2379],[-89.0849,30.2379],[-89.0706,30.2584],[-89.0564,30.2491],[-89.0623,30.2296],[-89.0742,30.2122],[-89.0884,30.2101],[-89.1062,30.2065],[-89.1087,30.206],[-89.1277,30.2194],[-89.1705,30.2286]],[[-88.9934,30.2081],[-88.9886,30.2163],[-88.9577,30.2204],[-88.9363,30.2214],[-88.8971,30.2409],[-88.8817,30.2491],[-88.8722,30.245],[-88.8769,30.2358],[-88.8936,30.2245],[-88.947,30.206],[-88.9483,30.2058],[-88.9708,30.2009],[-88.9934,30.2081]],[[-88.8815,30.0532],[-88.8705,30.0492],[-88.8556,30.0344],[-88.8412,30.0128],[-88.8337,29.9988],[-88.8242,29.9705],[-88.817,29.9342],[-88.8181,29.8891],[-88.8265,29.8471],[-88.8327,29.8241],[-88.8441,29.7957],[-88.863,29.7571],[-88.8751,29.7598],[-88.8737,29.7754],[-88.868,29.7913],[-88.8613,29.8058],[-88.8536,29.8213],[-88.8469,29.8366],[-88.8433,29.8638],[-88.8368,29.8862],[-88.8351,29.9226],[-88.8374,29.9449],[-88.8387,29.9623],[-88.8494,29.9946],[-88.8544,30.012],[-88.8679,30.0259],[-88.8779,30.0411],[-88.8815,30.0532]],[[-88.772,30.2455],[-88.7368,30.253],[-88.715,30.257],[-88.6886,30.25],[-88.656,30.2394],[-88.6088,30.232],[-88.5874,30.2192],[-88.6085,30.2173],[-88.6113,30.217],[-88.6443,30.2205],[-88.6718,30.2232],[-88.7129,30.237],[-88.715,30.2377],[-88.7414,30.2333],[-88.7572,30.2333],[-88.7684,30.2368],[-88.772,30.2455]],[[-88.5107,30.217],[-88.4924,30.2192],[-88.4654,30.2082],[-88.4532,30.2065],[-88.4431,30.2082],[-88.4283,30.2148],[-88.4085,30.2188],[-88.4046,30.2062],[-88.4264,30.1944],[-88.4294,30.1929],[-88.4538,30.1893],[-88.4944,30.1968],[-88.5086,30.2056],[-88.5096,30.2111],[-88.5107,30.217]],[[-88.3308,30.235],[-88.3043,30.2377],[-88.2886,30.2385],[-88.2616,30.2447],[-88.2256,30.2508],[-88.1778,30.2579],[-88.159,30.2579],[-88.1437,30.2605],[-88.1306,30.2621],[-88.1247,30.2735],[-88.1247,30.2836],[-88.0868,30.2599],[-88.0749,30.2491],[-88.0759,30.2461],[-88.0788,30.245],[-88.0929,30.2407],[-88.1073,30.2251],[-88.125,30.2316],[-88.1447,30.239],[-88.1666,30.2412],[-88.1881,30.2389],[-88.2078,30.2368],[-88.2794,30.2223],[-88.2962,30.2217],[-88.3053,30.2214],[-88.3247,30.2232],[-88.3308,30.235]],[[-88.2732,30.3333],[-88.2673,30.3538],[-88.2613,30.3723],[-88.2601,30.3717],[-88.2506,30.3671],[-88.2483,30.3466],[-88.2483,30.3261],[-88.2578,30.3189],[-88.2732,30.3333]],[[-88.0533,30.5062],[-88.0437,30.5174],[-88.0366,30.5205],[-88.0247,30.5164],[-88.0247,30.5031],[-88.0259,30.4908],[-88.0533,30.5062]],[[-87.6523,47.4162],[-87.6379,47.4204],[-87.6237,47.4263],[-87.5915,47.4241],[-87.5862,47.4183],[-87.6003,47.4077],[-87.6175,47.4077],[-87.639,47.4104],[-87.6523,47.4162]],[[-87.3768,45.1773],[-87.3754,45.1993],[-87.3342,45.2117],[-87.332,45.1993],[-87.3362,45.1732],[-87.3273,45.1574],[-87.3768,45.1773]],[[-86.9562,45.352],[-86.9534,45.3547],[-86.9483,45.3557],[-86.9463,45.3587],[-86.9475,45.3664],[-86.9552,45.3837],[-86.943,45.4153],[-86.9374,45.421],[-86.9343,45.4211],[-86.9305,45.4175],[-86.928,45.4113],[-86.9177,45.4079],[-86.8929,45.409],[-86.8775,45.414],[-86.8615,45.4121],[-86.8531,45.4055],[-86.8304,45.4109],[-86.8291,45.4165],[-86.8309,45.426],[-86.8287,45.4285],[-86.8171,45.427],[-86.8101,45.4226],[-86.8059,45.4129],[-86.8054,45.4073],[-86.8083,45.4061],[-86.8181,45.4081],[-86.8244,45.4061],[-86.8414,45.3896],[-86.8531,45.3709],[-86.8636,45.3649],[-86.8677,45.3531],[-86.8655,45.341],[-86.869,45.3332],[-86.8751,45.3309],[-86.8878,45.3323],[-86.8951,45.329],[-86.8995,45.3226],[-86.8967,45.3073],[-86.8969,45.2983],[-86.8999,45.2952],[-86.9049,45.2968],[-86.914,45.3121],[-86.9257,45.3242],[-86.9374,45.3331],[-86.9481,45.3353],[-86.9561,45.3423],[-86.9562,45.352]],[[-86.7903,45.5019],[-86.7867,45.5146],[-86.7698,45.5163],[-86.7575,45.5041],[-86.7505,45.4841],[-86.7637,45.474],[-86.7828,45.4868],[-86.7903,45.5019]],[[-86.7123,45.6109],[-86.6924,45.6171],[-86.6773,45.6137],[-86.6657,45.6062],[-86.644,45.5855],[-86.6262,45.5736],[-86.6202,45.5623],[-86.622,45.5563],[-86.6369,45.5421],[-86.6488,45.5432],[-86.6613,45.5742],[-86.6917,45.5958],[-86.7123,45.6109]],[[-86.1567,45.0105],[-86.1546,45.0181],[-86.1416,45.0403],[-86.1381,45.043],[-86.1179,45.0485],[-86.0853,45.0407],[-86.0856,45.0309],[-86.1003,45.0262],[-86.1012,45.0181],[-86.0935,45.0078],[-86.1157,44.9991],[-86.1337,44.9969],[-86.1548,45.0024],[-86.1567,45.0105]],[[-86.065,45.1403],[-86.0594,45.1523],[-86.0505,45.1584],[-86.0444,45.1596],[-86.0332,45.1584],[-86.0059,45.1558],[-85.9932,45.1528],[-85.9894,45.1511],[-85.9768,45.1384],[-85.9764,45.1207],[-85.9804,45.113],[-85.9841,45.0871],[-85.9828,45.0808],[-85.9771,45.073],[-85.9769,45.0627],[-85.9974,45.0559],[-86.0131,45.0638],[-86.0199,45.0717],[-86.0371,45.0866],[-86.0524,45.0953],[-86.0587,45.1008],[-86.0604,45.1046],[-86.065,45.1403]],[[-85.883,45.4435],[-85.8583,45.44],[-85.8349,45.4284],[-85.826,45.4043],[-85.8335,45.3782],[-85.8734,45.4215],[-85.883,45.4435]],[[-85.793,45.482],[-85.7826,45.4916],[-85.7754,45.4902],[-85.7691,45.4803],[-85.7687,45.4679],[-85.7716,45.4606],[-85.7868,45.4722],[-85.793,45.482]],[[-85.7018,45.7361],[-85.6888,45.7472],[-85.6519,45.7431],[-85.6494,45.7226],[-85.6722,45.6966],[-85.6969,45.6973],[-85.7018,45.7361]],[[-85.63,45.5982],[-85.6199,45.6245],[-85.6087,45.632],[-85.6045,45.6393],[-85.605,45.6476],[-85.6093,45.6581],[-85.6049,45.6819],[-85.6008,45.6889],[-85.5908,45.6981],[-85.5837,45.7008],[-85.5723,45.7114],[-85.5651,45.7307],[-85.5648,45.7455],[-85.5671,45.7504],[-85.5678,45.7577],[-85.5664,45.7602],[-85.5496,45.7573],[-85.5437,45.7514],[-85.5356,45.7504],[-85.5252,45.7505],[-85.5061,45.7547],[-85.5013,45.7544],[-85.4977,45.7462],[-85.5038,45.7428],[-85.5088,45.7424],[-85.5157,45.7358],[-85.5109,45.7344],[-85.4988,45.7263],[-85.4942,45.7054],[-85.494,45.6985],[-85.5028,45.691],[-85.5061,45.6811],[-85.5038,45.6705],[-85.5005,45.6643],[-85.4903,45.6521],[-85.487,45.6212],[-85.4913,45.6097],[-85.5093,45.5965],[-85.518,45.5929],[-85.5269,45.5916],[-85.5303,45.5893],[-85.5341,45.5782],[-85.5411,45.575],[-85.5616,45.5722],[-85.618,45.5826],[-85.6227,45.586],[-85.63,45.5982]],[[-85.532,45.7982],[-85.5244,45.8298],[-85.497,45.8222],[-85.4502,45.7967],[-85.4502,45.7765],[-85.4626,45.7659],[-85.5073,45.7782],[-85.532,45.7982]],[[-85.3943,45.7785],[-85.3771,45.8128],[-85.361,45.8176],[-85.3514,45.7957],[-85.359,45.7766],[-85.3771,45.769],[-85.3943,45.7785]],[[-84.6746,29.7831],[-84.6706,29.792],[-84.6398,29.7982],[-84.596,29.8191],[-84.5819,29.8286],[-84.5723,29.8279],[-84.5691,29.8134],[-84.5845,29.8009],[-84.6242,29.7862],[-84.6638,29.775],[-84.6746,29.7831]],[[-84.6513,45.8628],[-84.6469,45.8846],[-84.6418,45.8855],[-84.6294,45.8826],[-84.6225,45.8775],[-84.6082,45.8616],[-84.6029,45.8516],[-84.6179,45.8458],[-84.618,45.8459],[-84.6239,45.8466],[-84.6292,45.85],[-84.6397,45.8526],[-84.6508,45.8592],[-84.6513,45.8628]],[[-84.6402,45.9584],[-84.6399,45.9783],[-84.6329,45.9849],[-84.6174,45.973],[-84.6107,45.9655],[-84.6158,45.9614],[-84.6194,45.9584],[-84.6329,45.951],[-84.6402,45.9584]],[[-84.6113,45.8286],[-84.5973,45.8343],[-84.5834,45.8235],[-84.5829,45.8231],[-84.5701,45.8185],[-84.5384,45.8078],[-84.5144,45.8101],[-84.493,45.8053],[-84.4325,45.7867],[-84.4267,45.7882],[-84.4224,45.7927],[-84.4208,45.7998],[-84.4083,45.7996],[-84.4032,45.7844],[-84.356,45.7719],[-84.3563,45.7695],[-84.3702,45.7562],[-84.3722,45.7458],[-84.3943,45.7353],[-84.3956,45.7329],[-84.394,45.7276],[-84.4059,45.7224],[-84.4189,45.7217],[-84.43,45.7263],[-84.451,45.728],[-84.4692,45.7322],[-84.4841,45.7307],[-84.5009,45.7373],[-84.5075,45.7446],[-84.5093,45.7543],[-84.5251,45.7642],[-84.5499,45.7899],[-84.5616,45.7962],[-84.5819,45.8026],[-84.5876,45.8067],[-84.5908,45.8111],[-84.5944,45.8142],[-84.6113,45.8286]],[[-84.5827,45.9631],[-84.575,45.9707],[-84.5639,45.9664],[-84.5618,45.9591],[-84.5675,45.9477],[-84.5758,45.9553],[-84.5827,45.9631]],[[-84.0126,46.0873],[-84.0097,46.1013],[-83.9877,46.0983],[-83.9836,46.0886],[-83.974,46.0816],[-83.9735,46.0653],[-83.9958,46.076],[-84.0126,46.0873]],[[-83.4522,43.8564],[-83.4474,43.8613],[-83.4351,43.8616],[-83.4294,43.8594],[-83.4318,43.8451],[-83.4396,43.84],[-83.4486,43.8429],[-83.4522,43.8564]],[[-82.9268,24.6316],[-82.9199,24.6369],[-82.8684,24.6344],[-82.8616,24.6265],[-82.8695,24.6182],[-82.9229,24.6221],[-82.9268,24.6316]],[[-82.855,28.208],[-82.8487,28.2133],[-82.8369,28.2102],[-82.8346,28.1675],[-82.8436,28.1638],[-82.8471,28.1654],[-82.8514,28.1674],[-82.8518,28.1722],[-82.855,28.208]],[[-82.8445,41.6475],[-82.8287,41.6598],[-82.7998,41.665],[-82.7955,41.659],[-82.8126,41.6463],[-82.8347,41.6287],[-82.8411,41.6289],[-82.8445,41.6475]],[[-82.8335,41.7093],[-82.8328,41.7146],[-82.8257,41.7228],[-82.8204,41.7245],[-82.812,41.7219],[-82.809,41.7082],[-82.8235,41.7078],[-82.8335,41.7093]],[[-82.8264,41.6845],[-82.8141,41.6931],[-82.805,41.6934],[-82.8006,41.6896],[-82.8012,41.6814],[-82.8047,41.6715],[-82.8142,41.6707],[-82.8264,41.6845]],[[-82.7328,41.6043],[-82.7211,41.6175],[-82.7073,41.6196],[-82.6961,41.6151],[-82.6835,41.6173],[-82.6828,41.617],[-82.6765,41.6146],[-82.6791,41.5977],[-82.686,41.5872],[-82.6992,41.5855],[-82.7319,41.5992],[-82.7328,41.6043]],[[-82.2673,26.6838],[-82.2633,26.6985],[-82.2538,26.7074],[-82.2451,26.7057],[-82.2426,26.6967],[-82.246,26.6886],[-82.242,26.68],[-82.2375,26.6702],[-82.224,26.645],[-82.2135,26.627],[-82.1981,26.5856],[-82.1831,26.5376],[-82.1746,26.4987],[-82.1739,26.4981],[-82.1494,26.4776],[-82.1315,26.477],[-82.1147,26.4713],[-82.0956,26.4567],[-82.0863,26.4564],[-82.0766,26.4655],[-82.06,26.4691],[-82.0421,26.4586],[-82.0344,26.4583],[-82.0224,26.4577],[-82.0171,26.4542],[-82.017,26.4474],[-82.06,26.4266],[-82.075,26.4221],[-82.0829,26.4221],[-82.0981,26.425],[-82.1267,26.4363],[-82.1403,26.4487],[-82.1448,26.4528],[-82.1729,26.4677],[-82.1807,26.4763],[-82.1835,26.481],[-82.1889,26.4903],[-82.2021,26.5465],[-82.211,26.5732],[-82.2265,26.5893],[-82.2268,26.6197],[-82.2343,26.6354],[-82.2536,26.6659],[-82.2637,26.6727],[-82.2673,26.6838]],[[-82.1652,24.5522],[-82.1644,24.5634],[-82.1507,24.5763],[-82.1431,24.5934],[-82.1354,24.5969],[-82.1253,24.5974],[-82.1042,24.5883],[-82.1011,24.5847],[-82.0994,24.5725],[-82.1044,24.5612],[-82.1168,24.5491],[-82.1594,24.5482],[-82.1652,24.5522]],[[-82.0117,24.5342],[-82.0073,24.5401],[-81.9231,24.5525],[-81.8921,24.5656],[-81.8834,24.5609],[-81.8863,24.5517],[-81.9188,24.5277],[-81.9639,24.5212],[-82.0065,24.5271],[-82.0117,24.5342]],[[-81.8129,24.5494],[-81.8121,24.5614],[-81.8119,24.5647],[-81.8117,24.5687],[-81.8013,24.5905],[-81.7995,24.5942],[-81.7789,24.62],[-81.7614,24.642],[-81.7473,24.658],[-81.7457,24.6599],[-81.6843,24.693],[-81.6723,24.6995],[-81.5846,24.7367],[-81.5815,24.7412],[-81.5712,24.7564],[-81.5361,24.766],[-81.5326,24.7684],[-81.5106,24.7838],[-81.4981,24.7926],[-81.455,24.8088],[-81.4427,24.8135],[-81.4338,24.8092],[-81.4122,24.7988],[-81.3778,24.7822],[-81.3251,24.7671],[-81.3051,24.7552],[-81.2924,24.7105],[-81.2444,24.6755],[-81.2444,24.6673],[-81.2791,24.6541],[-81.3131,24.6473],[-81.3208,24.6447],[-81.3477,24.6357],[-81.3955,24.6221],[-81.4025,24.6322],[-81.4125,24.6467],[-81.4439,24.6427],[-81.4616,24.6443],[-81.4773,24.6457],[-81.5052,24.6427],[-81.508,24.6424],[-81.5174,24.6212],[-81.5592,24.6096],[-81.6119,24.5856],[-81.6346,24.5781],[-81.6441,24.5749],[-81.6651,24.5733],[-81.6852,24.5587],[-81.7226,24.5552],[-81.7462,24.5531],[-81.7632,24.5515],[-81.7734,24.5506],[-81.7752,24.5504],[-81.7853,24.5482],[-81.7938,24.5464],[-81.7973,24.5456],[-81.805,24.544],[-81.8129,24.5494]],[[-81.1194,24.6993],[-81.114,24.7112],[-81.084,24.7198],[-81.0824,24.7205],[-81.0682,24.7267],[-81.0251,24.7456],[-80.9762,24.7629],[-80.9603,24.7685],[-80.9148,24.7831],[-80.9049,24.779],[-80.9068,24.7678],[-80.9528,24.7533],[-80.9695,24.7447],[-81.0246,24.7165],[-81.035,24.7142],[-81.0646,24.7074],[-81.0769,24.7046],[-81.0805,24.6936],[-81.0876,24.6925],[-81.1088,24.6892],[-81.1194,24.6993]],[[-80.8506,24.8135],[-80.8137,24.8372],[-80.7916,24.8436],[-80.7822,24.8376],[-80.7875,24.8217],[-80.7947,24.8122],[-80.8245,24.8091],[-80.8443,24.8008],[-80.8503,24.8026],[-80.8506,24.8135]],[[-80.7455,24.8546],[-80.7431,24.8635],[-80.7138,24.8824],[-80.7053,24.9065],[-80.6985,24.9093],[-80.6913,24.9051],[-80.6886,24.8812],[-80.7069,24.8643],[-80.7366,24.8482],[-80.7455,24.8546]],[[-76.4451,43.8878],[-76.445,43.8969],[-76.4009,43.923],[-76.3859,43.9197],[-76.3886,43.9081],[-76.4278,43.8899],[-76.435,43.8865],[-76.4451,43.8878]],[[-76.3925,38.7725],[-76.3786,38.7837],[-76.3681,38.7798],[-76.3708,38.7656],[-76.3624,38.7498],[-76.3699,38.7436],[-76.3812,38.7438],[-76.3903,38.757],[-76.3925,38.7725]],[[-76.3516,43.8822],[-76.3466,43.8946],[-76.3118,43.918],[-76.3013,43.9178],[-76.2996,43.9099],[-76.3196,43.8899],[-76.3276,43.8818],[-76.3423,43.8781],[-76.3516,43.8822]],[[-76.0955,38.1251],[-76.0906,38.1312],[-76.089,38.141],[-76.0923,38.1514],[-76.0886,38.1926],[-76.0715,38.2035],[-76.0488,38.2037],[-76.0222,38.1779],[-76.0219,38.172],[-76.0328,38.1691],[-76.034,38.1579],[-76.0319,38.1483],[-76.0314,38.1476],[-76.0225,38.1335],[-76.0178,38.1314],[-76.0125,38.1317],[-76.0119,38.1222],[-76.0205,38.117],[-76.0214,38.1079],[-76.0082,38.0954],[-76.0059,38.0772],[-76.0115,38.0723],[-76.0233,38.0708],[-76.0367,38.0765],[-76.0593,38.0958],[-76.0502,38.1078],[-76.0421,38.1099],[-76.0396,38.112],[-76.0434,38.1179],[-76.0484,38.1206],[-76.0568,38.1251],[-76.061,38.127],[-76.0853,38.1186],[-76.0859,38.1167],[-76.0909,38.1145],[-76.0955,38.1251]],[[-76.0496,37.9836],[-76.0486,38.0148],[-76.0433,38.0299],[-76.0208,38.0391],[-76.0096,38.0387],[-76.003,38.0261],[-75.9879,38.0226],[-75.9819,38.0051],[-75.9831,37.9892],[-75.9938,37.9764],[-75.9901,37.9606],[-75.9939,37.9535],[-75.9973,37.9463],[-76.0118,37.9406],[-76.0198,37.9275],[-76.0282,37.924],[-76.0363,37.9277],[-76.0465,37.9536],[-76.0496,37.9836]],[[-76.015,35.0653],[-76.0136,35.0688],[-76.0009,35.0842],[-75.9919,35.0924],[-75.9892,35.1009],[-75.9906,35.1085],[-75.9892,35.1152],[-75.984,35.12],[-75.9735,35.1211],[-75.9665,35.1178],[-75.9547,35.1196],[-75.926,35.134],[-75.9239,35.135],[-75.9103,35.1423],[-75.8939,35.1504],[-75.8395,35.1722],[-75.8192,35.1768],[-75.8191,35.1769],[-75.8129,35.1786],[-75.8014,35.1831],[-75.7933,35.1885],[-75.7857,35.1942],[-75.7543,35.1994],[-75.7538,35.1996],[-75.7452,35.203],[-75.7342,35.2043],[-75.718,35.2094],[-75.7089,35.2139],[-75.699,35.2212],[-75.6944,35.223],[-75.6875,35.2312],[-75.684,35.2329],[-75.6819,35.2329],[-75.6754,35.2284],[-75.6645,35.2275],[-75.6409,35.2339],[-75.6304,35.2385],[-75.6154,35.2489],[-75.599,35.2563],[-75.5983,35.2611],[-75.598,35.2667],[-75.5969,35.2695],[-75.5854,35.2664],[-75.5819,35.2639],[-75.561,35.266],[-75.5357,35.2729],[-75.5347,35.2754],[-75.5294,35.2883],[-75.524,35.3182],[-75.521,35.3301],[-75.5117,35.3672],[-75.5067,35.3871],[-75.5004,35.4243],[-75.4949,35.4542],[-75.4894,35.4779],[-75.4877,35.4851],[-75.4886,35.4978],[-75.4896,35.5085],[-75.4875,35.5259],[-75.4822,35.5386],[-75.4786,35.5531],[-75.4786,35.5993],[-75.4839,35.6212],[-75.4894,35.6427],[-75.4987,35.6663],[-75.5048,35.6764],[-75.5068,35.6797],[-75.5074,35.6806],[-75.5157,35.7217],[-75.5174,35.7348],[-75.5175,35.736],[-75.5289,35.7714],[-75.5234,35.7736],[-75.519,35.7691],[-75.5024,35.7429],[-75.4961,35.7285],[-75.4791,35.6786],[-75.4587,35.5966],[-75.4601,35.5813],[-75.4624,35.5543],[-75.4625,35.5536],[-75.4714,35.4796],[-75.4868,35.3917],[-75.5022,35.32],[-75.5183,35.2615],[-75.5259,35.2338],[-75.5328,35.2267],[-75.5336,35.2258],[-75.5448,35.2284],[-75.5602,35.232],[-75.5802,35.2311],[-75.6101,35.2275],[-75.6355,35.2203],[-75.6727,35.2085],[-75.7289,35.1903],[-75.7494,35.1852],[-75.7579,35.1831],[-75.7697,35.1804],[-75.7897,35.1722],[-75.8404,35.1513],[-75.913,35.1196],[-75.9447,35.1051],[-75.9638,35.0924],[-75.9828,35.0815],[-75.9996,35.0687],[-76.0015,35.0672],[-76.0131,35.0619],[-76.015,35.0653]],[[-76.0011,37.8349],[-75.9997,37.8482],[-75.9969,37.8504],[-75.9926,37.8489],[-75.988,37.8411],[-75.9821,37.8373],[-75.9736,37.8358],[-75.9717,37.8309],[-75.9773,37.8258],[-75.9822,37.8062],[-75.9873,37.8049],[-75.9983,37.8126],[-76.0011,37.8349]],[[-75.7273,35.9336],[-75.7268,35.9358],[-75.7183,35.9397],[-75.7053,35.9394],[-75.6912,35.9369],[-75.6864,35.933],[-75.6752,35.929],[-75.6595,35.9196],[-75.6629,35.9162],[-75.662,35.9065],[-75.6535,35.9047],[-75.6431,35.893],[-75.6365,35.8856],[-75.6168,35.8563],[-75.6198,35.8476],[-75.6144,35.8157],[-75.6205,35.8093],[-75.6242,35.8094],[-75.639,35.8186],[-75.6679,35.8235],[-75.6751,35.8302],[-75.6601,35.8386],[-75.6606,35.8625],[-75.6634,35.8698],[-75.6728,35.8824],[-75.6759,35.883],[-75.6814,35.884],[-75.6977,35.9016],[-75.6969,35.9096],[-75.7022,35.9154],[-75.7238,35.9256],[-75.7273,35.9336]],[[-72.2165,41.1703],[-72.2141,41.1828],[-72.2028,41.1877],[-72.1892,41.1935],[-72.1583,41.1971],[-72.161,41.1887],[-72.182,41.1783],[-72.188,41.1694],[-72.1999,41.1605],[-72.2165,41.1703]],[[-72.1429,41.0978],[-72.1407,41.1008],[-72.1322,41.1044],[-72.1284,41.1081],[-72.1267,41.1151],[-72.0842,41.1015],[-72.0779,41.0957],[-72.0837,41.0601],[-72.0957,41.054],[-72.0996,41.0543],[-72.0995,41.0752],[-72.1056,41.0859],[-72.1088,41.0883],[-72.1206,41.0932],[-72.1392,41.0925],[-72.1419,41.0944],[-72.1429,41.0978]],[[-72.038,41.2535],[-72.0294,41.2631],[-72.0234,41.271],[-72.0189,41.2741],[-72.0009,41.2705],[-71.9911,41.2813],[-71.9778,41.2837],[-71.9506,41.2885],[-71.9331,41.2924],[-71.9252,41.2873],[-71.9327,41.2796],[-71.9443,41.2763],[-71.9632,41.272],[-71.9789,41.265],[-71.9947,41.2565],[-72.0025,41.2529],[-72.0349,41.2489],[-72.038,41.2535]],[[-71.6131,41.1603],[-71.6056,41.1821],[-71.595,41.1884],[-71.5895,41.1966],[-71.5802,41.2048],[-71.5773,41.2147],[-71.5767,41.2244],[-71.5692,41.2264],[-71.5611,41.2242],[-71.555,41.2168],[-71.5541,41.213],[-71.5575,41.2045],[-71.5641,41.1954],[-71.5666,41.1847],[-71.5623,41.1762],[-71.546,41.1639],[-71.5456,41.1569],[-71.552,41.1517],[-71.5937,41.1463],[-71.6,41.1469],[-71.6117,41.1532],[-71.6131,41.1603]],[[-71.4006,41.4609],[-71.3959,41.4922],[-71.3865,41.4931],[-71.3789,41.5049],[-71.391,41.5146],[-71.3921,41.5245],[-71.3845,41.5567],[-71.379,41.5678],[-71.3736,41.5732],[-71.3702,41.574],[-71.3636,41.5709],[-71.3599,41.5563],[-71.3633,41.502],[-71.3622,41.4948],[-71.3604,41.4831],[-71.3809,41.4746],[-71.3836,41.4648],[-71.3893,41.4606],[-71.3903,41.455],[-71.3996,41.4486],[-71.4006,41.4609]],[[-71.3662,41.661],[-71.3448,41.667],[-71.3387,41.6588],[-71.3362,41.648],[-71.3324,41.6438],[-71.3264,41.636],[-71.3242,41.6349],[-71.3149,41.6304],[-71.3055,41.6225],[-71.3034,41.6066],[-71.3074,41.598],[-71.3175,41.5832],[-71.3261,41.5786],[-71.3312,41.5803],[-71.3359,41.5859],[-71.337,41.5947],[-71.3338,41.6059],[-71.3296,41.6091],[-71.3266,41.6161],[-71.3259,41.624],[-71.3333,41.6295],[-71.3466,41.6322],[-71.3513,41.6358],[-71.3629,41.6515],[-71.3662,41.661]],[[-70.8388,41.3472],[-70.8338,41.3534],[-70.8123,41.3557],[-70.8003,41.3538],[-70.7833,41.3478],[-70.775,41.3492],[-70.7689,41.3532],[-70.7292,41.3977],[-70.7244,41.3989],[-70.7124,41.4089],[-70.7115,41.4155],[-70.7014,41.4309],[-70.6869,41.4413],[-70.6541,41.4586],[-70.6493,41.4611],[-70.6036,41.4824],[-70.5984,41.4812],[-70.5963,41.4719],[-70.586,41.4702],[-70.5748,41.4683],[-70.5674,41.4712],[-70.5633,41.4691],[-70.5533,41.453],[-70.5529,41.4434],[-70.5556,41.4309],[-70.5531,41.424],[-70.5482,41.4168],[-70.5476,41.4158],[-70.5383,41.4092],[-70.5286,41.4051],[-70.5176,41.4038],[-70.507,41.4002],[-70.5024,41.392],[-70.5013,41.3854],[-70.499,41.3843],[-70.4908,41.3836],[-70.4845,41.3863],[-70.4726,41.3991],[-70.473,41.4088],[-70.4708,41.4129],[-70.4638,41.4191],[-70.4504,41.4207],[-70.4462,41.3965],[-70.4493,41.3804],[-70.4483,41.3537],[-70.4511,41.3482],[-70.4962,41.3465],[-70.5383,41.349],[-70.5992,41.3493],[-70.6067,41.3488],[-70.7098,41.3417],[-70.7333,41.3362],[-70.7475,41.33],[-70.7642,41.3187],[-70.768,41.312],[-70.7662,41.309],[-70.7687,41.3037],[-70.7757,41.301],[-70.8021,41.3142],[-70.8194,41.3272],[-70.8388,41.3472]],[[-70.8323,41.2584],[-70.8265,41.2596],[-70.8173,41.2616],[-70.812,41.2648],[-70.8065,41.2621],[-70.8016,41.2584],[-70.8042,41.2495],[-70.8122,41.2494],[-70.8213,41.251],[-70.8323,41.2584]],[[-70.2719,41.3015],[-70.2707,41.3089],[-70.2606,41.3101],[-70.2402,41.3006],[-70.221,41.2917],[-70.2098,41.293],[-70.1963,41.2946],[-70.1245,41.2939],[-70.1229,41.294],[-70.0946,41.2975],[-70.0821,41.2991],[-70.0626,41.3087],[-70.0461,41.3217],[-70.0313,41.3393],[-70.0301,41.3465],[-70.0292,41.3517],[-70.0392,41.373],[-70.0356,41.3782],[-70.0343,41.38],[-70.0233,41.3786],[-70.0099,41.354],[-69.9603,41.2787],[-69.9602,41.2645],[-69.9657,41.2525],[-69.975,41.2474],[-70.0016,41.2394],[-70.0152,41.238],[-70.0372,41.2407],[-70.0528,41.2427],[-70.0832,41.2444],[-70.097,41.2409],[-70.1024,41.2412],[-70.1187,41.2424],[-70.1628,41.2554],[-70.1662,41.2564],[-70.2228,41.2772],[-70.2547,41.2887],[-70.2719,41.3015]],[[-69.3279,43.7572],[-69.327,43.767],[-69.3157,43.7767],[-69.3061,43.7771],[-69.3033,43.7755],[-69.2967,43.7718],[-69.3004,43.7607],[-69.3131,43.7533],[-69.3279,43.7572]],[[-68.9671,44.252],[-68.9653,44.2593],[-68.9537,44.2723],[-68.9428,44.2811],[-68.9193,44.3099],[-68.9193,44.3354],[-68.9116,44.365],[-68.9035,44.3786],[-68.8789,44.3866],[-68.8684,44.3814],[-68.8606,44.3644],[-68.8643,44.355],[-68.8717,44.3447],[-68.8831,44.3382],[-68.8887,44.3382],[-68.8929,44.3347],[-68.8966,44.322],[-68.8875,44.3031],[-68.8994,44.2838],[-68.9043,44.2799],[-68.9169,44.2429],[-68.9265,44.233],[-68.9411,44.2222],[-68.9531,44.2251],[-68.9553,44.2439],[-68.9595,44.2474],[-68.9659,44.2498],[-68.9671,44.252]],[[-68.9446,44.1128],[-68.9353,44.1304],[-68.9173,44.1482],[-68.8886,44.1596],[-68.8787,44.1666],[-68.8472,44.183],[-68.8251,44.1863],[-68.8192,44.1805],[-68.8222,44.1788],[-68.8228,44.1737],[-68.8184,44.161],[-68.8082,44.1613],[-68.7922,44.146],[-68.7869,44.144],[-68.7824,44.1453],[-68.7807,44.1433],[-68.7921,44.1368],[-68.8022,44.1379],[-68.818,44.1369],[-68.8197,44.1354],[-68.8205,44.1302],[-68.8195,44.1221],[-68.8156,44.1158],[-68.8068,44.1163],[-68.7905,44.0929],[-68.7818,44.0843],[-68.7726,44.0784],[-68.7703,44.0696],[-68.7796,44.0578],[-68.7856,44.0535],[-68.7906,44.0538],[-68.8073,44.0358],[-68.8184,44.032],[-68.8285,44.0321],[-68.8498,44.0277],[-68.8628,44.025],[-68.8741,44.0254],[-68.8897,44.0325],[-68.918,44.0458],[-68.9085,44.0581],[-68.9,44.067],[-68.9051,44.0773],[-68.9134,44.0852],[-68.9078,44.1055],[-68.909,44.11],[-68.9431,44.1097],[-68.9446,44.1128]],[[-68.9082,43.8524],[-68.902,43.8733],[-68.8898,43.8766],[-68.88,43.8715],[-68.8769,43.8533],[-68.8749,43.8422],[-68.8764,43.8252],[-68.8847,43.8202],[-68.9001,43.8226],[-68.9008,43.8377],[-68.9082,43.8524]],[[-68.8394,44.2365],[-68.8335,44.2409],[-68.8276,44.2428],[-68.8256,44.2426],[-68.7921,44.2378],[-68.7698,44.2228],[-68.769,44.2134],[-68.7801,44.2031],[-68.7899,44.2039],[-68.8013,44.2086],[-68.8091,44.2126],[-68.8154,44.2141],[-68.8229,44.2165],[-68.8296,44.2169],[-68.8378,44.2271],[-68.8394,44.2365]],[[-68.5304,44.3336],[-68.5286,44.3446],[-68.5207,44.3584],[-68.5219,44.3676],[-68.5186,44.381],[-68.5127,44.3848],[-68.5077,44.3852],[-68.5014,44.3823],[-68.4986,44.3697],[-68.4788,44.3196],[-68.4896,44.3137],[-68.5152,44.3248],[-68.5304,44.3336]],[[-68.5187,44.1132],[-68.5113,44.1251],[-68.507,44.1272],[-68.4995,44.1242],[-68.4929,44.1169],[-68.4915,44.1098],[-68.5029,44.0997],[-68.5171,44.1034],[-68.5187,44.1132]],[[-68.5021,44.1524],[-68.5008,44.16],[-68.4955,44.1624],[-68.4907,44.2027],[-68.4861,44.2134],[-68.4836,44.2245],[-68.476,44.2312],[-68.4676,44.2247],[-68.4538,44.2017],[-68.4244,44.1908],[-68.4164,44.187],[-68.4082,44.1763],[-68.3849,44.155],[-68.3966,44.1407],[-68.4275,44.1193],[-68.4385,44.1162],[-68.4486,44.1256],[-68.4475,44.1335],[-68.4568,44.1453],[-68.4799,44.1478],[-68.4847,44.1465],[-68.4966,44.1469],[-68.5021,44.1524]],[[-68.3774,44.1861],[-68.3645,44.1975],[-68.3553,44.1991],[-68.3332,44.2073],[-68.3242,44.2057],[-68.3201,44.1999],[-68.3322,44.1881],[-68.339,44.1718],[-68.3474,44.1695],[-68.3738,44.181],[-68.3774,44.1861]],[[-68.3766,44.1122],[-68.3766,44.1138],[-68.3754,44.1165],[-68.3655,44.1241],[-68.3584,44.1251],[-68.353,44.1279],[-68.3467,44.1277],[-68.3307,44.1106],[-68.331,44.1076],[-68.338,44.1015],[-68.3652,44.1015],[-68.3766,44.1122]],[[-67.9408,18.0797],[-67.9345,18.1113],[-67.9322,18.1132],[-67.9109,18.1197],[-67.8917,18.114],[-67.8871,18.1126],[-67.8764,18.1142],[-67.8698,18.1189],[-67.8615,18.1221],[-67.8482,18.1083],[-67.8432,18.0949],[-67.8436,18.0851],[-67.8453,18.0819],[-67.8531,18.0782],[-67.8656,18.0654],[-67.8715,18.0578],[-67.8959,18.0523],[-67.9044,18.0591],[-67.9188,18.0631],[-67.9278,18.0686],[-67.9408,18.0797]],[[-67.4935,18.3888],[-67.4915,18.3903],[-67.4828,18.3967],[-67.4753,18.3931],[-67.4733,18.3922],[-67.4662,18.3798],[-67.4757,18.3707],[-67.4912,18.3764],[-67.4935,18.3888]],[[-67.2714,18.3623],[-67.2683,18.367],[-67.2607,18.3702],[-67.2391,18.3753],[-67.2267,18.3782],[-67.217,18.3821],[-67.2134,18.384],[-67.2022,18.3899],[-67.1989,18.3919],[-67.1767,18.4055],[-67.1601,18.4156],[-67.1596,18.4159],[-67.1566,18.419],[-67.1552,18.4244],[-67.1558,18.4304],[-67.1566,18.4396],[-67.1578,18.4426],[-67.1617,18.4535],[-67.1641,18.4577],[-67.169,18.4664],[-67.169,18.4785],[-67.1641,18.4874],[-67.1474,18.5016],[-67.1428,18.5055],[-67.1382,18.5078],[-67.1257,18.5117],[-67.1124,18.5134],[-67.1035,18.5145],[-67.0938,18.5158],[-67.0793,18.5133],[-67.0529,18.5121],[-67.0236,18.5108],[-67.0203,18.5106],[-67.0161,18.5089],[-66.989,18.4977],[-66.9595,18.4899],[-66.9577,18.4891],[-66.9575,18.4892],[-66.9446,18.4917],[-66.9069,18.4836],[-66.9014,18.4846],[-66.8674,18.4908],[-66.8581,18.4908],[-66.8497,18.4907],[-66.8369,18.4877],[-66.8366,18.4877],[-66.811,18.4912],[-66.7993,18.4928],[-66.7803,18.4914],[-66.7649,18.4841],[-66.7493,18.4767],[-66.7438,18.4752],[-66.7421,18.4747],[-66.734,18.4735],[-66.7194,18.4729],[-66.7107,18.4726],[-66.7105,18.4727],[-66.6976,18.4769],[-66.6957,18.4775],[-66.6837,18.4814],[-66.6799,18.4849],[-66.6644,18.4878],[-66.6458,18.4888],[-66.6246,18.4942],[-66.5868,18.4849],[-66.5841,18.4843],[-66.5652,18.4855],[-66.5629,18.4884],[-66.5635,18.4905],[-66.5585,18.49],[-66.5348,18.4813],[-66.5335,18.4817],[-66.5295,18.4829],[-66.5116,18.4768],[-66.4914,18.473],[-66.4845,18.4717],[-66.4703,18.4691],[-66.4565,18.4689],[-66.4492,18.471],[-66.4419,18.4798],[-66.44,18.4855],[-66.4388,18.4857],[-66.4209,18.4886],[-66.4173,18.4891],[-66.4103,18.4899],[-66.3994,18.4898],[-66.3943,18.4897],[-66.3785,18.4882],[-66.3773,18.488],[-66.3728,18.4877],[-66.3496,18.4863],[-66.3441,18.486],[-66.343,18.4859],[-66.3377,18.4856],[-66.3216,18.4777],[-66.3155,18.4747],[-66.315,18.4747],[-66.2912,18.4723],[-66.2837,18.4722],[-66.2826,18.4731],[-66.2766,18.4781],[-66.2698,18.4803],[-66.2672,18.4795],[-66.258,18.4769],[-66.2515,18.4725],[-66.2418,18.4687],[-66.2201,18.466],[-66.2034,18.4661],[-66.1989,18.4667],[-66.1939,18.4673],[-66.1867,18.4697],[-66.1823,18.4638],[-66.1821,18.4635],[-66.179,18.462],[-66.1721,18.4585],[-66.1716,18.4583],[-66.1626,18.4541],[-66.1612,18.4534],[-66.154,18.4543],[-66.153,18.4545],[-66.1422,18.4643],[-66.138,18.4739],[-66.1293,18.4726],[-66.1247,18.4719],[-66.1185,18.4703],[-66.1165,18.4698],[-66.1131,18.4694],[-66.1067,18.4685],[-66.0926,18.4666],[-66.0921,18.4665],[-66.0877,18.4643],[-66.0835,18.4621],[-66.0833,18.462],[-66.074,18.4581],[-66.0689,18.4574],[-66.0596,18.456],[-66.0518,18.4549],[-66.0433,18.4537],[-66.0394,18.4544],[-66.0366,18.4502],[-66.0365,18.4501],[-66.0348,18.4493],[-66.0253,18.4448],[-66.0247,18.4446],[-66.0232,18.4439],[-66.0159,18.4441],[-66.0065,18.4443],[-65.9972,18.4499],[-65.9939,18.4557],[-65.9929,18.4575],[-65.9928,18.458],[-65.9923,18.46],[-65.9908,18.4604],[-65.9585,18.4514],[-65.9257,18.4449],[-65.9168,18.4446],[-65.9078,18.4469],[-65.905,18.4509],[-65.8787,18.4383],[-65.8782,18.4382],[-65.8731,18.4374],[-65.8489,18.4335],[-65.8389,18.4319],[-65.8388,18.4319],[-65.8315,18.4268],[-65.8285,18.4235],[-65.8167,18.4107],[-65.8058,18.4108],[-65.8034,18.4128],[-65.7921,18.4223],[-65.7885,18.4185],[-65.7845,18.4129],[-65.7749,18.414],[-65.7705,18.4129],[-65.7697,18.4095],[-65.7717,18.4063],[-65.7614,18.396],[-65.7505,18.3852],[-65.7502,18.3851],[-65.7422,18.3805],[-65.7336,18.3822],[-65.7335,18.3823],[-65.7288,18.3887],[-65.722,18.3882],[-65.7143,18.3763],[-65.712,18.3751],[-65.6991,18.3682],[-65.6691,18.3637],[-65.6649,18.3631],[-65.6571,18.3686],[-65.6434,18.3784],[-65.6386,18.3799],[-65.6315,18.3821],[-65.6253,18.3841],[-65.6172,18.3762],[-65.6193,18.3673],[-65.6333,18.3475],[-65.633,18.3468],[-65.6264,18.3319],[-65.6268,18.3281],[-65.6307,18.2897],[-65.6312,18.2848],[-65.6329,18.2675],[-65.608,18.2494],[-65.6034,18.2338],[-65.6116,18.226],[-65.6242,18.2282],[-65.6261,18.2286],[-65.6321,18.2239],[-65.6361,18.2208],[-65.6349,18.2055],[-65.6417,18.2003],[-65.6625,18.2067],[-65.6641,18.2071],[-65.6907,18.195],[-65.6945,18.187],[-65.7024,18.1838],[-65.7169,18.1904],[-65.7244,18.1873],[-65.7285,18.1856],[-65.738,18.172],[-65.7436,18.164],[-65.7587,18.1566],[-65.7669,18.1484],[-65.7682,18.1462],[-65.7776,18.1292],[-65.7813,18.1205],[-65.7904,18.0988],[-65.7967,18.0837],[-65.7963,18.0798],[-65.7947,18.0786],[-65.795,18.0736],[-65.7967,18.0698],[-65.8018,18.0585],[-65.8092,18.0568],[-65.8171,18.0634],[-65.8258,18.0575],[-65.8269,18.0561],[-65.8311,18.0507],[-65.8343,18.039],[-65.8324,18.0149],[-65.8396,18.0151],[-65.8509,18.012],[-65.8703,18.0066],[-65.8751,18.0028],[-65.8849,17.9885],[-65.8875,17.9889],[-65.8961,17.9903],[-65.8962,17.9902],[-65.9053,17.984],[-65.9138,17.9805],[-65.9247,17.9761],[-65.9766,17.9677],[-65.9845,17.9694],[-65.9854,17.9719],[-65.9952,17.979],[-66.0077,17.9805],[-66.0162,17.9797],[-66.0173,17.9796],[-66.0195,17.9784],[-66.024,17.9759],[-66.0466,17.9549],[-66.049,17.9546],[-66.0582,17.9592],[-66.0634,17.9627],[-66.0687,17.9663],[-66.07,17.9664],[-66.0814,17.9666],[-66.0981,17.9582],[-66.115,17.9497],[-66.1263,17.9472],[-66.1417,17.9408],[-66.1471,17.9349],[-66.1558,17.9297],[-66.1588,17.9298],[-66.1676,17.9335],[-66.175,17.9357],[-66.1833,17.9359],[-66.1909,17.9366],[-66.1932,17.9368],[-66.1934,17.9368],[-66.1971,17.9301],[-66.2094,17.9212],[-66.2189,17.9157],[-66.2244,17.9124],[-66.2432,17.9138],[-66.2539,17.9201],[-66.2512,17.9328],[-66.2577,17.9369],[-66.2643,17.9445],[-66.2757,17.9483],[-66.2908,17.9465],[-66.2965,17.957],[-66.2977,17.9591],[-66.317,17.9767],[-66.3237,17.9785],[-66.3382,17.9765],[-66.3384,17.9765],[-66.3625,17.9682],[-66.3651,17.9648],[-66.3652,17.9645],[-66.3688,17.9577],[-66.3716,17.9515],[-66.3851,17.939],[-66.3912,17.9458],[-66.3989,17.9509],[-66.4097,17.9561],[-66.4121,17.9573],[-66.4263,17.9667],[-66.4455,17.9794],[-66.4504,17.9832],[-66.4549,17.9868],[-66.4613,17.9903],[-66.4914,17.9903],[-66.5101,17.9856],[-66.5405,17.9755],[-66.5832,17.9612],[-66.5892,17.9688],[-66.5897,17.9694],[-66.5944,17.9707],[-66.5996,17.9699],[-66.605,17.969],[-66.6114,17.9731],[-66.6238,17.981],[-66.6239,17.9811],[-66.6291,17.9821],[-66.6319,17.9827],[-66.6378,17.9817],[-66.6457,17.9803],[-66.6578,17.9746],[-66.6629,17.9697],[-66.6644,17.9683],[-66.6728,17.9665],[-66.6991,17.9776],[-66.7099,17.9821],[-66.7134,17.9878],[-66.717,17.9903],[-66.7311,17.9917],[-66.7462,17.9903],[-66.7513,17.9868],[-66.7563,17.987],[-66.7585,17.9952],[-66.7598,17.9977],[-66.76,17.998],[-66.7602,17.9984],[-66.7645,18.0063],[-66.7703,18.006],[-66.7851,17.9959],[-66.785,17.9783],[-66.7872,17.9729],[-66.8083,17.9656],[-66.8224,17.9545],[-66.8386,17.9499],[-66.8522,17.955],[-66.8565,17.9566],[-66.8625,17.952],[-66.8635,17.9447],[-66.8773,17.9479],[-66.8793,17.9516],[-66.8834,17.9525],[-66.8996,17.9483],[-66.9046,17.9505],[-66.9077,17.9501],[-66.9094,17.9499],[-66.9125,17.9474],[-66.915,17.9417],[-66.9175,17.9362],[-66.9193,17.9321],[-66.9238,17.9269],[-66.9273,17.9269],[-66.9417,17.933],[-66.9556,17.9316],[-66.96,17.9402],[-66.9681,17.9473],[-66.9805,17.9516],[-66.9811,17.9526],[-66.9827,17.9551],[-66.9822,17.9612],[-66.9861,17.9673],[-66.9969,17.9682],[-67.0047,17.9608],[-67.0147,17.9685],[-67.0164,17.9689],[-67.0245,17.9707],[-67.0625,17.9738],[-67.0765,17.9678],[-67.0898,17.9514],[-67.1015,17.9466],[-67.11,17.9458],[-67.1283,17.9482],[-67.1337,17.9519],[-67.1609,17.961],[-67.167,17.9631],[-67.1786,17.9648],[-67.1835,17.9627],[-67.1887,17.951],[-67.1875,17.9463],[-67.1825,17.9378],[-67.1835,17.9311],[-67.1948,17.9328],[-67.1955,17.9337],[-67.1969,17.9357],[-67.2037,17.9455],[-67.2078,17.9492],[-67.2115,17.9526],[-67.2121,17.956],[-67.2143,17.9624],[-67.2148,17.9733],[-67.2153,17.9835],[-67.212,17.993],[-67.2077,17.998],[-67.1779,18.0089],[-67.1743,18.0111],[-67.1724,18.0149],[-67.1721,18.0214],[-67.1734,18.0238],[-67.1738,18.0245],[-67.1779,18.0261],[-67.1933,18.0319],[-67.2099,18.0354],[-67.1967,18.0665],[-67.1982,18.0768],[-67.1987,18.0835],[-67.1993,18.0911],[-67.1953,18.0961],[-67.1839,18.1037],[-67.1837,18.1044],[-67.1822,18.1085],[-67.1766,18.151],[-67.1786,18.1593],[-67.1808,18.1681],[-67.1807,18.1682],[-67.1608,18.1891],[-67.1556,18.1946],[-67.1552,18.195],[-67.1532,18.2017],[-67.1527,18.2035],[-67.1546,18.2083],[-67.157,18.2142],[-67.158,18.2167],[-67.1725,18.2302],[-67.173,18.2307],[-67.1754,18.248],[-67.1878,18.2667],[-67.1879,18.2669],[-67.1887,18.2722],[-67.19,18.281],[-67.1961,18.2904],[-67.21,18.295],[-67.2254,18.2966],[-67.2261,18.2967],[-67.2351,18.2999],[-67.2536,18.3302],[-67.2604,18.3414],[-67.2675,18.3531],[-67.2714,18.3623]],[[-66.5333,17.8941],[-66.5179,17.9077],[-66.5079,17.9068],[-66.506,17.9066],[-66.506,17.893],[-66.5179,17.8828],[-66.5321,17.8783],[-66.5333,17.8941]],[[-65.5959,18.3821],[-65.5944,18.3915],[-65.5877,18.3931],[-65.5607,18.3789],[-65.5609,18.3718],[-65.5696,18.3677],[-65.5959,18.3821]],[[-65.5785,18.3465],[-65.5745,18.3543],[-65.5664,18.3541],[-65.5619,18.3477],[-65.5637,18.342],[-65.5715,18.3397],[-65.5785,18.3465]],[[-65.5769,18.1032],[-65.5756,18.1157],[-65.5462,18.1193],[-65.5117,18.1328],[-65.4898,18.1359],[-65.4679,18.1438],[-65.4556,18.1493],[-65.4527,18.1506],[-65.4502,18.1517],[-65.4371,18.1577],[-65.3995,18.1619],[-65.3714,18.1575],[-65.3343,18.1478],[-65.3135,18.1443],[-65.3087,18.1452],[-65.3023,18.1411],[-65.2949,18.1428],[-65.288,18.1481],[-65.2752,18.1344],[-65.2762,18.1319],[-65.2832,18.133],[-65.296,18.128],[-65.3228,18.1266],[-65.3272,18.1241],[-65.3385,18.1124],[-65.342,18.1114],[-65.3505,18.1119],[-65.356,18.1123],[-65.3508,18.1234],[-65.3554,18.1251],[-65.3659,18.1247],[-65.3737,18.1214],[-65.3752,18.1153],[-65.3744,18.108],[-65.3831,18.106],[-65.3865,18.1104],[-65.3934,18.1083],[-65.3998,18.1088],[-65.4118,18.1062],[-65.4238,18.0978],[-65.4263,18.0937],[-65.4382,18.0901],[-65.4514,18.0861],[-65.4568,18.0878],[-65.4658,18.0877],[-65.4688,18.0926],[-65.4798,18.0964],[-65.5073,18.0916],[-65.5242,18.082],[-65.5421,18.0812],[-65.5586,18.0857],[-65.5693,18.0916],[-65.5706,18.0973],[-65.5769,18.1032]],[[-65.3456,18.3425],[-65.3424,18.3496],[-65.3356,18.3497],[-65.3208,18.3348],[-65.3101,18.3356],[-65.2918,18.3316],[-65.2559,18.3421],[-65.2216,18.321],[-65.2229,18.3105],[-65.245,18.3075],[-65.261,18.2916],[-65.2678,18.2886],[-65.2778,18.2843],[-65.2858,18.2809],[-65.3073,18.3031],[-65.3306,18.2977],[-65.3375,18.3083],[-65.3305,18.3218],[-65.3456,18.3425]],[[-65.0871,18.3421],[-65.0799,18.3503],[-65.0749,18.3466],[-65.0691,18.3422],[-65.0726,18.3337],[-65.0849,18.3329],[-65.0871,18.3421]],[[-65.0424,18.3529],[-65.0361,18.3602],[-65.0059,18.3686],[-64.983,18.3712],[-64.9776,18.3997],[-64.9681,18.3997],[-64.9626,18.3894],[-64.9607,18.3701],[-64.9519,18.3691],[-64.9349,18.3765],[-64.9321,18.3777],[-64.9127,18.3662],[-64.8938,18.3628],[-64.893,18.363],[-64.8706,18.3675],[-64.8437,18.3665],[-64.8354,18.3662],[-64.8069,18.3723],[-64.8002,18.3684],[-64.7987,18.3636],[-64.8019,18.3563],[-64.8345,18.3517],[-64.8437,18.3511],[-64.858,18.35],[-64.8602,18.3455],[-64.8598,18.3418],[-64.8596,18.3396],[-64.8469,18.3325],[-64.8344,18.3256],[-64.8235,18.3132],[-64.8265,18.3055],[-64.835,18.3042],[-64.847,18.3144],[-64.8566,18.3188],[-64.8659,18.316],[-64.8716,18.3142],[-64.8717,18.3059],[-64.8788,18.3028],[-64.9192,18.3195],[-64.9247,18.3301],[-64.9315,18.3301],[-64.9408,18.3245],[-64.9415,18.3232],[-64.9516,18.3069],[-64.9628,18.3088],[-64.9654,18.3271],[-64.9849,18.346],[-64.9883,18.3493],[-65.0125,18.3423],[-65.0343,18.3428],[-65.0424,18.3529]],[[-64.9176,18.4058],[-64.9121,18.4129],[-64.9035,18.4125],[-64.9012,18.4081],[-64.9018,18.4007],[-64.9002,18.3946],[-64.8998,18.3935],[-64.9062,18.3881],[-64.9085,18.3885],[-64.9128,18.3892],[-64.9169,18.3949],[-64.9176,18.4058]],[[-64.8952,17.7464],[-64.8875,17.7634],[-64.8723,17.7698],[-64.8364,17.7608],[-64.81,17.7758],[-64.8058,17.7782],[-64.7788,17.7836],[-64.7776,17.7835],[-64.7472,17.7817],[-64.7389,17.7732],[-64.7236,17.7575],[-64.7103,17.7553],[-64.6946,17.7527],[-64.694,17.7529],[-64.6921,17.7537],[-64.671,17.7619],[-64.6489,17.7622],[-64.6477,17.7622],[-64.5838,17.7616],[-64.5749,17.7615],[-64.5665,17.757],[-64.5672,17.7512],[-64.5734,17.7462],[-64.6048,17.7426],[-64.6133,17.7349],[-64.6405,17.7257],[-64.7149,17.7005],[-64.7339,17.704],[-64.7404,17.7031],[-64.8004,17.6948],[-64.8222,17.6868],[-64.8337,17.6826],[-64.8394,17.6839],[-64.8503,17.6864],[-64.8786,17.6849],[-64.8832,17.6846],[-64.888,17.6913],[-64.8837,17.7122],[-64.8856,17.7204],[-64.8869,17.7259],[-64.8952,17.7464]],[[-64.7979,18.3277],[-64.7979,18.3372],[-64.7873,18.3513],[-64.7562,18.3545],[-64.7503,18.3614],[-64.7514,18.3709],[-64.7447,18.3728],[-64.7216,18.3663],[-64.7133,18.3673],[-64.6916,18.3609],[-64.6624,18.3434],[-64.6629,18.3362],[-64.6696,18.3323],[-64.6761,18.334],[-64.6969,18.3467],[-64.7046,18.3479],[-64.7094,18.3419],[-64.7099,18.3358],[-64.7002,18.3274],[-64.7019,18.3055],[-64.7096,18.3034],[-64.748,18.3244],[-64.7561,18.3181],[-64.7659,18.3106],[-64.7809,18.3106],[-64.7919,18.3167],[-64.7979,18.3277]],[[144.6197,13.4422],[144.6225,13.453],[144.6235,13.4567],[144.6383,13.4648],[144.6645,13.4655],[144.6863,13.4681],[144.6872,13.4683],[144.7065,13.4726],[144.7067,13.4726],[144.731,13.478],[144.7356,13.4791],[144.7485,13.482],[144.7672,13.4839],[144.7696,13.4842],[144.77,13.4952],[144.7704,13.5024],[144.7786,13.5077],[144.7823,13.5074],[144.7967,13.5064],[144.7985,13.51],[144.8039,13.5212],[144.8021,13.5358],[144.8119,13.5528],[144.8366,13.5959],[144.8365,13.6224],[144.8466,13.6368],[144.8566,13.6525],[144.8601,13.6529],[144.8654,13.6535],[144.8816,13.6428],[144.8992,13.6218],[144.9026,13.6177],[144.9068,13.606],[144.9258,13.6012],[144.9515,13.6016],[144.9576,13.5939],[144.9394,13.5517],[144.9377,13.548],[144.9245,13.5203],[144.8913,13.4994],[144.8809,13.4906],[144.8387,13.4544],[144.8346,13.4509],[144.8267,13.4442],[144.8256,13.4432],[144.8246,13.4424],[144.8067,13.4271],[144.7882,13.4154],[144.7773,13.388],[144.7727,13.3764],[144.7727,13.3744],[144.7725,13.3407],[144.7724,13.3065],[144.7675,13.2935],[144.7557,13.2767],[144.7238,13.2461],[144.7029,13.2469],[144.6762,13.2558],[144.6619,13.2714],[144.6588,13.284],[144.6514,13.3135],[144.6358,13.3407],[144.6354,13.3414],[144.6353,13.3586],[144.6537,13.3818],[144.6543,13.3825],[144.6631,13.4011],[144.6626,13.4023],[144.6584,13.4122],[144.6467,13.4125],[144.6197,13.4422]],[[144.8847,20.5517],[144.893,20.5573],[144.9037,20.5528],[144.9061,20.5428],[144.8954,20.5339],[144.8863,20.5399],[144.8847,20.5517]],[[145.1188,14.1248],[145.1611,14.1685],[145.203,14.1771],[145.2357,14.1983],[145.2541,14.1997],[145.2895,14.1909],[145.2843,14.1754],[145.2833,14.1607],[145.2699,14.1522],[145.2393,14.1497],[145.2303,14.1327],[145.2102,14.1161],[145.1699,14.1106],[145.1683,14.1144],[145.1627,14.1275],[145.1525,14.1306],[145.1365,14.1188],[145.1229,14.1175],[145.1228,14.1174],[145.1188,14.1248]],[[145.2072,20.0226],[145.2102,20.0303],[145.2194,20.0351],[145.23,20.0321],[145.2388,20.0205],[145.2281,20.0114],[145.2142,20.0107],[145.2072,20.0226]],[[145.3896,19.6969],[145.3988,19.7064],[145.4128,19.7034],[145.4181,19.6912],[145.4136,19.6816],[145.4035,19.6756],[145.3901,19.6824],[145.3896,19.6969]],[[145.5344,14.8456],[145.5443,14.8588],[145.5729,14.8665],[145.5786,14.86],[145.5769,14.8542],[145.5754,14.8492],[145.5628,14.8439],[145.5455,14.8404],[145.5344,14.8456]],[[145.582,15.0159],[145.5982,15.0549],[145.6266,15.0839],[145.6452,15.1012],[145.657,15.0841],[145.6573,15.0818],[145.661,15.0553],[145.6486,15.0339],[145.6487,15.0338],[145.6501,15.0325],[145.6683,15.0162],[145.6723,15.0004],[145.6656,14.9727],[145.6643,14.9475],[145.6453,14.9272],[145.6352,14.9227],[145.6285,14.9405],[145.6149,14.9647],[145.6124,14.9691],[145.6122,14.9694],[145.6067,14.9772],[145.5974,14.9901],[145.5972,14.9902],[145.5828,14.993],[145.582,15.0159]],[[145.633,16.351],[145.6335,16.368],[145.6448,16.3695],[145.6877,16.3683],[145.7035,16.3697],[145.7227,16.3601],[145.7243,16.3477],[145.7149,16.3382],[145.7027,16.3336],[145.6783,16.3339],[145.6465,16.3319],[145.633,16.351]],[[145.6363,18.7788],[145.6415,18.7948],[145.657,18.8128],[145.6799,18.8057],[145.6965,18.7885],[145.6995,18.7608],[145.6928,18.7449],[145.6856,18.7375],[145.6673,18.7251],[145.6405,18.7465],[145.6363,18.7788]],[[145.6895,15.1278],[145.7001,15.1542],[145.7019,15.1585],[145.7167,15.195],[145.7167,15.1951],[145.7158,15.2166],[145.7169,15.2173],[145.7473,15.2359],[145.7688,15.2491],[145.7717,15.2509],[145.8098,15.2886],[145.8191,15.2865],[145.8302,15.2714],[145.8264,15.2596],[145.8144,15.2564],[145.8094,15.2425],[145.799,15.2299],[145.7981,15.2287],[145.781,15.2074],[145.7817,15.1849],[145.7831,15.1831],[145.7942,15.1686],[145.7947,15.1595],[145.7925,15.1494],[145.7873,15.1474],[145.7775,15.1507],[145.7698,15.1557],[145.7622,15.1607],[145.7462,15.1533],[145.746,15.149],[145.7452,15.1322],[145.7541,15.1234],[145.757,15.1206],[145.7518,15.0999],[145.7451,15.0998],[145.7343,15.0997],[145.7114,15.1058],[145.707,15.107],[145.6925,15.1162],[145.6912,15.1212],[145.6895,15.1278]],[[145.7055,15.2439],[145.7112,15.2485],[145.717,15.2458],[145.7195,15.2386],[145.7126,15.2332],[145.7067,15.2364],[145.7055,15.2439]],[[145.71,18.0445],[145.7106,18.0688],[145.7189,18.0781],[145.7308,18.0892],[145.7439,18.1005],[145.7581,18.1136],[145.7555,18.1262],[145.7621,18.1376],[145.7552,18.1495],[145.7605,18.1648],[145.7741,18.1688],[145.7979,18.1651],[145.8065,18.1571],[145.8106,18.1357],[145.7983,18.1084],[145.7849,18.1092],[145.7677,18.0971],[145.7522,18.0756],[145.7463,18.0632],[145.7292,18.0498],[145.71,18.0445]],[[145.7674,16.7076],[145.7784,16.7205],[145.7902,16.7114],[145.7914,16.7011],[145.7843,16.6904],[145.7689,16.6966],[145.7674,16.7076]],[[145.815,17.604],[145.8224,17.618],[145.8349,17.6208],[145.8481,17.6087],[145.8515,17.5931],[145.8379,17.5791],[145.8268,17.5797],[145.8158,17.5918],[145.815,17.604]],[[145.8317,17.3065],[145.8327,17.3163],[145.8395,17.3213],[145.8477,17.319],[145.8556,17.3091],[145.8447,17.2966],[145.8317,17.3065]],[[146.0479,16.0135],[146.0543,16.0272],[146.0629,16.0274],[146.0683,16.0211],[146.0604,16.0059],[146.0518,16.0056],[146.0479,16.0135]],[[172.4617,52.9272],[172.6291,53.0013],[172.6433,53.005],[172.7466,53.0107],[173.1072,52.9932],[173.122,52.9904],[173.1315,52.9875],[173.1596,52.9742],[173.1724,52.9605],[173.2118,52.9395],[173.2353,52.9436],[173.2513,52.9444],[173.2954,52.927],[173.4217,52.8455],[173.4277,52.8308],[173.4238,52.8288],[173.413,52.8279],[173.3023,52.8233],[173.2844,52.8279],[173.2291,52.8562],[173.2241,52.8564],[173.2049,52.8489],[173.188,52.8315],[173.1735,52.8044],[173.1669,52.7952],[173.1427,52.7863],[173.1345,52.7844],[173.1186,52.7844],[172.9985,52.797],[172.9036,52.7617],[172.8094,52.7893],[172.7634,52.8237],[172.7674,52.8484],[172.7667,52.8627],[172.7542,52.8775],[172.6404,52.9254],[172.5851,52.9213],[172.5487,52.9143],[172.513,52.9052],[172.469,52.9113],[172.4617,52.9272]],[[173.3561,52.4056],[173.3801,52.4318],[173.4401,52.4537],[173.4457,52.455],[173.4677,52.4445],[173.4762,52.4419],[173.501,52.4409],[173.5252,52.4481],[173.5301,52.45],[173.55,52.4671],[173.5496,52.47],[173.5453,52.476],[173.5557,52.4795],[173.5876,52.4768],[173.6239,52.5069],[173.6806,52.5129],[173.7363,52.5124],[173.7695,52.5121],[173.7728,52.5099],[173.7724,52.5069],[173.755,52.4961],[173.7394,52.4933],[173.7077,52.4774],[173.6957,52.4589],[173.6916,52.4459],[173.6939,52.4387],[173.7023,52.4348],[173.7043,52.4322],[173.7123,52.421],[173.7192,52.3977],[173.7257,52.3566],[173.6513,52.3564],[173.6448,52.3576],[173.6408,52.3594],[173.6068,52.3782],[173.5954,52.3919],[173.5888,52.401],[173.5599,52.4012],[173.5438,52.3927],[173.5122,52.385],[173.4838,52.3835],[173.4654,52.3846],[173.4556,52.3897],[173.3955,52.4026],[173.3857,52.4041],[173.3569,52.4039],[173.3561,52.4056]],[[173.8617,52.7736],[173.8674,52.7751],[173.8814,52.775],[173.8975,52.7718],[173.9316,52.7586],[173.94,52.7519],[173.9329,52.7466],[173.9309,52.7502],[173.9253,52.7524],[173.8948,52.7508],[173.8756,52.7619],[173.8617,52.7736]],[[173.9528,52.7479],[173.9541,52.7514],[173.9834,52.7491],[174.0037,52.7443],[174.0217,52.7303],[174.0048,52.7199],[173.9726,52.7294],[173.9609,52.7381],[173.9528,52.7479]],[[174.0662,52.731],[174.0692,52.7349],[174.0921,52.7421],[174.0966,52.7435],[174.1331,52.7338],[174.1453,52.7286],[174.1558,52.7154],[174.1593,52.7074],[174.1581,52.7061],[174.1094,52.7086],[174.0718,52.7183],[174.0662,52.731]],[[175.8733,52.3611],[175.8744,52.371],[175.9067,52.3757],[175.9506,52.3684],[175.9665,52.3597],[175.9442,52.3364],[175.9113,52.3348],[175.9028,52.3368],[175.8907,52.3445],[175.8733,52.3611]],[[177.2004,51.8947],[177.2033,51.8966],[177.2339,51.9096],[177.2727,51.9201],[177.2913,51.9194],[177.3415,51.955],[177.3456,51.963],[177.4135,51.9797],[177.4837,51.9849],[177.4974,51.9933],[177.5034,52.0088],[177.5057,52.0164],[177.5053,52.0388],[177.5456,52.1011],[177.5634,52.122],[177.6027,52.1373],[177.6616,52.1127],[177.676,52.0922],[177.6673,52.0763],[177.6595,52.0694],[177.6536,52.0703],[177.6419,52.0683],[177.6326,52.0648],[177.6091,52.0285],[177.6016,52.0164],[177.5772,52.005],[177.5721,52.0018],[177.5382,51.9789],[177.5327,51.9701],[177.5396,51.9594],[177.5435,51.9562],[177.5718,51.9516],[177.5798,51.9508],[177.6075,51.9547],[177.6116,51.9508],[177.6106,51.9367],[177.6065,51.9251],[177.601,51.9223],[177.5605,51.9164],[177.4843,51.9234],[177.4095,51.9308],[177.3739,51.9198],[177.3488,51.9045],[177.3268,51.8736],[177.3272,51.871],[177.3342,51.8668],[177.334,51.8444],[177.3217,51.8285],[177.3118,51.826],[177.3033,51.8295],[177.294,51.8373],[177.296,51.8399],[177.2934,51.8456],[177.2734,51.8571],[177.2355,51.8733],[177.2124,51.8764],[177.204,51.8805],[177.2004,51.8947]],[[178.0946,52.0333],[178.1073,52.0457],[178.1176,52.0486],[178.1191,52.0517],[178.1417,52.051],[178.1758,52.0368],[178.18,52.0332],[178.191,52.0035],[178.1745,51.9917],[178.1325,51.987],[178.1059,51.9984],[178.1027,52.0039],[178.0946,52.0333]],[[178.2369,51.8282],[178.3056,51.8217],[178.3103,51.82],[178.3194,51.8157],[178.3322,51.809],[178.3356,51.807],[178.3723,51.7741],[178.3807,51.7639],[178.3546,51.7685],[178.3391,51.7715],[178.3357,51.7699],[178.3188,51.7723],[178.3086,51.7757],[178.3049,51.7774],[178.2462,51.8171],[178.2369,51.8282]],[[178.447,51.9782],[178.4634,51.9878],[178.4786,51.9875],[178.5526,51.974],[178.5706,51.9681],[178.5916,51.9527],[178.5902,51.9455],[178.5674,51.9259],[178.5394,51.9032],[178.5189,51.8998],[178.5025,51.8996],[178.4848,51.9099],[178.468,51.9316],[178.4547,51.9605],[178.447,51.9782]],[[178.6255,51.6373],[178.6455,51.6576],[178.664,51.6619],[178.6755,51.6591],[178.682,51.6499],[178.6899,51.6444],[178.738,51.6327],[178.7858,51.6334],[178.8041,51.635],[178.8649,51.6231],[178.9039,51.6149],[178.9191,51.6055],[178.9176,51.5949],[178.9188,51.5883],[178.9208,51.5861],[179.0029,51.5525],[179.0768,51.4985],[179.1014,51.4855],[179.1437,51.4694],[179.1645,51.4646],[179.1781,51.4648],[179.1911,51.4629],[179.218,51.4389],[179.2269,51.4239],[179.2303,51.4134],[179.2363,51.4096],[179.2639,51.4058],[179.335,51.4049],[179.3862,51.4044],[179.4008,51.4006],[179.4628,51.3762],[179.4676,51.3716],[179.4502,51.3651],[179.3995,51.3594],[179.3899,51.361],[179.3847,51.3642],[179.3668,51.3718],[179.2616,51.3577],[179.2205,51.3767],[179.2182,51.3874],[179.2065,51.3933],[179.0975,51.4406],[179.0604,51.4549],[179.0345,51.4785],[179.0135,51.4973],[178.969,51.5312],[178.9516,51.542],[178.8436,51.5786],[178.8318,51.5805],[178.7952,51.5754],[178.7851,51.5719],[178.7678,51.5761],[178.706,51.5932],[178.634,51.624],[178.6316,51.6258],[178.6255,51.6373]],[[179.4756,51.9375],[179.4825,51.9828],[179.4866,51.984],[179.5267,51.9812],[179.5469,51.9914],[179.571,52.0111],[179.6095,52.0223],[179.6368,52.0257],[179.6633,52.0229],[179.7739,51.9707],[179.7785,51.9622],[179.7673,51.9476],[179.7554,51.9358],[179.743,51.9117],[179.6559,51.8762],[179.6391,51.8719],[179.6144,51.8718],[179.5219,51.8968],[179.4846,51.9213],[179.4756,51.9375]]]]}}]}
